Stock Name,Ticker,Trendlyne ID,Research Report URL,MarketCap,Industry Name,Sector Name,BSE Ticker
Ai Champdany Industries Ltd,AICHAMP,47,https://trendlyne.com/research-reports/stock/47/AICHAMP/,3.91E+16,,,
Reliance Industries Ltd,RELIANCE,1127,https://trendlyne.com/research-reports/stock/1127/RELIANCE/,1.83E+13,,,
Hdfc Bank Ltd,HDFCBANK,533,https://trendlyne.com/research-reports/stock/533/HDFCBANK/,1.16E+13,,,
Bharti Airtel Ltd,BHARTIARTL,187,https://trendlyne.com/research-reports/stock/187/BHARTIARTL/,1.04E+13,Telecom Services,Telecom Services,532454
State Bank Of India,SBIN,1193,https://trendlyne.com/research-reports/stock/1193/SBIN/,9.40E+12,,,
Tata Consultancy Services Ltd,TCS,1372,https://trendlyne.com/research-reports/stock/1372/TCS/,8.87E+12,IT Consulting & Software,Software & Services,532540
Icici Bank Ltd,ICICIBANK,584,https://trendlyne.com/research-reports/stock/584/ICICIBANK/,8.71E+12,Banks,Banking and Finance,532174
Infosys Ltd,INFY,630,https://trendlyne.com/research-reports/stock/630/INFY/,5.26E+12,,,
Bajaj Finance Ltd,BAJFINANCE,150,https://trendlyne.com/research-reports/stock/150/BAJFINANCE/,5.14E+12,,,
Larsen Toubro Ltd,LT,800,https://trendlyne.com/research-reports/stock/800/LT/,4.97E+12,,,
Hindustan Unilever Ltd,HINDUNILVR,560,https://trendlyne.com/research-reports/stock/560/HINDUNILVR/,4.85E+12,,,
Life Insurance Corporation Of India,LICI,829878,https://trendlyne.com/research-reports/stock/829878/LICI/,4.65E+12,Life Insurance,Banking and Finance,543526
Sun Pharmaceutical Industries Ltd,SUNPHARMA,1316,https://trendlyne.com/research-reports/stock/1316/SUNPHARMA/,4.06E+12,Pharmaceuticals,Pharmaceuticals & Biotechnology,524715
Maruti Suzuki India Ltd,MARUTI,842,https://trendlyne.com/research-reports/stock/842/MARUTI/,3.97E+12,Cars & Utility Vehicles,Automobiles & Auto Components,532500
Hcl Technologies Ltd,HCLTECH,531,https://trendlyne.com/research-reports/stock/531/HCLTECH/,3.81E+12,IT Consulting & Software,Software & Services,532281
Axis Bank Ltd,AXISBANK,140,https://trendlyne.com/research-reports/stock/140/AXISBANK/,3.72E+12,Banks,Banking and Finance,532215
Itc Ltd,ITC,647,https://trendlyne.com/research-reports/stock/647/ITC/,3.67E+12,,,
Titan Company Ltd,TITAN,1403,https://trendlyne.com/research-reports/stock/1403/TITAN/,3.63E+12,,,
Oil And Natural Gas Corporation Ltd,ONGC,974,https://trendlyne.com/research-reports/stock/974/ONGC/,3.61E+12,,,
Kotak Mahindra Bank Ltd,KOTAKBANK,758,https://trendlyne.com/research-reports/stock/758/KOTAKBANK/,3.56E+12,,,
Ntpc Ltd,NTPC,959,https://trendlyne.com/research-reports/stock/959/NTPC/,3.49E+12,Power - Electric Utilities,Utilities,532555
Ultratech Cement Ltd,ULTRACEMCO,1443,https://trendlyne.com/research-reports/stock/1443/ULTRACEMCO/,3.13E+12,Cement & Cement Products,Cement and Construction,532538
Adani Power Ltd,ADANIPOWER,28,https://trendlyne.com/research-reports/stock/28/ADANIPOWER/,3.08E+12,Power - Electric Utilities,Utilities,533096
Bharat Electronics Ltd,BEL,175,https://trendlyne.com/research-reports/stock/175/BEL/,3.08E+12,,,
Adani Ports Special Economic Zone Ltd,ADANIPORTS,27,https://trendlyne.com/research-reports/stock/27/ADANIPORTS/,2.98E+12,Marine Port & Services,Transportation,532921
Avenue Supermarts Ltd,DMART,53208,https://trendlyne.com/research-reports/stock/53208/DMART/,2.84E+12,Department Stores,Retailing,540376
Jsw Steel Ltd,JSWSTEEL,699,https://trendlyne.com/research-reports/stock/699/JSWSTEEL/,2.79E+12,,,
Coal India Ltd,COALINDIA,275,https://trendlyne.com/research-reports/stock/275/COALINDIA/,2.77E+12,Coal & Mining,Metals & Mining,533278
Power Grid Corporation Of India Ltd,POWERGRID,1057,https://trendlyne.com/research-reports/stock/1057/POWERGRID/,2.70E+12,Power - Electric Utilities,Utilities,532898
Vedanta Ltd,VEDL,1289,https://trendlyne.com/research-reports/stock/1289/VEDL/,2.69E+12,,,
Bajaj Finserv Ltd,BAJAJFINSV,147,https://trendlyne.com/research-reports/stock/147/BAJAJFINSV/,2.63E+12,Holding Companies,Diversified,532978
Adani Enterprises Ltd,ADANIENT,26,https://trendlyne.com/research-reports/stock/26/ADANIENT/,2.50E+12,,,
Hindustan Aeronautics Ltd,HAL,80502,https://trendlyne.com/research-reports/stock/80502/HAL/,2.47E+12,Aerospace & Defence,General Industrials,541154
Bajaj Auto Ltd,BAJAJ-AUTO,144,https://trendlyne.com/research-reports/stock/144/BAJAJ-AUTO/,2.45E+12,2/3 Wheelers,Automobiles & Auto Components,532977
Tata Steel Ltd,TATASTEEL,1366,https://trendlyne.com/research-reports/stock/1366/TATASTEEL/,2.42E+12,,,
Nestle India Ltd,NESTLEIND,930,https://trendlyne.com/research-reports/stock/930/NESTLEIND/,2.30E+12,,,
Eternal Ltd,ETERNAL,589490,https://trendlyne.com/research-reports/stock/589490/ETERNAL/,2.24E+12,Internet & Catalogue Retail,Retailing,543320
Hindustan Zinc Ltd,HINDZINC,561,https://trendlyne.com/research-reports/stock/561/HINDZINC/,2.18E+12,,,
Asian Paints Ltd,ASIANPAINT,117,https://trendlyne.com/research-reports/stock/117/ASIANPAINT/,2.08E+12,,,
Hindalco Industries Ltd,HINDALCO,549,https://trendlyne.com/research-reports/stock/549/HINDALCO/,2.05E+12,,,
Wipro Ltd,WIPRO,1526,https://trendlyne.com/research-reports/stock/1526/WIPRO/,2.04E+12,,,
Indian Oil Corporation Ltd,IOC,639,https://trendlyne.com/research-reports/stock/639/IOC/,1.89E+12,Oil Marketing & Distribution,Oil & Gas,530965
Eicher Motors Ltd,EICHERMOT,360,https://trendlyne.com/research-reports/stock/360/EICHERMOT/,1.82E+12,,,
Sbi Life Insurance Company Ltd,SBILIFE,60957,https://trendlyne.com/research-reports/stock/60957/SBILIFE/,1.78E+12,Life Insurance,Banking and Finance,540719
Grasim Industries Ltd,GRASIM,490,https://trendlyne.com/research-reports/stock/490/GRASIM/,1.74E+12,,,
Shriram Finance Ltd,SHRIRAMFIN,1288,https://trendlyne.com/research-reports/stock/1288/SHRIRAMFIN/,1.68E+12,,,
Interglobe Aviation Ltd,INDIGO,1784,https://trendlyne.com/research-reports/stock/1784/INDIGO/,1.62E+12,Airlines,Transportation,539448
Amarjothi Spinning Mills Ltd,AMARJOTHI,69,https://trendlyne.com/research-reports/stock/69/AMARJOTHI/,0,,,
Tvs Motor Company Ltd,TVSMOTOR,1430,https://trendlyne.com/research-reports/stock/1430/TVSMOTOR/,1.61E+12,2/3 Wheelers,Automobiles & Auto Components,532343
Divi S Laboratories Ltd,DIVISLAB,336,https://trendlyne.com/research-reports/stock/336/DIVISLAB/,1.55E+12,Pharmaceuticals,Pharmaceuticals & Biotechnology,532488
Jio Financial Services Ltd,JIOFIN,1564869,https://trendlyne.com/research-reports/stock/1564869/JIOFIN/,1.46E+12,Finance (including NBFCs),Banking and Finance,543940
Tata Motors Ltd,TMCV,3327757,https://trendlyne.com/research-reports/stock/3327757/TMCV/,1.43E+12,Commercial Vehicles,Automobiles & Auto Components,544569
Advance Metering Technology Ltd,AMTL,77,https://trendlyne.com/research-reports/stock/77/AMTL/,0,,,
Tech Mahindra Ltd,TECHM,1374,https://trendlyne.com/research-reports/stock/1374/TECHM/,1.41E+12,IT Consulting & Software,Software & Services,532755
Adani Green Energy Ltd,ADANIGREEN,93115,https://trendlyne.com/research-reports/stock/93115/ADANIGREEN/,1.41E+12,Green & Renewable Energy,Utilities,541450
Icici Prudential Asset Management Company Ltd,ICICIAMC,3356197,https://trendlyne.com/research-reports/stock/3356197/ICICIAMC/,1.41E+12,Asset Management Cos.,Banking and Finance,544658
Hyundai Motor India Ltd,HYUNDAI,2710663,https://trendlyne.com/research-reports/stock/2710663/HYUNDAI/,1.39E+12,Cars & Utility Vehicles,Automobiles & Auto Components,544274
Varun Beverages Ltd,VBL,4813,https://trendlyne.com/research-reports/stock/4813/VBL/,1.37E+12,Other Food & Beverages,"Food, Beverages & Tobacco",540180
Torrent Pharmaceuticals Ltd,TORNTPHARM,1409,https://trendlyne.com/research-reports/stock/1409/TORNTPHARM/,1.35E+12,,,
Ansal Housing Ltd,ANSALHSG,86,https://trendlyne.com/research-reports/stock/86/ANSALHSG/,0,,,
Power Finance Corporation Ltd,PFC,1026,https://trendlyne.com/research-reports/stock/1026/PFC/,1.33E+12,Financial Institutions,Banking and Finance,532810
Union Bank Of India,UNIONBANK,1447,https://trendlyne.com/research-reports/stock/1447/UNIONBANK/,1.31E+12,Banks,Banking and Finance,532477
Britannia Industries Ltd,BRITANNIA,220,https://trendlyne.com/research-reports/stock/220/BRITANNIA/,1.31E+12,,,
Aplab Ltd,APLAB,90,https://trendlyne.com/research-reports/stock/90/APLAB/,0,,,
Tata Capital Ltd,TATACAP,3279131,https://trendlyne.com/research-reports/stock/3279131/TATACAP/,1.31E+12,Finance (including NBFCs),Banking and Finance,544574
Abb India Ltd,ABB,17,https://trendlyne.com/research-reports/stock/17/ABB/,1.30E+12,,,
Pidilite Industries Ltd,PIDILITIND,1037,https://trendlyne.com/research-reports/stock/1037/PIDILITIND/,1.30E+12,,,
Dlf Ltd,DLF,337,https://trendlyne.com/research-reports/stock/337/DLF/,1.29E+12,Realty,Realty,532868
Bank Of Baroda,BANKBARODA,162,https://trendlyne.com/research-reports/stock/162/BANKBARODA/,1.29E+12,Banks,Banking and Finance,532134
Cummins India Ltd,CUMMINSIND,297,https://trendlyne.com/research-reports/stock/297/CUMMINSIND/,1.29E+12,,,
Muthoot Finance Ltd,MUTHOOTFIN,897,https://trendlyne.com/research-reports/stock/897/MUTHOOTFIN/,1.28E+12,Finance (including NBFCs),Banking and Finance,533398
Ltimindtree Ltd,LTM,4596,https://trendlyne.com/research-reports/stock/4596/LTM/,1.28E+12,IT Consulting & Software,Software & Services,540005
Arihant Foundations Housing Ltd,531381,100,https://trendlyne.com/research-reports/stock/100/531381/,0,,,
Trent Ltd,TRENT,1412,https://trendlyne.com/research-reports/stock/1412/TRENT/,1.26E+12,,,
Tata Power Company Ltd,TATAPOWER,1364,https://trendlyne.com/research-reports/stock/1364/TATAPOWER/,1.23E+12,,,
Hdfc Life Insurance Company Ltd,HDFCLIFE,65394,https://trendlyne.com/research-reports/stock/65394/HDFCLIFE/,1.22E+12,Life Insurance,Banking and Finance,540777
Bharat Petroleum Corporation Ltd,BPCL,215,https://trendlyne.com/research-reports/stock/215/BPCL/,1.21E+12,,,
Punjab National Bank,PNB,1048,https://trendlyne.com/research-reports/stock/1048/PNB/,1.20E+12,Banks,Banking and Finance,532461
Indian Railway Finance Corporation Ltd,IRFC,402503,https://trendlyne.com/research-reports/stock/402503/IRFC/,1.20E+12,Financial Institutions,Banking and Finance,543257
Solar Industries India Ltd,SOLARINDS,1263,https://trendlyne.com/research-reports/stock/1263/SOLARINDS/,1.19E+12,Other Industrial Products,General Industrials,532725
Indian Bank,INDIANB,609,https://trendlyne.com/research-reports/stock/609/INDIANB/,1.17E+12,Banks,Banking and Finance,532814
Jindal Steel Ltd,JINDALSTEL,677,https://trendlyne.com/research-reports/stock/677/JINDALSTEL/,1.16E+12,Iron & Steel/Interm.Products,Metals & Mining,532286
Cholamandalam Investment Finance Company Ltd,CHOLAFIN,262,https://trendlyne.com/research-reports/stock/262/CHOLAFIN/,1.16E+12,,,
Canara Bank,CANBK,232,https://trendlyne.com/research-reports/stock/232/CANBK/,1.15E+12,Banks,Banking and Finance,532483
Adani Energy Solutions Ltd,ADANIENSOL,1759,https://trendlyne.com/research-reports/stock/1759/ADANIENSOL/,1.13E+12,Power - Electric Utilities,Utilities,539254
Hitachi Energy India Ltd,POWERINDIA,202203,https://trendlyne.com/research-reports/stock/202203/POWERINDIA/,1.13E+12,Heavy Electrical Equipment,General Industrials,543187
Samvardhana Motherson International Ltd,MOTHERSON,878,https://trendlyne.com/research-reports/stock/878/MOTHERSON/,1.13E+12,,,
Indus Towers Ltd,INDUSTOWER,629,https://trendlyne.com/research-reports/stock/629/INDUSTOWER/,1.12E+12,Other Telecom Services,Telecom Services,534816
Tata Motors Passenger Vehicles Ltd,TMPV,1362,https://trendlyne.com/research-reports/stock/1362/TMPV/,1.12E+12,,,
Siemens Ltd,SIEMENS,1237,https://trendlyne.com/research-reports/stock/1237/SIEMENS/,1.08E+12,,,
Cg Power And Industrial Solutions Ltd,CGPOWER,293,https://trendlyne.com/research-reports/stock/293/CGPOWER/,1.07E+12,,,
Apollo Hospitals Enterprise Ltd,APOLLOHOSP,93,https://trendlyne.com/research-reports/stock/93/APOLLOHOSP/,1.05E+12,,,
Lupin Ltd,LUPIN,804,https://trendlyne.com/research-reports/stock/804/LUPIN/,1.04E+12,,,
Polycab India Ltd,POLYCAB,139599,https://trendlyne.com/research-reports/stock/139599/POLYCAB/,1.04E+12,Wires & Cables,Consumer Durables,542652
Ambuja Cements Ltd,AMBUJACEM,71,https://trendlyne.com/research-reports/stock/71/AMBUJACEM/,1.03E+12,,,
Billionbrains Garage Ventures Ltd,GROWW,3313690,https://trendlyne.com/research-reports/stock/3313690/GROWW/,1.03E+12,Capital Markets,Banking and Finance,544603
Tata Consumer Products Ltd,TATACONSUM,1359,https://trendlyne.com/research-reports/stock/1359/TATACONSUM/,1.03E+12,,,
Godrej Consumer Products Ltd,GODREJCP,476,https://trendlyne.com/research-reports/stock/476/GODREJCP/,1.02E+12,Personal Products,FMCG,532424
Dr Reddy S Laboratories Ltd,DRREDDY,346,https://trendlyne.com/research-reports/stock/346/DRREDDY/,1.01E+12,,,
Hdfc Asset Management Company Ltd,HDFCAMC,94155,https://trendlyne.com/research-reports/stock/94155/HDFCAMC/,1.01E+12,Asset Management Cos.,Banking and Finance,541729
Hero Motocorp Ltd,HEROMOTOCO,540,https://trendlyne.com/research-reports/stock/540/HEROMOTOCO/,1.00E+12,,,
Bajaj Holdings Investment Ltd,BAJAJHLDNG,149,https://trendlyne.com/research-reports/stock/149/BAJAJHLDNG/,1.00E+12,,,
Marico Ltd,MARICO,840,https://trendlyne.com/research-reports/stock/840/MARICO/,9.88E+11,Personal Products,FMCG,531642
Ge Vernova T D India Ltd,GVT&D,67,https://trendlyne.com/research-reports/stock/67/GVT&D/,9.79E+11,Industrial Machinery,General Industrials,522275
Cipla Ltd,CIPLA,268,https://trendlyne.com/research-reports/stock/268/CIPLA/,9.63E+11,,,
Bosch Ltd,BOSCHLTD,214,https://trendlyne.com/research-reports/stock/214/BOSCHLTD/,9.48E+11,,,
Gmr Airports Ltd,GMRAIRPORT,472,https://trendlyne.com/research-reports/stock/472/GMRAIRPORT/,9.38E+11,Construction & Engineering,Cement and Construction,532754
Gail India Ltd,GAIL,431,https://trendlyne.com/research-reports/stock/431/GAIL/,9.32E+11,Utilities:Non-Electrical,Utilities,532155
Siemens Energy India Ltd,ENRIN,3145560,https://trendlyne.com/research-reports/stock/3145560/ENRIN/,9.30E+11,Green & Renewable Energy,Utilities,544390
Vodafone Idea Ltd,IDEA,589,https://trendlyne.com/research-reports/stock/589/IDEA/,9.30E+11,Telecom Services,Telecom Services,532822
Max Healthcare Institute Ltd,MAXHEALTH,276825,https://trendlyne.com/research-reports/stock/276825/MAXHEALTH/,9.19E+11,Healthcare Facilities,Healthcare,543220
Mazagon Dock Shipbuilders Ltd,MAZDOCK,305195,https://trendlyne.com/research-reports/stock/305195/MAZDOCK/,9.13E+11,Aerospace & Defence,General Industrials,543237
Lg Electronics India Ltd,LGEINDIA,3280897,https://trendlyne.com/research-reports/stock/3280897/LGEINDIA/,8.95E+11,Consumer Electronics,Consumer Durables,544576
United Spirits Ltd,UNITDSPR,851,https://trendlyne.com/research-reports/stock/851/UNITDSPR/,8.88E+11,Breweries & Distilleries,"Food, Beverages & Tobacco",532432
Waaree Energies Ltd,WAAREEENER,2723026,https://trendlyne.com/research-reports/stock/2723026/WAAREEENER/,8.83E+11,Other Electrical Equipment/Products,Consumer Durables,544277
Ashok Leyland Ltd,ASHOKLEY,114,https://trendlyne.com/research-reports/stock/114/ASHOKLEY/,8.72E+11,,,
Zydus Lifesciences Ltd,ZYDUSLIFE,229,https://trendlyne.com/research-reports/stock/229/ZYDUSLIFE/,8.70E+11,Pharmaceuticals,Pharmaceuticals & Biotechnology,532321
Bharat Heavy Electricals Ltd,BHEL,189,https://trendlyne.com/research-reports/stock/189/BHEL/,8.64E+11,,,
Jsw Energy Ltd,JSWENERGY,697,https://trendlyne.com/research-reports/stock/697/JSWENERGY/,8.63E+11,Power - Electric Utilities,Utilities,533148
Rec Ltd,RECLTD,1119,https://trendlyne.com/research-reports/stock/1119/RECLTD/,8.55E+11,Financial Institutions,Banking and Finance,532955
Lenskart Solutions Ltd,LENSKART,3309492,https://trendlyne.com/research-reports/stock/3309492/LENSKART/,8.42E+11,Other Apparels & Accessories,Textiles Apparels & Accessories,544600
Icici Lombard General Insurance Company Ltd,ICICIGI,61147,https://trendlyne.com/research-reports/stock/61147/ICICIGI/,8.42E+11,General Insurance,Banking and Finance,540716
Shree Cements Ltd,SHREECEM,1226,https://trendlyne.com/research-reports/stock/1226/SHREECEM/,8.34E+11,,,
Indian Hotels Company Ltd,INDHOTEL,606,https://trendlyne.com/research-reports/stock/606/INDHOTEL/,8.30E+11,,,
Mankind Pharma Ltd,MANKIND,1436676,https://trendlyne.com/research-reports/stock/1436676/MANKIND/,8.25E+11,Pharmaceuticals,Pharmaceuticals & Biotechnology,543904
Ntpc Green Energy Ltd,NTPCGREEN,2789016,https://trendlyne.com/research-reports/stock/2789016/NTPCGREEN/,8.19E+11,Green & Renewable Energy,Utilities,544289
Persistent Systems Ltd,PERSISTENT,1023,https://trendlyne.com/research-reports/stock/1023/PERSISTENT/,8.18E+11,IT Consulting & Software,Software & Services,533179
Bharat Forge Ltd,BHARATFORG,184,https://trendlyne.com/research-reports/stock/184/BHARATFORG/,7.85E+11,,,
Aditya Birla Capital Ltd,ABCAPITAL,61684,https://trendlyne.com/research-reports/stock/61684/ABCAPITAL/,7.81E+11,Holding Companies,Diversified,540691
Oil India Ltd,OIL,965,https://trendlyne.com/research-reports/stock/965/OIL/,7.81E+11,Exploration & Production,Oil & Gas,533106
Aurobindo Pharma Ltd,AUROPHARMA,132,https://trendlyne.com/research-reports/stock/132/AUROPHARMA/,7.75E+11,Pharmaceuticals,Pharmaceuticals & Biotechnology,524804
Swiggy Ltd,SWIGGY,2755533,https://trendlyne.com/research-reports/stock/2755533/SWIGGY/,7.60E+11,Internet & Catalogue Retail,Retailing,544285
Nhpc Ltd,NHPC,938,https://trendlyne.com/research-reports/stock/938/NHPC/,7.57E+11,Green & Renewable Energy,Utilities,533098
Bharti Hexacom Ltd,BHARTIHEXA,2170198,https://trendlyne.com/research-reports/stock/2170198/BHARTIHEXA/,7.53E+11,Other Telecom Services,Telecom Services,544162
Idbi Bank Ltd,IDBI,588,https://trendlyne.com/research-reports/stock/588/IDBI/,7.48E+11,,,
Havells India Ltd,HAVELLS,525,https://trendlyne.com/research-reports/stock/525/HAVELLS/,7.41E+11,,,
Dabur India Ltd,DABUR,303,https://trendlyne.com/research-reports/stock/303/DABUR/,7.40E+11,,,
National Aluminium Company Ltd,NATIONALUM,911,https://trendlyne.com/research-reports/stock/911/NATIONALUM/,7.38E+11,Aluminium and Aluminium Products,Metals & Mining,532234
Icici Prudential Life Insurance Company Ltd,ICICIPRULI,4714,https://trendlyne.com/research-reports/stock/4714/ICICIPRULI/,7.30E+11,Life Insurance,Banking and Finance,540133
Srf Ltd,SRF,1283,https://trendlyne.com/research-reports/stock/1283/SRF/,7.16E+11,,,
Fsn E Commerce Ventures Ltd,NYKAA,705188,https://trendlyne.com/research-reports/stock/705188/NYKAA/,7.04E+11,Internet & Catalogue Retail,Retailing,543384
Lodha Developers Ltd,LODHA,460813,https://trendlyne.com/research-reports/stock/460813/LODHA/,6.95E+11,Realty,Realty,543287
Hindustan Petroleum Corporation Ltd,HINDPETRO,556,https://trendlyne.com/research-reports/stock/556/HINDPETRO/,6.94E+11,,,
Nmdc Ltd,NMDC,949,https://trendlyne.com/research-reports/stock/949/NMDC/,6.86E+11,Coal & Mining,Metals & Mining,526371
Torrent Power Ltd,TORNTPOWER,1410,https://trendlyne.com/research-reports/stock/1410/TORNTPOWER/,6.71E+11,Power - Electric Utilities,Utilities,532779
Meesho Ltd,MEESHO,3346816,https://trendlyne.com/research-reports/stock/3346816/MEESHO/,6.69E+11,Internet & Catalogue Retail,Retailing,544632
General Insurance Corporation Of India,GICRE,63527,https://trendlyne.com/research-reports/stock/63527/GICRE/,6.64E+11,General Insurance,Banking and Finance,540755
Pb Fintech Ltd,POLICYBZR,710819,https://trendlyne.com/research-reports/stock/710819/POLICYBZR/,6.60E+11,Internet Software & Services,Software & Services,543390
Federal Bank Ltd,FEDERALBNK,412,https://trendlyne.com/research-reports/stock/412/FEDERALBNK/,6.54E+11,,,
Bajaj Housing Finance Ltd,BAJAJHFL,2607004,https://trendlyne.com/research-reports/stock/2607004/BAJAJHFL/,6.50E+11,Housing Finance,Banking and Finance,544252
Au Small Finance Bank Ltd,AUBANK,54902,https://trendlyne.com/research-reports/stock/54902/AUBANK/,6.50E+11,Microfinance Institutions,Banking and Finance,540611
Bimetal Bearings Ltd,BIMETAL,194,https://trendlyne.com/research-reports/stock/194/BIMETAL/,0,,,
Info Edge India Ltd,NAUKRI,913,https://trendlyne.com/research-reports/stock/913/NAUKRI/,6.44E+11,Internet & Catalogue Retail,Retailing,532777
One97 Communications Ltd,PAYTM,712312,https://trendlyne.com/research-reports/stock/712312/PAYTM/,6.44E+11,Internet Software & Services,Software & Services,543396
Steel Authority Of India Sail Ltd,SAIL,1165,https://trendlyne.com/research-reports/stock/1165/SAIL/,6.41E+11,,,
Bank Of India,BANKINDIA,163,https://trendlyne.com/research-reports/stock/163/BANKINDIA/,6.34E+11,Banks,Banking and Finance,532149
Indian Overseas Bank,IOB,638,https://trendlyne.com/research-reports/stock/638/IOB/,6.31E+11,Banks,Banking and Finance,532388
Alkem Laboratories Ltd,ALKEM,1878,https://trendlyne.com/research-reports/stock/1878/ALKEM/,6.29E+11,Pharmaceuticals,Pharmaceuticals & Biotechnology,539523
Multi Commodity Exchange Of India Ltd,MCX,853,https://trendlyne.com/research-reports/stock/853/MCX/,6.23E+11,Capital Markets,Banking and Finance,534091
Linde India Ltd,LINDEINDIA,791,https://trendlyne.com/research-reports/stock/791/LINDEINDIA/,6.22E+11,Industrial Gases,General Industrials,523457
Oracle Financial Services Software Ltd,OFSS,964,https://trendlyne.com/research-reports/stock/964/OFSS/,6.09E+11,IT Consulting & Software,Software & Services,532466
Sbi Cards And Payment Services Ltd,SBICARD,188792,https://trendlyne.com/research-reports/stock/188792/SBICARD/,6.07E+11,Finance (including NBFCs),Banking and Finance,543066
Indusind Bank Ltd,INDUSINDBK,625,https://trendlyne.com/research-reports/stock/625/INDUSINDBK/,6.07E+11,Banks,Banking and Finance,532187
Dixon Technologies India Ltd,DIXON,60393,https://trendlyne.com/research-reports/stock/60393/DIXON/,6.03E+11,Consumer Electronics,Consumer Durables,540699
L T Finance Ltd,LTF,777,https://trendlyne.com/research-reports/stock/777/LTF/,6.02E+11,Finance (including NBFCs),Banking and Finance,533519
Fortis Healthcare Ltd,FORTIS,424,https://trendlyne.com/research-reports/stock/424/FORTIS/,5.95E+11,Healthcare Facilities,Healthcare,532843
Bodhtree Consulting Ltd,BODHTREE,212,https://trendlyne.com/research-reports/stock/212/BODHTREE/,0,,,
Uno Minda Ltd,UNOMINDA,864,https://trendlyne.com/research-reports/stock/864/UNOMINDA/,5.92E+11,Auto Parts & Equipment,Automobiles & Auto Components,532539
Jindal Stainless Ltd,JSL,696,https://trendlyne.com/research-reports/stock/696/JSL/,5.92E+11,Iron & Steel/Interm.Products,Metals & Mining,532508
Glenmark Pharmaceuticals Ltd,GLENMARK,464,https://trendlyne.com/research-reports/stock/464/GLENMARK/,5.90E+11,Pharmaceuticals,Pharmaceuticals & Biotechnology,532296
Schaeffler India Ltd,SCHAEFFLER,406,https://trendlyne.com/research-reports/stock/406/SCHAEFFLER/,5.88E+11,,,
Adani Total Gas Ltd,ATGL,114071,https://trendlyne.com/research-reports/stock/114071/ATGL/,5.72E+11,Utilities:Non-Electrical,Utilities,542066
Biocon Ltd,BIOCON,197,https://trendlyne.com/research-reports/stock/197/BIOCON/,5.71E+11,Biotechnology,Pharmaceuticals & Biotechnology,532523
Laurus Labs Ltd,LAURUSLABS,4984,https://trendlyne.com/research-reports/stock/4984/LAURUSLABS/,5.63E+11,Pharmaceuticals,Pharmaceuticals & Biotechnology,540222
Bsel Algo Ltd,BSELINFRA,223,https://trendlyne.com/research-reports/stock/223/BSELINFRA/,0,,,
Yes Bank Ltd,YESBANK,1535,https://trendlyne.com/research-reports/stock/1535/YESBANK/,5.61E+11,Banks,Banking and Finance,532648
Abbott India Ltd,ABBOTINDIA,18,https://trendlyne.com/research-reports/stock/18/ABBOTINDIA/,5.59E+11,,,
Suzlon Energy Ltd,SUZLON,1337,https://trendlyne.com/research-reports/stock/1337/SUZLON/,5.59E+11,Heavy Electrical Equipment,General Industrials,532667
Coromandel International Ltd,COROMANDEL,284,https://trendlyne.com/research-reports/stock/284/COROMANDEL/,5.54E+11,,,
Oberoi Realty Ltd,OBEROIRLTY,962,https://trendlyne.com/research-reports/stock/962/OBEROIRLTY/,5.48E+11,Realty,Realty,533273
Phoenix Mills Ltd,PHOENIXLTD,1036,https://trendlyne.com/research-reports/stock/1036/PHOENIXLTD/,5.45E+11,,,
Rail Vikas Nigam Ltd,RVNL,139596,https://trendlyne.com/research-reports/stock/139596/RVNL/,5.43E+11,Construction & Engineering,Cement and Construction,542649
Mrf Ltd,MRF,883,https://trendlyne.com/research-reports/stock/883/MRF/,5.36E+11,,,
Nippon Life India Asset Management Ltd,NAM-INDIA,64356,https://trendlyne.com/research-reports/stock/64356/NAM-INDIA/,5.30E+11,Asset Management Cos.,Banking and Finance,540767
Apl Apollo Tubes Ltd,APLAPOLLO,91,https://trendlyne.com/research-reports/stock/91/APLAPOLLO/,5.27E+11,Iron & Steel Products,Metals & Mining,533758
Idfc First Bank Ltd,IDFCFIRSTB,1786,https://trendlyne.com/research-reports/stock/1786/IDFCFIRSTB/,5.18E+11,Banks,Banking and Finance,539437
Patanjali Foods Ltd,PATANJALI,1157,https://trendlyne.com/research-reports/stock/1157/PATANJALI/,5.09E+11,,,
Jsw Infrastructure Ltd,JSWINFRA,1698179,https://trendlyne.com/research-reports/stock/1698179/JSWINFRA/,5.07E+11,Marine Port & Services,Transportation,543994
Max Financial Services Ltd,MFSL,845,https://trendlyne.com/research-reports/stock/845/MFSL/,5.06E+11,,,
Sundaram Finance Ltd,SUNDARMFIN,1311,https://trendlyne.com/research-reports/stock/1311/SUNDARMFIN/,5.04E+11,Finance (including NBFCs),Banking and Finance,590071
Vishal Mega Mart Ltd,VMM,2839786,https://trendlyne.com/research-reports/stock/2839786/VMM/,5.04E+11,Department Stores,Retailing,544307
Upl Ltd,UPL,1455,https://trendlyne.com/research-reports/stock/1455/UPL/,5.01E+11,,,
Knowledge Realty Trust,KRT,3203669,https://trendlyne.com/research-reports/stock/3203669/KRT/,5.01E+11,REITs-InvITs,Realty,544481
The Fertilisers And Chemicals Travancore Ltd,FACT,405,https://trendlyne.com/research-reports/stock/405/FACT/,5.01E+11,Fertilizers,Fertilizers,590024
Colgate Palmolive India Ltd,COLPAL,276,https://trendlyne.com/research-reports/stock/276/COLPAL/,4.98E+11,,,
Tube Investments Of India Ltd,TIINDIA,67548,https://trendlyne.com/research-reports/stock/67548/TIINDIA/,4.97E+11,Auto Parts & Equipment,Automobiles & Auto Components,540762
Prestige Estates Projects Ltd,PRESTIGE,1071,https://trendlyne.com/research-reports/stock/1071/PRESTIGE/,4.96E+11,Realty,Realty,533274
Berger Paints India Ltd,BERGEPAINT,178,https://trendlyne.com/research-reports/stock/178/BERGEPAINT/,4.94E+11,,,
Bank Of Maharashtra,MAHABANK,815,https://trendlyne.com/research-reports/stock/815/MAHABANK/,4.91E+11,Banks,Banking and Finance,532525
Hdb Financial Services Ltd,HDBFS,3147463,https://trendlyne.com/research-reports/stock/3147463/HDBFS/,4.80E+11,Finance (including NBFCs),Banking and Finance,544429
Hindustan Copper Ltd,HINDCOPPER,551,https://trendlyne.com/research-reports/stock/551/HINDCOPPER/,4.79E+11,,,
Supreme Industries Ltd,SUPREMEIND,1324,https://trendlyne.com/research-reports/stock/1324/SUPREMEIND/,4.63E+11,,,
Godrej Properties Ltd,GODREJPROP,478,https://trendlyne.com/research-reports/stock/478/GODREJPROP/,4.54E+11,Realty,Realty,533150
Bharat Dynamics Ltd,BDL,80210,https://trendlyne.com/research-reports/stock/80210/BDL/,4.35E+11,Aerospace & Defence,General Industrials,541143
Pi Industries Ltd,PIIND,1038,https://trendlyne.com/research-reports/stock/1038/PIIND/,4.24E+11,Agrochemicals,Chemicals & Petrochemicals,523642
Mphasis Ltd,MPHASIS,881,https://trendlyne.com/research-reports/stock/881/MPHASIS/,4.20E+11,IT Consulting & Software,Software & Services,526299
Astral Ltd,ASTRAL,122,https://trendlyne.com/research-reports/stock/122/ASTRAL/,4.17E+11,Plastic Products,General Industrials,532830
Premier Energies Ltd,PREMIERENE,2571009,https://trendlyne.com/research-reports/stock/2571009/PREMIERENE/,4.16E+11,Other Electrical Equipment/Products,Consumer Durables,544238
Motilal Oswal Financial Services Ltd,MOTILALOFS,879,https://trendlyne.com/research-reports/stock/879/MOTILALOFS/,4.12E+11,Capital Markets,Banking and Finance,532892
Indian Railway Catering Tourism Corporation Ltd,IRCTC,167028,https://trendlyne.com/research-reports/stock/167028/IRCTC/,4.09E+11,Travel Support Services,Diversified Consumer Services,542830
Heubach Colorants India Ltd,HEUBACHIND,270,https://trendlyne.com/research-reports/stock/270/HEUBACHIND/,0,,,
Voltas Ltd,VOLTAS,1500,https://trendlyne.com/research-reports/stock/1500/VOLTAS/,4.09E+11,,,
Embassy Office Parks Reit,EMBASSY,139325,https://trendlyne.com/research-reports/stock/139325/EMBASSY/,4.08E+11,REITs-InvITs,Realty,542602
Coforge Ltd,COFORGE,942,https://trendlyne.com/research-reports/stock/942/COFORGE/,4.07E+11,IT Consulting & Software,Software & Services,532541
Kalyan Jewellers India Ltd,KALYANKJIL,447071,https://trendlyne.com/research-reports/stock/447071/KALYANKJIL/,4.07E+11,Gems & Jewellery,Textiles Apparels & Accessories,543278
Piramal Finance Ltd,PIRAMALFIN,3322124,https://trendlyne.com/research-reports/stock/3322124/PIRAMALFIN/,4.00E+11,Finance (including NBFCs),Banking and Finance,544597
Balkrishna Industries Ltd,BALKRISIND,153,https://trendlyne.com/research-reports/stock/153/BALKRISIND/,4.00E+11,,,
Jk Cement Ltd,JKCEMENT,683,https://trendlyne.com/research-reports/stock/683/JKCEMENT/,4.00E+11,Cement & Cement Products,Cement and Construction,532644
Mahindra Mahindra Financial Services Ltd,M&MFIN,808,https://trendlyne.com/research-reports/stock/808/M&MFIN/,3.96E+11,Finance (including NBFCs),Banking and Finance,532720
Tata Communications Ltd,TATACOMM,1357,https://trendlyne.com/research-reports/stock/1357/TATACOMM/,3.95E+11,,,
Apar Industries Ltd,APARINDS,88,https://trendlyne.com/research-reports/stock/88/APARINDS/,3.95E+11,Other Electrical Equipment/Products,Consumer Durables,532259
United Breweries Ltd,UBL,1437,https://trendlyne.com/research-reports/stock/1437/UBL/,3.93E+11,Breweries & Distilleries,"Food, Beverages & Tobacco",532478
Glaxosmithkline Pharmaceuticals Ltd,GLAXO,463,https://trendlyne.com/research-reports/stock/463/GLAXO/,3.92E+11,,,
Kei Industries Ltd,KEI,729,https://trendlyne.com/research-reports/stock/729/KEI/,3.87E+11,,,
Nlc India Ltd,NLCINDIA,935,https://trendlyne.com/research-reports/stock/935/NLCINDIA/,3.86E+11,,,
Petronet Lng Ltd,PETRONET,1025,https://trendlyne.com/research-reports/stock/1025/PETRONET/,3.82E+11,Oil Marketing & Distribution,Oil & Gas,532522
360 One Wam Ltd,360ONE,166089,https://trendlyne.com/research-reports/stock/166089/360ONE/,3.79E+11,Capital Markets,Banking and Finance,542772
Page Industries Ltd,PAGEIND,994,https://trendlyne.com/research-reports/stock/994/PAGEIND/,3.79E+11,Other Apparels & Accessories,Textiles Apparels & Accessories,532827
Ipca Laboratories Ltd,IPCALAB,642,https://trendlyne.com/research-reports/stock/642/IPCALAB/,3.78E+11,Pharmaceuticals,Pharmaceuticals & Biotechnology,524494
Thermax Ltd,THERMAX,1387,https://trendlyne.com/research-reports/stock/1387/THERMAX/,3.71E+11,,,
Anthem Biosciences Ltd,ANTHEM,3161384,https://trendlyne.com/research-reports/stock/3161384/ANTHEM/,3.71E+11,Pharmaceuticals,Pharmaceuticals & Biotechnology,544449
Authum Investment Infrastructure Ltd,AIIL,4204,https://trendlyne.com/research-reports/stock/4204/AIIL/,3.56E+11,Finance (including NBFCs),Banking and Finance,539177
L T Technology Services Ltd,LTTS,4708,https://trendlyne.com/research-reports/stock/4708/LTTS/,3.55E+11,IT Consulting & Software,Software & Services,540115
Gujarat Fluorochemicals Ltd,FLUOROCHEM,169265,https://trendlyne.com/research-reports/stock/169265/FLUOROCHEM/,3.52E+11,Specialty Chemicals,Chemicals & Petrochemicals,542812
Radico Khaitan Ltd,RADICO,1090,https://trendlyne.com/research-reports/stock/1090/RADICO/,3.51E+11,Breweries & Distilleries,"Food, Beverages & Tobacco",532497
Ajanta Pharma Ltd,AJANTPHARM,49,https://trendlyne.com/research-reports/stock/49/AJANTPHARM/,3.49E+11,Pharmaceuticals,Pharmaceuticals & Biotechnology,532331
Cochin Shipyard Ltd,COCHINSHIP,57095,https://trendlyne.com/research-reports/stock/57095/COCHINSHIP/,3.46E+11,Marine Port & Services,Transportation,540678
Aia Engineering Ltd,AIAENG,46,https://trendlyne.com/research-reports/stock/46/AIAENG/,3.43E+11,Castings & Forgings,General Industrials,532683
Aster Dm Healthcare Ltd,ASTERDM,77534,https://trendlyne.com/research-reports/stock/77534/ASTERDM/,3.41E+11,Healthcare Facilities,Healthcare,540975
Dalmia Bharat Ltd,DALBHARAT,120412,https://trendlyne.com/research-reports/stock/120412/DALBHARAT/,3.37E+11,Cement & Cement Products,Cement and Construction,542216
Housing And Urban Development Corporation Ltd,HUDCO,54143,https://trendlyne.com/research-reports/stock/54143/HUDCO/,3.36E+11,Financial Institutions,Banking and Finance,540530
3M India Ltd,3MINDIA,10,https://trendlyne.com/research-reports/stock/10/3MINDIA/,3.35E+11,Industrial Machinery,General Industrials,523395
Container Corporation Of India Ltd,CONCOR,279,https://trendlyne.com/research-reports/stock/279/CONCOR/,3.35E+11,Warehousing & Logistics,Transportation,531344
Narayana Hrudayalaya Ltd,NH,1886,https://trendlyne.com/research-reports/stock/1886/NH/,3.32E+11,Healthcare Facilities,Healthcare,539551
Indian Renewable Energy Development Agency Ltd,IREDA,1791996,https://trendlyne.com/research-reports/stock/1791996/IREDA/,3.23E+11,Financial Institutions,Banking and Finance,544026
Poonawalla Fincorp Ltd,POONAWALLA,813,https://trendlyne.com/research-reports/stock/813/POONAWALLA/,3.20E+11,Finance (including NBFCs),Banking and Finance,524000
Mangalore Refinery And Petrochemicals Ltd,MRPL,885,https://trendlyne.com/research-reports/stock/885/MRPL/,3.20E+11,,,
Delhivery Ltd,DELHIVERY,888524,https://trendlyne.com/research-reports/stock/888524/DELHIVERY/,3.19E+11,Warehousing & Logistics,Transportation,543529
National Highways Infra Trust,NHIT,724229,https://trendlyne.com/research-reports/stock/724229/NHIT/,3.18E+11,REITs-InvITs,Utilities,543385
Endurance Technologies Ltd,ENDURANCE,4797,https://trendlyne.com/research-reports/stock/4797/ENDURANCE/,3.17E+11,Auto Parts & Equipment,Automobiles & Auto Components,540153
Procter Gamble Hygiene Healthcare Ltd,PGHH,1032,https://trendlyne.com/research-reports/stock/1032/PGHH/,3.17E+11,,,
J B Chemicals Pharmaceuticals Ltd,JBCHEPHARM,665,https://trendlyne.com/research-reports/stock/665/JBCHEPHARM/,3.15E+11,,,
Blue Star Ltd,BLUESTARCO,209,https://trendlyne.com/research-reports/stock/209/BLUESTARCO/,3.14E+11,,,
Escorts Kubota Ltd,ESCORTS,387,https://trendlyne.com/research-reports/stock/387/ESCORTS/,3.13E+11,,,
Sona Blw Precision Forgings Ltd,SONACOMS,547977,https://trendlyne.com/research-reports/stock/547977/SONACOMS/,3.09E+11,Auto Parts & Equipment,Automobiles & Auto Components,543300
Itc Hotels Ltd,ITCHOTELS,2956218,https://trendlyne.com/research-reports/stock/2956218/ITCHOTELS/,3.08E+11,Hotels,Hotels Restaurants & Tourism,544325
Navin Fluorine International Ltd,NAVINFLUOR,914,https://trendlyne.com/research-reports/stock/914/NAVINFLUOR/,3.02E+11,Commodity Chemicals,Chemicals & Petrochemicals,532504
Central Bank Of India,CENTRALBK,250,https://trendlyne.com/research-reports/stock/250/CENTRALBK/,3.01E+11,Banks,Banking and Finance,532885
Uco Bank,UCOBANK,1439,https://trendlyne.com/research-reports/stock/1439/UCOBANK/,3.00E+11,Banks,Banking and Finance,532505
Godfrey Phillips India Ltd,GODFRYPHLP,475,https://trendlyne.com/research-reports/stock/475/GODFRYPHLP/,2.98E+11,,,
Go Digit General Insurance Ltd,GODIGIT,2266638,https://trendlyne.com/research-reports/stock/2266638/GODIGIT/,2.96E+11,General Insurance,Banking and Finance,544179
Tata Investment Corporation Ltd,TATAINVEST,1360,https://trendlyne.com/research-reports/stock/1360/TATAINVEST/,2.95E+11,,,
Jubilant Foodworks Ltd,JUBLFOOD,701,https://trendlyne.com/research-reports/stock/701/JUBLFOOD/,2.95E+11,Restaurants,Hotels Restaurants & Tourism,533155
Emcure Pharmaceuticals Ltd,EMCURE,2393790,https://trendlyne.com/research-reports/stock/2393790/EMCURE/,2.93E+11,Pharmaceuticals,Pharmaceuticals & Biotechnology,544210
Ather Energy Ltd,ATHERENERG,3080909,https://trendlyne.com/research-reports/stock/3080909/ATHERENERG/,2.92E+11,2/3 Wheelers,Automobiles & Auto Components,544397
Lic Housing Finance Ltd,LICHSGFIN,790,https://trendlyne.com/research-reports/stock/790/LICHSGFIN/,2.85E+11,,,
Kpr Mill Ltd,KPRMILL,764,https://trendlyne.com/research-reports/stock/764/KPRMILL/,2.84E+11,Textiles,Textiles Apparels & Accessories,532889
Godrej Industries Ltd,GODREJIND,477,https://trendlyne.com/research-reports/stock/477/GODREJIND/,2.84E+11,,,
Tvs Holdings Ltd,TVSHLTD,1309,https://trendlyne.com/research-reports/stock/1309/TVSHLTD/,2.83E+11,Auto Parts & Equipment,Automobiles & Auto Components,520056
Mindspace Business Parks Reit,MINDSPACE,250865,https://trendlyne.com/research-reports/stock/250865/MINDSPACE/,2.79E+11,REITs-InvITs,Realty,543217
Force Motors Ltd,FORCEMOT,2028,https://trendlyne.com/research-reports/stock/2028/FORCEMOT/,2.78E+11,,,
Gland Pharma Ltd,GLAND,338662,https://trendlyne.com/research-reports/stock/338662/GLAND/,2.78E+11,Pharmaceuticals,Pharmaceuticals & Biotechnology,543245
Megasoft Ltd,MEGASOFT,854,https://trendlyne.com/research-reports/stock/854/MEGASOFT/,2.78E+11,,,
Star Health And Allied Insurance Company Ltd,STARHEALTH,746520,https://trendlyne.com/research-reports/stock/746520/STARHEALTH/,2.76E+11,General Insurance,Banking and Finance,543412
Crisil Ltd,CRISIL,292,https://trendlyne.com/research-reports/stock/292/CRISIL/,2.71E+11,,,
Hexaware Technologies Ltd,HEXT,2974675,https://trendlyne.com/research-reports/stock/2974675/HEXT/,2.70E+11,IT Consulting & Software,Software & Services,544362
Global Health Ltd,MEDANTA,1108489,https://trendlyne.com/research-reports/stock/1108489/MEDANTA/,2.69E+11,Healthcare Facilities,Healthcare,543654
Anand Rathi Wealth Ltd,ANANDRATHI,747241,https://trendlyne.com/research-reports/stock/747241/ANANDRATHI/,2.66E+11,Capital Markets,Banking and Finance,543415
Zf Commercial Vehicle Control Systems India Ltd,ZFCVINDIA,1508,https://trendlyne.com/research-reports/stock/1508/ZFCVINDIA/,2.65E+11,Auto Parts & Equipment,Automobiles & Auto Components,533023
Aditya Birla Sun Life Amc Ltd,ABSLAMC,674158,https://trendlyne.com/research-reports/stock/674158/ABSLAMC/,2.65E+11,Asset Management Cos.,Banking and Finance,543374
Sjvn Ltd,SJVN,1250,https://trendlyne.com/research-reports/stock/1250/SJVN/,2.65E+11,Green & Renewable Energy,Utilities,533206
Tata Elxsi Ltd,TATAELXSI,1358,https://trendlyne.com/research-reports/stock/1358/TATAELXSI/,2.64E+11,,,
Karur Vysya Bank Ltd,KARURVYSYA,721,https://trendlyne.com/research-reports/stock/721/KARURVYSYA/,2.64E+11,Banks,Banking and Finance,590003
Irb Infrastructure Developers Ltd,IRB,644,https://trendlyne.com/research-reports/stock/644/IRB/,2.63E+11,Roads & Highways,Cement and Construction,532947
Cholamandalam Financial Holdings Ltd,CHOLAHLDNG,1424,https://trendlyne.com/research-reports/stock/1424/CHOLAHLDNG/,2.63E+11,,,
Apollo Tyres Ltd,APOLLOTYRE,94,https://trendlyne.com/research-reports/stock/94/APOLLOTYRE/,2.59E+11,,,
El Forge Ltd,ELFORGE,370,https://trendlyne.com/research-reports/stock/370/ELFORGE/,0,,,
Garden Reach Shipbuilders Engineers Ltd,GRSE,105874,https://trendlyne.com/research-reports/stock/105874/GRSE/,2.58E+11,Aerospace & Defence,General Industrials,542011
Physicswallah Ltd,PWL,3321514,https://trendlyne.com/research-reports/stock/3321514/PWL/,2.57E+11,Education,Diversified Consumer Services,544609
Prime Focus Ltd,PFOCUS,1028,https://trendlyne.com/research-reports/stock/1028/PFOCUS/,2.57E+11,Movies & Entertainment,Media,532748
Metro Brands Ltd,METROBRAND,750564,https://trendlyne.com/research-reports/stock/750564/METROBRAND/,2.56E+11,Footwear,Retailing,543426
Exide Industries Ltd,EXIDEIND,404,https://trendlyne.com/research-reports/stock/404/EXIDEIND/,2.54E+11,,,
Timken India Ltd,TIMKEN,1399,https://trendlyne.com/research-reports/stock/1399/TIMKEN/,2.52E+11,Abrasives & Bearings,General Industrials,522113
Krishna Institute Of Medical Sciences Ltd,KIMS,555690,https://trendlyne.com/research-reports/stock/555690/KIMS/,2.51E+11,Healthcare Facilities,Healthcare,543308
Acc Ltd,ACC,22,https://trendlyne.com/research-reports/stock/22/ACC/,2.49E+11,,,
Gillette India Ltd,GILLETTE,456,https://trendlyne.com/research-reports/stock/456/GILLETTE/,2.47E+11,,,
Motherson Sumi Wiring India Ltd,MSUMI,856676,https://trendlyne.com/research-reports/stock/856676/MSUMI/,2.46E+11,Auto Parts & Equipment,Automobiles & Auto Components,543498
Iti Ltd,ITI,649,https://trendlyne.com/research-reports/stock/649/ITI/,2.45E+11,Telecom Equipment,Telecommunications Equipment,523610
Awl Agri Business Ltd,AWL,755501,https://trendlyne.com/research-reports/stock/755501/AWL/,2.39E+11,Edible Oils,FMCG,543458
Honeywell Automation India Ltd,HONAUT,569,https://trendlyne.com/research-reports/stock/569/HONAUT/,2.38E+11,,,
Kaynes Technology India Ltd,KAYNES,1124672,https://trendlyne.com/research-reports/stock/1124672/KAYNES/,2.37E+11,Other Electrical Equipment/Products,Consumer Durables,543664
Bandhan Bank Ltd,BANDHANBNK,79883,https://trendlyne.com/research-reports/stock/79883/BANDHANBNK/,2.36E+11,Banks,Banking and Finance,541153
Sun Tv Network Ltd,SUNTV,1318,https://trendlyne.com/research-reports/stock/1318/SUNTV/,2.35E+11,Broadcasting & Cable TV,Media,532733
Inventurus Knowledge Solutions Ltd,IKS,2842042,https://trendlyne.com/research-reports/stock/2842042/IKS/,2.30E+11,Healthcare Services,Healthcare,544309
Nexus Select Trust Reit,NXST,1452281,https://trendlyne.com/research-reports/stock/1452281/NXST/,2.28E+11,REITs-InvITs,Realty,543913
Himadri Speciality Chemical Ltd,HSCL,529,https://trendlyne.com/research-reports/stock/529/HSCL/,2.28E+11,,,
Nbcc India Ltd,NBCC,916,https://trendlyne.com/research-reports/stock/916/NBCC/,2.24E+11,Construction & Engineering,Cement and Construction,534309
Pfizer Ltd,PFIZER,1027,https://trendlyne.com/research-reports/stock/1027/PFIZER/,2.24E+11,,,
Welspun Corp Ltd,WELCORP,1514,https://trendlyne.com/research-reports/stock/1514/WELCORP/,2.23E+11,Iron & Steel Products,Metals & Mining,532144
Dr Lal Pathlabs Ltd,LALPATHLAB,1877,https://trendlyne.com/research-reports/stock/1877/LALPATHLAB/,2.23E+11,Healthcare Services,Healthcare,539524
Shyam Metalics And Energy Ltd,SHYAMMETL,546490,https://trendlyne.com/research-reports/stock/546490/SHYAMMETL/,2.21E+11,Iron & Steel/Interm.Products,Metals & Mining,543299
Amber Enterprises India Ltd,AMBER,73518,https://trendlyne.com/research-reports/stock/73518/AMBER/,2.21E+11,Consumer Electronics,Consumer Durables,540902
Ptc Industries Ltd,PTCIL,4156,https://trendlyne.com/research-reports/stock/4156/PTCIL/,2.21E+11,Other Industrial Products,General Industrials,539006
Tata Technologies Ltd,TATATECH,1792699,https://trendlyne.com/research-reports/stock/1792699/TATATECH/,2.20E+11,IT Software Products,Software & Services,544028
Angel One Ltd,ANGELONE,300864,https://trendlyne.com/research-reports/stock/300864/ANGELONE/,2.19E+11,Capital Markets,Banking and Finance,543235
The Ramco Cements Ltd,RAMCOCEM,1103,https://trendlyne.com/research-reports/stock/1103/RAMCOCEM/,2.19E+11,,,
Schneider Electric Infrastructure Ltd,SCHNEIDER,1195,https://trendlyne.com/research-reports/stock/1195/SCHNEIDER/,2.17E+11,Heavy Electrical Equipment,General Industrials,534139
Manappuram Finance Ltd,MANAPPURAM,827,https://trendlyne.com/research-reports/stock/827/MANAPPURAM/,2.17E+11,Finance (including NBFCs),Banking and Finance,531213
Tenneco Clean Air India Ltd,TENNIND,3321513,https://trendlyne.com/research-reports/stock/3321513/TENNIND/,2.14E+11,Auto Parts & Equipment,Automobiles & Auto Components,544612
Bayer Cropscience Ltd,BAYERCROP,169,https://trendlyne.com/research-reports/stock/169/BAYERCROP/,2.14E+11,,,
Gujarat Gas Ltd,GUJGASLTD,515,https://trendlyne.com/research-reports/stock/515/GUJGASLTD/,2.12E+11,Utilities:Non-Electrical,Utilities,539336
Aditya Infotech Ltd,CPPLUS,3195212,https://trendlyne.com/research-reports/stock/3195212/CPPLUS/,2.12E+11,IT Networking Equipment,Hardware Technology & Equipment,544466
Asahi India Glass Ltd,ASAHIINDIA,107,https://trendlyne.com/research-reports/stock/107/ASAHIINDIA/,2.09E+11,,,
Kiocl Ltd,KIOCL,71293,https://trendlyne.com/research-reports/stock/71293/KIOCL/,2.08E+11,Iron & Steel/Interm.Products,Metals & Mining,540680
Nuvama Wealth Management Ltd,NUVAMA,1715909,https://trendlyne.com/research-reports/stock/1715909/NUVAMA/,2.08E+11,Capital Markets,Banking and Finance,543988
Aegis Logistics Ltd,AEGISLOG,35,https://trendlyne.com/research-reports/stock/35/AEGISLOG/,2.07E+11,,,
Wockhardt Ltd,WOCKPHARMA,1527,https://trendlyne.com/research-reports/stock/1527/WOCKPHARMA/,2.07E+11,Pharmaceuticals,Pharmaceuticals & Biotechnology,532300
Great Eastern Shipping Company Ltd,GESHIP,452,https://trendlyne.com/research-reports/stock/452/GESHIP/,2.06E+11,,,
Brookfield India Real Estate Trust,BIRET,414152,https://trendlyne.com/research-reports/stock/414152/BIRET/,2.05E+11,REITs-InvITs,Realty,543261
Indraprastha Gas Ltd,IGL,596,https://trendlyne.com/research-reports/stock/596/IGL/,2.05E+11,Utilities:Non-Electrical,Utilities,532514
Pnb Housing Finance Ltd,PNBHOUSING,4826,https://trendlyne.com/research-reports/stock/4826/PNBHOUSING/,2.04E+11,Housing Finance,Banking and Finance,540173
Sai Life Science Ltd,SAILIFE,2840733,https://trendlyne.com/research-reports/stock/2840733/SAILIFE/,2.03E+11,Pharmaceuticals,Pharmaceuticals & Biotechnology,544306
Cesc Ltd,CESC,256,https://trendlyne.com/research-reports/stock/256/CESC/,2.03E+11,,,
The New India Assurance Company Ltd,NIACL,65182,https://trendlyne.com/research-reports/stock/65182/NIACL/,2.03E+11,General Insurance,Banking and Finance,540769
Kirloskar Oil Engines Ltd,KIRLOSENG,745,https://trendlyne.com/research-reports/stock/745/KIRLOSENG/,2.01E+11,Industrial Machinery,General Industrials,533293
Hatsun Agro Products Ltd,HATSUN,524,https://trendlyne.com/research-reports/stock/524/HATSUN/,2.01E+11,Packaged Foods,FMCG,531531
Affle 3I Ltd,AFFLE,154217,https://trendlyne.com/research-reports/stock/154217/AFFLE/,2.00E+11,Internet Software & Services,Software & Services,542752
Cube Highways Trust,CUBEINVIT,1438523,https://trendlyne.com/research-reports/stock/1438523/CUBEINVIT/,1.96E+11,REITs-InvITs,Utilities,543899
Astrazeneca Pharma India Ltd,ASTRAZEN,124,https://trendlyne.com/research-reports/stock/124/ASTRAZEN/,1.96E+11,,,
Sagility Ltd,SAGILITY,2757688,https://trendlyne.com/research-reports/stock/2757688/SAGILITY/,1.95E+11,Misc. Commercial Services,Commercial Services & Supplies,544282
Sumitomo Chemical India Ltd,SUMICHEM,182906,https://trendlyne.com/research-reports/stock/182906/SUMICHEM/,1.91E+11,Agrochemicals,Chemicals & Petrochemicals,542920
Aadhar Housing Finance Ltd,AADHARHFC,2249184,https://trendlyne.com/research-reports/stock/2249184/AADHARHFC/,1.91E+11,Housing Finance,Banking and Finance,544176
Kpit Technologies Ltd,KPITTECH,141324,https://trendlyne.com/research-reports/stock/141324/KPITTECH/,1.91E+11,IT Consulting & Software,Software & Services,542651
Piramal Pharma Ltd,PPLPHARMA,1093348,https://trendlyne.com/research-reports/stock/1093348/PPLPHARMA/,1.89E+11,Pharmaceuticals,Pharmaceuticals & Biotechnology,543635
Kalpataru Projects International Ltd,KPIL,712,https://trendlyne.com/research-reports/stock/712/KPIL/,1.89E+11,Construction & Engineering,Cement and Construction,522287
Creditaccess Grameen Ltd,CREDITACC,100478,https://trendlyne.com/research-reports/stock/100478/CREDITACC/,1.89E+11,Microfinance Institutions,Banking and Finance,541770
Aegis Vopak Terminals Ltd,AEGISVOPAK,3113228,https://trendlyne.com/research-reports/stock/3113228/AEGISVOPAK/,1.88E+11,Marine Port & Services,Transportation,544407
Deepak Nitrite Ltd,DEEPAKNTR,318,https://trendlyne.com/research-reports/stock/318/DEEPAKNTR/,1.88E+11,,,
Gkb Ophthalmics Ltd,GKB,461,https://trendlyne.com/research-reports/stock/461/GKB/,0,,,
Urban Company Ltd,URBANCO,3246538,https://trendlyne.com/research-reports/stock/3246538/URBANCO/,1.88E+11,Special Consumer Services,Diversified Consumer Services,544515
Rbl Bank Ltd,RBLBANK,4685,https://trendlyne.com/research-reports/stock/4685/RBLBANK/,1.86E+11,Banks,Banking and Finance,540065
Godawari Power Ispat Ltd,GPIL,486,https://trendlyne.com/research-reports/stock/486/GPIL/,1.86E+11,Iron & Steel/Interm.Products,Metals & Mining,532734
Atul Ltd,ATUL,129,https://trendlyne.com/research-reports/stock/129/ATUL/,1.85E+11,,,
Gujarat Mineral Development Corporation Ltd,GMDCLTD,471,https://trendlyne.com/research-reports/stock/471/GMDCLTD/,1.85E+11,Coal & Mining,Metals & Mining,532181
Global Offshore Services Ltd,GLOBOFFS,467,https://trendlyne.com/research-reports/stock/467/GLOBOFFS/,0,,,
Hbl Engineering Ltd,HBLENGINE,526,https://trendlyne.com/research-reports/stock/526/HBLENGINE/,1.85E+11,,,
Iifl Finance Ltd,IIFL,598,https://trendlyne.com/research-reports/stock/598/IIFL/,1.85E+11,Other Financial Services,Banking and Finance,532636
Eris Lifesciences Ltd,ERIS,54899,https://trendlyne.com/research-reports/stock/54899/ERIS/,1.85E+11,Pharmaceuticals,Pharmaceuticals & Biotechnology,540596
Natco Pharma Ltd,NATCOPHARM,908,https://trendlyne.com/research-reports/stock/908/NATCOPHARM/,1.84E+11,Pharmaceuticals,Pharmaceuticals & Biotechnology,524816
Sarda Energy Minerals Ltd,SARDAEN,1184,https://trendlyne.com/research-reports/stock/1184/SARDAEN/,1.83E+11,,,
Chambal Fertilisers Chemicals Ltd,CHAMBLFERT,258,https://trendlyne.com/research-reports/stock/258/CHAMBLFERT/,1.81E+11,,,
Eih Ltd,EIHOTEL,363,https://trendlyne.com/research-reports/stock/363/EIHOTEL/,1.80E+11,,,
Netweb Technologies India Ltd,NETWEB,1544933,https://trendlyne.com/research-reports/stock/1544933/NETWEB/,1.80E+11,IT Consulting & Software,Software & Services,543945
City Union Bank Ltd,CUB,295,https://trendlyne.com/research-reports/stock/295/CUB/,1.79E+11,Banks,Banking and Finance,532210
Dcm Shriram Ltd,DCMSHRIRAM,313,https://trendlyne.com/research-reports/stock/313/DCMSHRIRAM/,1.76E+11,Diversified,Diversified,523367
Castrol India Ltd,CASTROLIND,241,https://trendlyne.com/research-reports/stock/241/CASTROLIND/,1.76E+11,,,
Jyoti Cnc Automation Ltd,JYOTICNC,1873481,https://trendlyne.com/research-reports/stock/1873481/JYOTICNC/,1.76E+11,Industrial Machinery,General Industrials,544081
Pine Labs Ltd,PINELABS,3317555,https://trendlyne.com/research-reports/stock/3317555/PINELABS/,1.75E+11,Internet Software & Services,Software & Services,544606
Emami Ltd,EMAMILTD,374,https://trendlyne.com/research-reports/stock/374/EMAMILTD/,1.74E+11,Personal Products,FMCG,531162
Cie Automotive India Ltd,CIEINDIA,816,https://trendlyne.com/research-reports/stock/816/CIEINDIA/,1.73E+11,Auto Parts & Equipment,Automobiles & Auto Components,532756
Acutaas Chemicals Ltd,ACUTAAS,644637,https://trendlyne.com/research-reports/stock/644637/ACUTAAS/,1.73E+11,Pharmaceuticals,Pharmaceuticals & Biotechnology,543349
National Securities Depository Ltd,NSDL,3196098,https://trendlyne.com/research-reports/stock/3196098/NSDL/,1.72E+11,Other Financial Services,Banking and Finance,544467
Data Patterns India Ltd,DATAPATTNS,755079,https://trendlyne.com/research-reports/stock/755079/DATAPATTNS/,1.71E+11,Aerospace & Defence,General Industrials,543428
Sammaan Capital Ltd,SAMMAANCAP,582,https://trendlyne.com/research-reports/stock/582/SAMMAANCAP/,1.70E+11,Housing Finance,Banking and Finance,535789
Belrise Industries Ltd,BELRISE,3104419,https://trendlyne.com/research-reports/stock/3104419/BELRISE/,1.70E+11,Auto Parts & Equipment,Automobiles & Auto Components,544405
Travel Food Services Ltd,TRAVELFOOD,3157934,https://trendlyne.com/research-reports/stock/3157934/TRAVELFOOD/,1.69E+11,Restaurants,Hotels Restaurants & Tourism,544443
Brigade Enterprises Ltd,BRIGADE,219,https://trendlyne.com/research-reports/stock/219/BRIGADE/,1.68E+11,Realty,Realty,532929
Acme Solar Holdings Ltd,ACMESOLAR,2759890,https://trendlyne.com/research-reports/stock/2759890/ACMESOLAR/,1.66E+11,Green & Renewable Energy,Utilities,544283
Tata Chemicals Ltd,TATACHEM,1355,https://trendlyne.com/research-reports/stock/1355/TATACHEM/,1.66E+11,,,
Avanti Feeds Ltd,AVANTIFEED,138,https://trendlyne.com/research-reports/stock/138/AVANTIFEED/,1.65E+11,,,
Computer Age Management Services Ltd,CAMS,297909,https://trendlyne.com/research-reports/stock/297909/CAMS/,1.64E+11,Data Processing Services,Software & Services,543232
Carborundum Universal Ltd,CARBORUNIV,238,https://trendlyne.com/research-reports/stock/238/CARBORUNIV/,1.63E+11,,,
Anant Raj Ltd,ANANTRAJ,78,https://trendlyne.com/research-reports/stock/78/ANANTRAJ/,1.63E+11,,,
Craftsman Automation Ltd,CRAFTSMAN,445359,https://trendlyne.com/research-reports/stock/445359/CRAFTSMAN/,1.62E+11,Auto Parts & Equipment,Automobiles & Auto Components,543276
Onesource Specialty Pharma Ltd,ONESOURCE,2948098,https://trendlyne.com/research-reports/stock/2948098/ONESOURCE/,1.61E+11,Pharmaceuticals,Pharmaceuticals & Biotechnology,544292
Century Plyboards India Ltd,CENTURYPLY,252,https://trendlyne.com/research-reports/stock/252/CENTURYPLY/,1.61E+11,Forest Products,Forest Materials,532548
Capri Global Capital Ltd,CGCL,257,https://trendlyne.com/research-reports/stock/257/CGCL/,1.60E+11,Finance (including NBFCs),Banking and Finance,531595
Jain Resource Recycling Ltd,JAINREC,3267507,https://trendlyne.com/research-reports/stock/3267507/JAINREC/,1.60E+11,Other Non-Ferrous Metals,Metals & Mining,544537
Gtn Industries Ltd,GTNIND,506,https://trendlyne.com/research-reports/stock/506/GTNIND/,0,,,
Gtn Textiles Ltd,GTNTEX,507,https://trendlyne.com/research-reports/stock/507/GTNTEX/,0,,,
Chalet Hotels Ltd,CHALET,127257,https://trendlyne.com/research-reports/stock/127257/CHALET/,1.60E+11,Hotels,Hotels Restaurants & Tourism,542399
Neuland Laboratories Ltd,NEULANDLAB,933,https://trendlyne.com/research-reports/stock/933/NEULANDLAB/,1.60E+11,Pharmaceuticals,Pharmaceuticals & Biotechnology,524558
Punjab Sind Bank,PSB,1079,https://trendlyne.com/research-reports/stock/1079/PSB/,1.59E+11,Banks,Banking and Finance,533295
Nava Ltd,NAVA,917,https://trendlyne.com/research-reports/stock/917/NAVA/,1.59E+11,,,
Ratnamani Metals Tubes Ltd,RATNAMANI,1114,https://trendlyne.com/research-reports/stock/1114/RATNAMANI/,1.58E+11,Iron & Steel/Interm.Products,Metals & Mining,520111
Gujarat State Financial Corporation,GUJSTATFIN,516,https://trendlyne.com/research-reports/stock/516/GUJSTATFIN/,0,,,
Jsw Cement Ltd,JSWCEMENT,3207674,https://trendlyne.com/research-reports/stock/3207674/JSWCEMENT/,1.58E+11,Cement & Cement Products,Cement and Construction,544480
Syngene International Ltd,SYNGENE,1771,https://trendlyne.com/research-reports/stock/1771/SYNGENE/,1.58E+11,Pharmaceuticals,Pharmaceuticals & Biotechnology,539268
Sundram Fasteners Ltd,SUNDRMFAST,1313,https://trendlyne.com/research-reports/stock/1313/SUNDRMFAST/,1.58E+11,,,
Redington Ltd,REDINGTON,1120,https://trendlyne.com/research-reports/stock/1120/REDINGTON/,1.57E+11,Commodity Trading  & Distribution,Commercial Services & Supplies,532805
Bikaji Foods International Ltd,BIKAJI,1110875,https://trendlyne.com/research-reports/stock/1110875/BIKAJI/,1.57E+11,Packaged Foods,FMCG,543653
Kfin Technologies Ltd,KFINTECH,1253626,https://trendlyne.com/research-reports/stock/1253626/KFINTECH/,1.56E+11,Other Financial Services,Banking and Finance,543720
Vardhman Textiles Ltd,VTL,1504,https://trendlyne.com/research-reports/stock/1504/VTL/,1.55E+11,,,
Kajaria Ceramics Ltd,KAJARIACER,709,https://trendlyne.com/research-reports/stock/709/KAJARIACER/,1.55E+11,,,
Chennai Petroleum Corporation Ltd,CHENNPETRO,260,https://trendlyne.com/research-reports/stock/260/CHENNPETRO/,1.54E+11,,,
Grindwell Norton Ltd,GRINDWELL,496,https://trendlyne.com/research-reports/stock/496/GRINDWELL/,1.54E+11,,,
Syrma Sgs Technology Ltd,SYRMA,995074,https://trendlyne.com/research-reports/stock/995074/SYRMA/,1.53E+11,Other Electrical Equipment/Products,Consumer Durables,543573
Granules India Ltd,GRANULES,488,https://trendlyne.com/research-reports/stock/488/GRANULES/,1.52E+11,Pharmaceuticals,Pharmaceuticals & Biotechnology,532482
Elgi Equipments Ltd,ELGIEQUIP,371,https://trendlyne.com/research-reports/stock/371/ELGIEQUIP/,1.52E+11,Compressors & Pumps,General Industrials,522074
Firstsource Solutions Ltd,FSL,428,https://trendlyne.com/research-reports/stock/428/FSL/,1.52E+11,BPO/KPO,Software & Services,532809
R R Kabel Ltd,RRKABEL,1681351,https://trendlyne.com/research-reports/stock/1681351/RRKABEL/,1.51E+11,Wires & Cables,Consumer Durables,543981
Emmvee Photovoltaic Power Ltd,EMMVEE,3321511,https://trendlyne.com/research-reports/stock/3321511/EMMVEE/,1.51E+11,Other Electrical Equipment/Products,Consumer Durables,544608
Bharat Coking Coal Ltd,BHARATCOAL,3385844,https://trendlyne.com/research-reports/stock/3385844/BHARATCOAL/,1.50E+11,Coal & Mining,Metals & Mining,544678
Crompton Greaves Consumer Electricals Ltd,CROMPTON,2020,https://trendlyne.com/research-reports/stock/2020/CROMPTON/,1.49E+11,Household Appliances,Consumer Durables,539876
Aarti Industries Ltd,AARTIIND,14,https://trendlyne.com/research-reports/stock/14/AARTIIND/,1.48E+11,Specialty Chemicals,Chemicals & Petrochemicals,524208
Triveni Turbine Ltd,TRITURBINE,1418,https://trendlyne.com/research-reports/stock/1418/TRITURBINE/,1.46E+11,Heavy Electrical Equipment,General Industrials,533655
Aether Industries Ltd,AETHER,903803,https://trendlyne.com/research-reports/stock/903803/AETHER/,1.46E+11,Specialty Chemicals,Chemicals & Petrochemicals,543534
Ccl Products India Ltd,CCL,243,https://trendlyne.com/research-reports/stock/243/CCL/,1.46E+11,Tea & Coffee,"Food, Beverages & Tobacco",519600
Ksb Ltd,KSB,768,https://trendlyne.com/research-reports/stock/768/KSB/,1.46E+11,,,
Kansai Nerolac Paints Ltd,KANSAINER,718,https://trendlyne.com/research-reports/stock/718/KANSAINER/,1.44E+11,,,
Anupam Rasayan India Ltd,ANURAS,445360,https://trendlyne.com/research-reports/stock/445360/ANURAS/,1.44E+11,Specialty Chemicals,Chemicals & Petrochemicals,543275
Eid Parry India Ltd,EIDPARRY,361,https://trendlyne.com/research-reports/stock/361/EIDPARRY/,1.44E+11,,,
Basf India Ltd,BASF,166,https://trendlyne.com/research-reports/stock/166/BASF/,1.43E+11,,,
Doms Industries Ltd,DOMS,1819409,https://trendlyne.com/research-reports/stock/1819409/DOMS/,1.43E+11,Commodity Printing/Stationery,Commercial Services & Supplies,544045
Indigrid Infrastructure Trust,INDIGRID,54525,https://trendlyne.com/research-reports/stock/54525/INDIGRID/,1.42E+11,REITs-InvITs,Realty,540565
Ifci Ltd,IFCI,593,https://trendlyne.com/research-reports/stock/593/IFCI/,1.42E+11,,,
Choice International Ltd,CHOICEIN,3559,https://trendlyne.com/research-reports/stock/3559/CHOICEIN/,1.41E+11,Capital Markets,Banking and Finance,531358
Zydus Wellness Ltd,ZYDUSWELL,1550,https://trendlyne.com/research-reports/stock/1550/ZYDUSWELL/,1.41E+11,Packaged Foods,FMCG,531335
V Guard Industries Ltd,VGUARD,1476,https://trendlyne.com/research-reports/stock/1476/VGUARD/,1.41E+11,Household Appliances,Consumer Durables,532953
Kec International Ltd,KEC,727,https://trendlyne.com/research-reports/stock/727/KEC/,1.41E+11,Heavy Electrical Equipment,General Industrials,532714
Leela Palaces Hotels Resorts Ltd,THELEELA,3110331,https://trendlyne.com/research-reports/stock/3110331/THELEELA/,1.39E+11,Hotels,Hotels Restaurants & Tourism,544408
International Gemmological Institute India Ltd,IGIL,2845097,https://trendlyne.com/research-reports/stock/2845097/IGIL/,1.38E+11,Misc. Commercial Services,Commercial Services & Supplies,544311
Supreme Petrochem Ltd,SPLPETRO,1322,https://trendlyne.com/research-reports/stock/1322/SPLPETRO/,1.38E+11,,,
Inox Wind Ltd,INOXWIND,1627,https://trendlyne.com/research-reports/stock/1627/INOXWIND/,1.37E+11,Heavy Electrical Equipment,General Industrials,539083
Canara Hsbc Life Insurance Company Ltd,CANHLIFE,3286107,https://trendlyne.com/research-reports/stock/3286107/CANHLIFE/,1.37E+11,Life Insurance,Banking and Finance,544583
Fractal Analytics Ltd,FRACTAL,3418433,https://trendlyne.com/research-reports/stock/3418433/FRACTAL/,1.36E+11,Internet Software & Services,Software & Services,544700
Akzo Nobel India Ltd,AKZOINDIA,52,https://trendlyne.com/research-reports/stock/52/AKZOINDIA/,1.36E+11,,,
Eclerx Services Ltd,ECLERX,356,https://trendlyne.com/research-reports/stock/356/ECLERX/,1.36E+11,BPO/KPO,Software & Services,532927
Hindustan Organic Chemicals Ltd,HOCL,568,https://trendlyne.com/research-reports/stock/568/HOCL/,0,,,
Ceat Ltd,CEATLTD,244,https://trendlyne.com/research-reports/stock/244/CEATLTD/,1.36E+11,,,
Vinati Organics Ltd,VINATIORGA,1485,https://trendlyne.com/research-reports/stock/1485/VINATIORGA/,1.36E+11,Specialty Chemicals,Chemicals & Petrochemicals,524200
Poly Medicure Ltd,POLYMED,1053,https://trendlyne.com/research-reports/stock/1053/POLYMED/,1.35E+11,Healthcare Supplies,Healthcare,531768
Td Power Systems Ltd,TDPOWERSYS,1373,https://trendlyne.com/research-reports/stock/1373/TDPOWERSYS/,1.35E+11,Heavy Electrical Equipment,General Industrials,533553
Gujarat State Petronet Ltd,GSPL,502,https://trendlyne.com/research-reports/stock/502/GSPL/,1.35E+11,Utilities:Non-Electrical,Utilities,532702
Gallantt Ispat Ltd,GALLANTT,433,https://trendlyne.com/research-reports/stock/433/GALLANTT/,1.34E+11,Iron & Steel/Interm.Products,Metals & Mining,532726
Ventive Hospitality Ltd,VENTIVE,2866111,https://trendlyne.com/research-reports/stock/2866111/VENTIVE/,1.34E+11,Hotels,Hotels Restaurants & Tourism,544321
Lt Foods Ltd,LTFOODS,302,https://trendlyne.com/research-reports/stock/302/LTFOODS/,1.34E+11,Other Agricultural Products,"Food, Beverages & Tobacco",532783
Niva Bupa Health Insurance Company Ltd,NIVABUPA,2768807,https://trendlyne.com/research-reports/stock/2768807/NIVABUPA/,1.34E+11,General Insurance,Banking and Finance,544286
Fine Organic Industries Ltd,FINEORG,92286,https://trendlyne.com/research-reports/stock/92286/FINEORG/,1.34E+11,Specialty Chemicals,Chemicals & Petrochemicals,541557
Jubilant Pharmova Ltd,JUBLPHARMA,700,https://trendlyne.com/research-reports/stock/700/JUBLPHARMA/,1.34E+11,Pharmaceuticals,Pharmaceuticals & Biotechnology,530019
Sansera Engineering Ltd,SANSERA,658068,https://trendlyne.com/research-reports/stock/658068/SANSERA/,1.33E+11,Auto Parts & Equipment,Automobiles & Auto Components,543358
Jbm Auto Ltd,JBMA,667,https://trendlyne.com/research-reports/stock/667/JBMA/,1.33E+11,Auto Parts & Equipment,Automobiles & Auto Components,532605
Jsw Holdings Ltd,JSWHL,698,https://trendlyne.com/research-reports/stock/698/JSWHL/,1.32E+11,Holding Companies,Diversified,532642
Dr Agarwals Health Care Ltd,AGARWALEYE,2949904,https://trendlyne.com/research-reports/stock/2949904/AGARWALEYE/,1.32E+11,Healthcare Facilities,Healthcare,544350
Lmw Ltd,LMW,785,https://trendlyne.com/research-reports/stock/785/LMW/,1.32E+11,,,
Maharashtra Scooters Ltd,MAHSCOOTER,819,https://trendlyne.com/research-reports/stock/819/MAHSCOOTER/,1.30E+11,,,
Tega Industries Ltd,TEGA,743298,https://trendlyne.com/research-reports/stock/743298/TEGA/,1.30E+11,Coal & Mining,Metals & Mining,543413
Pg Electroplast Ltd,PGEL,1031,https://trendlyne.com/research-reports/stock/1031/PGEL/,1.30E+11,Consumer Electronics,Consumer Durables,533581
Shriram Pistons Rings Ltd,SHRIPISTON,87722,https://trendlyne.com/research-reports/stock/87722/SHRIPISTON/,1.29E+11,Auto Parts & Equipment,Automobiles & Auto Components,544344
Alembic Pharmaceuticals Ltd,APLLTD,92,https://trendlyne.com/research-reports/stock/92/APLLTD/,1.29E+11,Pharmaceuticals,Pharmaceuticals & Biotechnology,533573
Rubicon Research Ltd,RUBICON,3283430,https://trendlyne.com/research-reports/stock/3283430/RUBICON/,1.28E+11,Pharmaceuticals,Pharmaceuticals & Biotechnology,544578
Aditya Birla Real Estate Ltd,ABREL,253,https://trendlyne.com/research-reports/stock/253/ABREL/,1.27E+11,,,
Gabriel India Ltd,GABRIEL,429,https://trendlyne.com/research-reports/stock/429/GABRIEL/,1.26E+11,,,
Deepak Fertilisers Petrochemicals Corporation Ltd,DEEPAKFERT,317,https://trendlyne.com/research-reports/stock/317/DEEPAKFERT/,1.25E+11,,,
Jammu Kashmir Bank Ltd,J&KBANK,653,https://trendlyne.com/research-reports/stock/653/J&KBANK/,1.25E+11,Banks,Banking and Finance,532209
Ola Electric Mobility Ltd,OLAELEC,2484734,https://trendlyne.com/research-reports/stock/2484734/OLAELEC/,1.25E+11,2/3 Wheelers,Automobiles & Auto Components,544225
Graphite India Ltd,GRAPHITE,489,https://trendlyne.com/research-reports/stock/489/GRAPHITE/,1.25E+11,,,
Sobha Ltd,SOBHA,1261,https://trendlyne.com/research-reports/stock/1261/SOBHA/,1.24E+11,Realty,Realty,532784
Usha Martin Ltd,USHAMART,1456,https://trendlyne.com/research-reports/stock/1456/USHAMART/,1.24E+11,,,
Beml Ltd,BEML,176,https://trendlyne.com/research-reports/stock/176/BEML/,1.24E+11,,,
Zen Technologies Ltd,ZENTEC,1580,https://trendlyne.com/research-reports/stock/1580/ZENTEC/,1.23E+11,Aerospace & Defence,General Industrials,533339
Zensar Technologies Ltd,ZENSARTECH,1544,https://trendlyne.com/research-reports/stock/1544/ZENSARTECH/,1.23E+11,,,
Trident Ltd,TRIDENT,1415,https://trendlyne.com/research-reports/stock/1415/TRIDENT/,1.23E+11,Textiles,Textiles Apparels & Accessories,521064
Jindal Saw Ltd,JINDALSAW,676,https://trendlyne.com/research-reports/stock/676/JINDALSAW/,1.22E+11,,,
Techno Electric Engineering Company Ltd,TECHNOE,118204,https://trendlyne.com/research-reports/stock/118204/TECHNOE/,1.22E+11,Power - Electric Utilities,Utilities,542141
Finolex Cables Ltd,FINCABLES,416,https://trendlyne.com/research-reports/stock/416/FINCABLES/,1.22E+11,,,
Alivus Life Sciences Ltd,ALIVUS,606572,https://trendlyne.com/research-reports/stock/606572/ALIVUS/,1.21E+11,Pharmaceuticals,Pharmaceuticals & Biotechnology,543322
Indiamart Intermesh Ltd,INDIAMART,149049,https://trendlyne.com/research-reports/stock/149049/INDIAMART/,1.21E+11,Internet & Catalogue Retail,Retailing,542726
Uti Asset Management Company Ltd,UTIAMC,305194,https://trendlyne.com/research-reports/stock/305194/UTIAMC/,1.21E+11,Asset Management Cos.,Banking and Finance,543238
Minda Corporation Ltd,MINDACORP,863,https://trendlyne.com/research-reports/stock/863/MINDACORP/,1.20E+11,Auto Parts & Equipment,Automobiles & Auto Components,538962
Paradeep Phosphates Ltd,PARADEEP,895889,https://trendlyne.com/research-reports/stock/895889/PARADEEP/,1.20E+11,Fertilizers,Fertilizers,543530
Caplin Point Laboratories Ltd,CAPLIPOINT,237,https://trendlyne.com/research-reports/stock/237/CAPLIPOINT/,1.19E+11,Pharmaceuticals,Pharmaceuticals & Biotechnology,524742
Devyani International Ltd,DEVYANI,616664,https://trendlyne.com/research-reports/stock/616664/DEVYANI/,1.19E+11,Restaurants,Hotels Restaurants & Tourism,543330
Tbo Tek Ltd,TBOTEK,2245414,https://trendlyne.com/research-reports/stock/2245414/TBOTEK/,1.19E+11,Travel Support Services,Diversified Consumer Services,544174
Allied Blenders Distillers Ltd,ABDL,2365668,https://trendlyne.com/research-reports/stock/2365668/ABDL/,1.19E+11,Breweries & Distilleries,"Food, Beverages & Tobacco",544203
Cupid Ltd,CUPID,3405,https://trendlyne.com/research-reports/stock/3405/CUPID/,1.18E+11,Personal Products,FMCG,530843
Cohance Lifesciences Ltd,COHANCE,191143,https://trendlyne.com/research-reports/stock/191143/COHANCE/,1.18E+11,Pharmaceuticals,Pharmaceuticals & Biotechnology,543064
Ircon International Ltd,IRCON,109297,https://trendlyne.com/research-reports/stock/109297/IRCON/,1.18E+11,Construction & Engineering,Cement and Construction,541956
Brainbees Solutions Ltd,FIRSTCRY,2487439,https://trendlyne.com/research-reports/stock/2487439/FIRSTCRY/,1.17E+11,Internet & Catalogue Retail,Retailing,544226
Rainbow Childrens Medicare Ltd,RAINBOW,877862,https://trendlyne.com/research-reports/stock/877862/RAINBOW/,1.17E+11,Healthcare Facilities,Healthcare,543524
Blue Dart Express Ltd,BLUEDART,208,https://trendlyne.com/research-reports/stock/208/BLUEDART/,1.16E+11,Warehousing & Logistics,Transportation,526612
Ingersoll Rand India Ltd,INGERRAND,631,https://trendlyne.com/research-reports/stock/631/INGERRAND/,1.16E+11,,,
Jm Financial Ltd,JMFINANCIL,689,https://trendlyne.com/research-reports/stock/689/JMFINANCIL/,1.15E+11,Holding Companies,Diversified,523405
Privi Speciality Chemicals Ltd,PRIVISCL,1723,https://trendlyne.com/research-reports/stock/1723/PRIVISCL/,1.15E+11,Specialty Chemicals,Chemicals & Petrochemicals,530117
Aditya Birla Lifestyle Brands Ltd,ABLBL,3148199,https://trendlyne.com/research-reports/stock/3148199/ABLBL/,1.14E+11,Specialty Retail,Retailing,544403
Indegene Ltd,INDGN,2242832,https://trendlyne.com/research-reports/stock/2242832/INDGN/,1.14E+11,Healthcare Services,Healthcare,544172
Inox India Ltd,INOXINDIA,1830843,https://trendlyne.com/research-reports/stock/1830843/INOXINDIA/,1.13E+11,Other Industrial Products,General Industrials,544046
Engineers India Ltd,ENGINERSIN,380,https://trendlyne.com/research-reports/stock/380/ENGINERSIN/,1.13E+11,Consulting Services,Commercial Services & Supplies,532178
Skf India Industrial Ltd,SKFINDUS,3353111,https://trendlyne.com/research-reports/stock/3353111/SKFINDUS/,1.13E+11,Abrasives & Bearings,General Industrials,544572
Happy Forgings Ltd,HAPPYFORGE,1833301,https://trendlyne.com/research-reports/stock/1833301/HAPPYFORGE/,1.12E+11,Castings & Forgings,General Industrials,544057
Jk Tyre Industries Ltd,JKTYRE,687,https://trendlyne.com/research-reports/stock/687/JKTYRE/,1.12E+11,Auto Tyres & Rubber Products,Automobiles & Auto Components,530007
Kirloskar Brothers Ltd,KIRLOSBROS,744,https://trendlyne.com/research-reports/stock/744/KIRLOSBROS/,1.12E+11,,,
Central Mine Planning Design Institute Ltd,CMPDI,3457158,https://trendlyne.com/research-reports/stock/3457158/CMPDI/,1.11E+11,Consulting Services,Commercial Services & Supplies,544739
India Cements Ltd,INDIACEM,607,https://trendlyne.com/research-reports/stock/607/INDIACEM/,1.11E+11,Cement & Cement Products,Cement and Construction,530005
Welspun Living Ltd,WELSPUNLIV,1518,https://trendlyne.com/research-reports/stock/1518/WELSPUNLIV/,1.11E+11,,,
Bls International Services Ltd,BLS,4751,https://trendlyne.com/research-reports/stock/4751/BLS/,1.11E+11,Travel Support Services,Diversified Consumer Services,540073
Thangamayil Jewellery Ltd,THANGAMAYL,1384,https://trendlyne.com/research-reports/stock/1384/THANGAMAYL/,1.10E+11,Gems & Jewellery,Textiles Apparels & Accessories,533158
Mtar Technologies Ltd,MTARTECH,436155,https://trendlyne.com/research-reports/stock/436155/MTARTECH/,1.10E+11,Aerospace & Defence,General Industrials,543270
Lumax Auto Technologies Ltd,LUMAXTECH,803,https://trendlyne.com/research-reports/stock/803/LUMAXTECH/,1.10E+11,Auto Parts & Equipment,Automobiles & Auto Components,532796
Hfcl Ltd,HFCL,543,https://trendlyne.com/research-reports/stock/543/HFCL/,1.10E+11,,,
Can Fin Homes Ltd,CANFINHOME,234,https://trendlyne.com/research-reports/stock/234/CANFINHOME/,1.10E+11,,,
Jupiter Wagons Ltd,JWL,245,https://trendlyne.com/research-reports/stock/245/JWL/,1.10E+11,Commercial Vehicles,Automobiles & Auto Components,533272
Godrej Agrovet Ltd,GODREJAGRO,62812,https://trendlyne.com/research-reports/stock/62812/GODREJAGRO/,1.10E+11,Other Agricultural Products,"Food, Beverages & Tobacco",540743
Ujjivan Small Finance Bank Ltd,UJJIVANSFB,175415,https://trendlyne.com/research-reports/stock/175415/UJJIVANSFB/,1.08E+11,Microfinance Institutions,Banking and Finance,542904
Concord Biotech Ltd,CONCORDBIO,1587026,https://trendlyne.com/research-reports/stock/1587026/CONCORDBIO/,1.07E+11,Biotechnology,Pharmaceuticals & Biotechnology,543960
Indian Energy Exchange Ltd,IEX,63143,https://trendlyne.com/research-reports/stock/63143/IEX/,1.06E+11,Capital Markets,Banking and Finance,540750
Shipping Corporation Of India Ltd,SCI,1196,https://trendlyne.com/research-reports/stock/1196/SCI/,1.06E+11,Shipping,Transportation,523598
Five Star Business Finance Ltd,FIVESTAR,1114733,https://trendlyne.com/research-reports/stock/1114733/FIVESTAR/,1.06E+11,Finance (including NBFCs),Banking and Finance,543663
Heg Ltd,HEG,535,https://trendlyne.com/research-reports/stock/535/HEG/,1.06E+11,,,
Sanofi Consumer Healthcare India Ltd,SANOFICONR,2638456,https://trendlyne.com/research-reports/stock/2638456/SANOFICONR/,1.05E+11,Pharmaceuticals,Pharmaceuticals & Biotechnology,544250
Signatureglobal India Ltd,SIGNATURE,1696785,https://trendlyne.com/research-reports/stock/1696785/SIGNATURE/,1.05E+11,Realty,Realty,543990
Tilaknagar Industries Ltd,TI,1391,https://trendlyne.com/research-reports/stock/1391/TI/,1.05E+11,,,
Nuvoco Vistas Corporation Ltd,NUVOCO,622855,https://trendlyne.com/research-reports/stock/622855/NUVOCO/,1.05E+11,Cement & Cement Products,Cement and Construction,543334
Afcons Infrastructure Ltd,AFCONS,2734936,https://trendlyne.com/research-reports/stock/2734936/AFCONS/,1.04E+11,Construction & Engineering,Cement and Construction,544280
Blackbuck Ltd,BLACKBUCK,2779148,https://trendlyne.com/research-reports/stock/2779148/BLACKBUCK/,1.04E+11,Transport Related Services,Transportation,544288
Nmdc Steel Ltd,NSLNISP,1368720,https://trendlyne.com/research-reports/stock/1368720/NSLNISP/,1.04E+11,Iron & Steel/Interm.Products,Metals & Mining,543768
Birlasoft Ltd,BSOFT,763,https://trendlyne.com/research-reports/stock/763/BSOFT/,1.04E+11,IT Consulting & Software,Software & Services,532400
Whirlpool Of India Ltd,WHIRLPOOL,1521,https://trendlyne.com/research-reports/stock/1521/WHIRLPOOL/,1.03E+11,,,
Jaiprakash Power Ventures Ltd,JPPOWER,695,https://trendlyne.com/research-reports/stock/695/JPPOWER/,1.03E+11,Green & Renewable Energy,Utilities,532627
Pcbl Chemical Ltd,PCBL,1034,https://trendlyne.com/research-reports/stock/1034/PCBL/,1.02E+11,,,
Medplus Health Services Ltd,MEDPLUS,752902,https://trendlyne.com/research-reports/stock/752902/MEDPLUS/,1.00E+11,Healthcare Supplies,Healthcare,543427
Edelweiss Financial Services Ltd,EDELWEISS,357,https://trendlyne.com/research-reports/stock/357/EDELWEISS/,1.00E+11,Other Financial Services,Banking and Finance,532922
Home First Finance Company India Ltd,HOMEFIRST,407835,https://trendlyne.com/research-reports/stock/407835/HOMEFIRST/,1.00E+11,Housing Finance,Banking and Finance,543259
Aptus Value Housing Finance India Ltd,APTUS,623876,https://trendlyne.com/research-reports/stock/623876/APTUS/,99858100000,Housing Finance,Banking and Finance,543335
Azad Engineering Ltd,AZAD,1840438,https://trendlyne.com/research-reports/stock/1840438/AZAD/,99843300000,Industrial Machinery,General Industrials,544061
Honasa Consumer Ltd,HONASA,1769048,https://trendlyne.com/research-reports/stock/1769048/HONASA/,98912400000,Personal Products,FMCG,544014
Balrampur Chini Mills Ltd,BALRAMCHIN,157,https://trendlyne.com/research-reports/stock/157/BALRAMCHIN/,98891160665,,,
Swan Corp Ltd,SWANCORP,1338,https://trendlyne.com/research-reports/stock/1338/SWANCORP/,98880779571,,,
Tamilnad Mercantile Bank Ltd,TMB,1024529,https://trendlyne.com/research-reports/stock/1024529/TMB/,98755900000,Banks,Banking and Finance,543596
The Bombay Burmah Trading Corporation Ltd,BBTC,171,https://trendlyne.com/research-reports/stock/171/BBTC/,98427215923,,,
Finolex Industries Ltd,FINPIPE,417,https://trendlyne.com/research-reports/stock/417/FINPIPE/,98361377140,,,
Action Construction Equipment Ltd,ACE,24,https://trendlyne.com/research-reports/stock/24/ACE/,97362400000,Commercial Vehicles,Automobiles & Auto Components,532762
South Indian Bank Ltd,SOUTHBANK,1270,https://trendlyne.com/research-reports/stock/1270/SOUTHBANK/,96169400000,Banks,Banking and Finance,532218
Jumbo Bag Ltd,JUMBO,703,https://trendlyne.com/research-reports/stock/703/JUMBO/,0,,,
Shaily Engineering Plastics Ltd,SHAILY,2105,https://trendlyne.com/research-reports/stock/2105/SHAILY/,95911053063,,,
Arvind Ltd,ARVIND,105,https://trendlyne.com/research-reports/stock/105/ARVIND/,95737372260,,,
Gravita India Ltd,GRAVITA,491,https://trendlyne.com/research-reports/stock/491/GRAVITA/,95589400000,Other Non-Ferrous Metals,Metals & Mining,533282
Clean Max Enviro Energy Solutions Ltd,CLEANMAX,3432677,https://trendlyne.com/research-reports/stock/3432677/CLEANMAX/,94910300000,Green & Renewable Energy,Utilities,544717
Mahanagar Gas Ltd,MGL,4581,https://trendlyne.com/research-reports/stock/4581/MGL/,94150100000,Utilities:Non-Electrical,Utilities,539957
Reliance Power Ltd,RPOWER,1149,https://trendlyne.com/research-reports/stock/1149/RPOWER/,93633900000,Power - Electric Utilities,Utilities,532939
Vesuvius India Ltd,VESUVIUS,1475,https://trendlyne.com/research-reports/stock/1475/VESUVIUS/,93057500000,Electrodes & Refractories,General Industrials,520113
Voltamp Transformers Ltd,VOLTAMP,1499,https://trendlyne.com/research-reports/stock/1499/VOLTAMP/,92778900000,Heavy Electrical Equipment,General Industrials,532757
Prudent Corporate Advisory Services Ltd,PRUDENT,888523,https://trendlyne.com/research-reports/stock/888523/PRUDENT/,92726200000,Other Financial Services,Banking and Finance,543527
Atlanta Electricals Ltd,ATLANTAELE,3264361,https://trendlyne.com/research-reports/stock/3264361/ATLANTAELE/,92675800000,Heavy Electrical Equipment,General Industrials,544527
Kandagiri Spinning Mills Ltd,KANDAGIRI,716,https://trendlyne.com/research-reports/stock/716/KANDAGIRI/,0,,,
Cemindia Projects Ltd,CEMPRO,648,https://trendlyne.com/research-reports/stock/648/CEMPRO/,92653629236,,,
Pvr Inox Ltd,PVRINOX,1087,https://trendlyne.com/research-reports/stock/1087/PVRINOX/,92543700000,Movies & Entertainment,Media,532689
Vijaya Diagnostic Centre Ltd,VIJAYA,644314,https://trendlyne.com/research-reports/stock/644314/VIJAYA/,92303500000,Healthcare Services,Healthcare,543350
Jubilant Ingrevia Ltd,JUBLINGREA,450809,https://trendlyne.com/research-reports/stock/450809/JUBLINGREA/,92247600000,Specialty Chemicals,Chemicals & Petrochemicals,543271
Intellect Design Arena Ltd,INTELLECT,1553,https://trendlyne.com/research-reports/stock/1553/INTELLECT/,91893600000,IT Software Products,Software & Services,538835
Corona Remedies Ltd,CORONA,3351950,https://trendlyne.com/research-reports/stock/3351950/CORONA/,91691200000,Pharmaceuticals,Pharmaceuticals & Biotechnology,544644
Rites Ltd,RITES,92280,https://trendlyne.com/research-reports/stock/92280/RITES/,91675200000,Construction & Engineering,Cement and Construction,541556
Sbfc Finance Ltd,SBFC,1578900,https://trendlyne.com/research-reports/stock/1578900/SBFC/,91356600000,Finance (including NBFCs),Banking and Finance,543959
Ramkrishna Forgings Ltd,RKFORGE,1140,https://trendlyne.com/research-reports/stock/1140/RKFORGE/,90956800000,Castings & Forgings,General Industrials,532527
Astra Microwave Products Ltd,ASTRAMICRO,123,https://trendlyne.com/research-reports/stock/123/ASTRAMICRO/,90449400000,Aerospace & Defence,General Industrials,532493
Aavas Financiers Ltd,AAVAS,106807,https://trendlyne.com/research-reports/stock/106807/AAVAS/,90271300000,Housing Finance,Banking and Finance,541988
Vedant Fashions Ltd,MANYAVAR,816269,https://trendlyne.com/research-reports/stock/816269/MANYAVAR/,89657100000,Specialty Retail,Retailing,543463
Kesar Enterprises Ltd,KESARENT,732,https://trendlyne.com/research-reports/stock/732/KESARENT/,0,,,
Eureka Forbes Ltd,EUREKAFORB,850674,https://trendlyne.com/research-reports/stock/850674/EUREKAFORB/,89654400000,Consumer Electronics,Consumer Durables,543482
Strides Pharma Science Ltd,STAR,1291,https://trendlyne.com/research-reports/stock/1291/STAR/,89513500000,Pharmaceuticals,Pharmaceuticals & Biotechnology,532531
Cyient Ltd,CYIENT,301,https://trendlyne.com/research-reports/stock/301/CYIENT/,89408600000,IT Consulting & Software,Software & Services,532175
Cello World Ltd,CELLO,1767397,https://trendlyne.com/research-reports/stock/1767397/CELLO/,89359000000,Houseware,Consumer Durables,544012
Waaree Renewable Technologies Ltd,WAAREERTL,3931,https://trendlyne.com/research-reports/stock/3931/WAAREERTL/,89199700000,Power - Electric Utilities,Utilities,534618
Ncc Ltd,NCC,918,https://trendlyne.com/research-reports/stock/918/NCC/,88972144342,,,
Metropolis Healthcare Ltd,METROPOLIS,139598,https://trendlyne.com/research-reports/stock/139598/METROPOLIS/,87440500000,Healthcare Services,Healthcare,542650
Elecon Engineering Company Ltd,ELECON,367,https://trendlyne.com/research-reports/stock/367/ELECON/,87100831460,,,
Nazara Technologies Ltd,NAZARA,447585,https://trendlyne.com/research-reports/stock/447585/NAZARA/,87029600000,Internet Software & Services,Software & Services,543280
Sterlite Technologies Ltd,STLTECH,1299,https://trendlyne.com/research-reports/stock/1299/STLTECH/,86804600000,Telecom Cables,Telecommunications Equipment,532374
Garware Hi Tech Films Ltd,GRWRHITECH,2089,https://trendlyne.com/research-reports/stock/2089/GRWRHITECH/,86109395439,,,
Ask Automotive Ltd,ASKAUTOLTD,1776576,https://trendlyne.com/research-reports/stock/1776576/ASKAUTOLTD/,86052700000,Auto Parts & Equipment,Automobiles & Auto Components,544022
Karnataka Bank Ltd,KTKBANK,775,https://trendlyne.com/research-reports/stock/775/KTKBANK/,86025000000,Banks,Banking and Finance,532652
Kovilpatti Lakshmi Roller Flour Mills Ltd,KLRF,750,https://trendlyne.com/research-reports/stock/750/KLRF/,0,,,
Lemon Tree Hotels Ltd,LEMONTREE,81513,https://trendlyne.com/research-reports/stock/81513/LEMONTREE/,85752800000,Hotels,Hotels Restaurants & Tourism,541233
Swan Defence And Heavy Industries Ltd,SWANDEF,1043,https://trendlyne.com/research-reports/stock/1043/SWANDEF/,85640200000,Shipping,Transportation,533107
Park Medi World Ltd,PARKHOSPS,3354722,https://trendlyne.com/research-reports/stock/3354722/PARKHOSPS/,85172500000,Healthcare Facilities,Healthcare,544645
Triveni Engineering Industries Ltd,TRIVENI,1419,https://trendlyne.com/research-reports/stock/1419/TRIVENI/,84943400000,Sugar,"Food, Beverages & Tobacco",532356
Railtel Corporation Of India Ltd,RAILTEL,424520,https://trendlyne.com/research-reports/stock/424520/RAILTEL/,84583300000,Telecom Services,Telecom Services,543265
Bata India Ltd,BATAINDIA,168,https://trendlyne.com/research-reports/stock/168/BATAINDIA/,84461876049,,,
Powergrid Infrastructure Investment Trust,PGINVIT,481511,https://trendlyne.com/research-reports/stock/481511/PGINVIT/,83874600000,REITs-InvITs,Realty,543290
Black Box Ltd,BBOX,39,https://trendlyne.com/research-reports/stock/39/BBOX/,83768887764,,,
Olectra Greentech Ltd,OLECTRA,484,https://trendlyne.com/research-reports/stock/484/OLECTRA/,83730500000,Commercial Vehicles,Automobiles & Auto Components,532439
Star Cement Ltd,STARCEMENT,61534,https://trendlyne.com/research-reports/stock/61534/STARCEMENT/,83616800000,Cement & Cement Products,Cement and Construction,540575
Time Technoplast Ltd,TIMETECHNO,1398,https://trendlyne.com/research-reports/stock/1398/TIMETECHNO/,83325700000,Plastic Products,General Industrials,532856
Mmtc Ltd,MMTC,869,https://trendlyne.com/research-reports/stock/869/MMTC/,83114110739,,,
India Shelter Finance Corporation Ltd,INDIASHLTR,1826519,https://trendlyne.com/research-reports/stock/1826519/INDIASHLTR/,83009800000,Housing Finance,Banking and Finance,544044
Aequs Ltd,AEQUS,3346246,https://trendlyne.com/research-reports/stock/3346246/AEQUS/,82867400000,Industrial Machinery,General Industrials,544634
Titagarh Rail Systems Ltd,TITAGARH,1434,https://trendlyne.com/research-reports/stock/1434/TITAGARH/,82810900000,Commercial Vehicles,Automobiles & Auto Components,532966
Orkla India Ltd,ORKLAINDIA,3306166,https://trendlyne.com/research-reports/stock/3306166/ORKLAINDIA/,82720900000,Packaged Foods,FMCG,544595
Transformers Rectifiers India Ltd,TARIL,1417,https://trendlyne.com/research-reports/stock/1417/TARIL/,81975300000,Heavy Electrical Equipment,General Industrials,532928
G R Infraprojects Ltd,GRINFRA,577216,https://trendlyne.com/research-reports/stock/577216/GRINFRA/,81690100000,Roads & Highways,Cement and Construction,543317
Iifl Capital Services Ltd,IIFLCAPS,166182,https://trendlyne.com/research-reports/stock/166182/IIFLCAPS/,81300000000,Capital Markets,Banking and Finance,542773
Kesar Terminals Infrastructure Ltd,KTIL,774,https://trendlyne.com/research-reports/stock/774/KTIL/,0,,,
Cartrade Tech Ltd,CARTRADE,621767,https://trendlyne.com/research-reports/stock/621767/CARTRADE/,81181900000,Internet & Catalogue Retail,Retailing,543333
Jupiter Life Line Hospitals Ltd,JLHL,1665481,https://trendlyne.com/research-reports/stock/1665481/JLHL/,80587200000,Healthcare Facilities,Healthcare,543980
Esab India Ltd,ESABINDIA,386,https://trendlyne.com/research-reports/stock/386/ESABINDIA/,80493183190,,,
Sharda Cropchem Ltd,SHARDACROP,1214,https://trendlyne.com/research-reports/stock/1214/SHARDACROP/,80052600000,Agrochemicals,Chemicals & Petrochemicals,538666
Lakshmi Mills Company Ltd,LAKSHMIMIL,781,https://trendlyne.com/research-reports/stock/781/LAKSHMIMIL/,0,,,
Transport Corporation Of India Ltd,TCI,1368,https://trendlyne.com/research-reports/stock/1368/TCI/,79805900000,Surface Transportation,Transportation,532349
Procter Gamble Health Ltd,PGHL,858,https://trendlyne.com/research-reports/stock/858/PGHL/,79321808446,,,
Maharashtra Seamless Ltd,MAHSEAMLES,820,https://trendlyne.com/research-reports/stock/820/MAHSEAMLES/,78845163148,,,
Healthcare Global Enterprises Ltd,HCG,1978,https://trendlyne.com/research-reports/stock/1978/HCG/,78786800000,Healthcare Facilities,Healthcare,539787
Akums Drugs Pharmaceuticals Ltd,AKUMS,2471889,https://trendlyne.com/research-reports/stock/2471889/AKUMS/,78547500000,Pharmaceuticals,Pharmaceuticals & Biotechnology,544222
Kama Holdings Ltd,KAMAHOLD,3851,https://trendlyne.com/research-reports/stock/3851/KAMAHOLD/,78262600000,Holding Companies,Diversified,532468
Irb Invit Fund,IRBINVIT,54142,https://trendlyne.com/research-reports/stock/54142/IRBINVIT/,77383000000,REITs-InvITs,Realty,540526
Va Tech Wabag Ltd,WABAG,1507,https://trendlyne.com/research-reports/stock/1507/WABAG/,77239000000,Utilities:Non-Electrical,Utilities,533269
P N Gadgil Jewellers Ltd,PNGJL,2618334,https://trendlyne.com/research-reports/stock/2618334/PNGJL/,77218000000,Gems & Jewellery,Textiles Apparels & Accessories,544256
Gmr Power And Urban Infra Ltd,GMRP&UI,854535,https://trendlyne.com/research-reports/stock/854535/GMRP&UI/,77164500000,Power - Electric Utilities,Utilities,543490
Jayaswal Neco Industries Ltd,JAYNECOIND,663,https://trendlyne.com/research-reports/stock/663/JAYNECOIND/,76699100000,Iron & Steel/Interm.Products,Metals & Mining,522285
Kpi Green Energy Ltd,KPIGREEN,125099,https://trendlyne.com/research-reports/stock/125099/KPIGREEN/,76410500000,Green & Renewable Energy,Utilities,542323
Jyothy Labs Ltd,JYOTHYLAB,706,https://trendlyne.com/research-reports/stock/706/JYOTHYLAB/,76399000000,Personal Products,FMCG,532926
Marksans Pharma Ltd,MARKSANS,841,https://trendlyne.com/research-reports/stock/841/MARKSANS/,76199500000,Pharmaceuticals,Pharmaceuticals & Biotechnology,524404
Shilpa Medicare Ltd,SHILPAMED,1218,https://trendlyne.com/research-reports/stock/1218/SHILPAMED/,76061800000,Pharmaceuticals,Pharmaceuticals & Biotechnology,530549
Skf India Ltd,SKFINDIA,1251,https://trendlyne.com/research-reports/stock/1251/SKFINDIA/,75842777831,,,
Clean Science Technology Ltd,CLEAN,580869,https://trendlyne.com/research-reports/stock/580869/CLEAN/,75488800000,Specialty Chemicals,Chemicals & Petrochemicals,543318
Jeena Sikho Lifecare Ltd,JSLL,856675,https://trendlyne.com/research-reports/stock/856675/JSLL/,75400800000,Pharmaceuticals,Pharmaceuticals & Biotechnology,544476
Nesco Ltd,NESCO,929,https://trendlyne.com/research-reports/stock/929/NESCO/,75350427609,,,
Sanofi India Ltd,SANOFI,1182,https://trendlyne.com/research-reports/stock/1182/SANOFI/,75277771435,,,
Rhi Magnesita India Ltd,RHIM,989,https://trendlyne.com/research-reports/stock/989/RHIM/,75166500000,Electrodes & Refractories,General Industrials,534076
Varroc Engineering Ltd,VARROC,93226,https://trendlyne.com/research-reports/stock/93226/VARROC/,74865300000,Auto Parts & Equipment,Automobiles & Auto Components,541578
Banco Products India Ltd,BANCOINDIA,160,https://trendlyne.com/research-reports/stock/160/BANCOINDIA/,74643641557,,,
Religare Enterprises Ltd,RELIGARE,1128,https://trendlyne.com/research-reports/stock/1128/RELIGARE/,74527500000,Other Financial Services,Banking and Finance,532915
Tejas Networks Ltd,TEJASNET,54898,https://trendlyne.com/research-reports/stock/54898/TEJASNET/,74518300000,Telecom Equipment,Telecommunications Equipment,540595
Hmt Ltd,HMT,566,https://trendlyne.com/research-reports/stock/566/HMT/,74244290339,,,
Safari Industries India Ltd,SAFARI,2912,https://trendlyne.com/research-reports/stock/2912/SAFARI/,73245900000,Other Apparels & Accessories,Textiles Apparels & Accessories,523025
Jk Lakshmi Cement Ltd,JKLAKSHMI,685,https://trendlyne.com/research-reports/stock/685/JKLAKSHMI/,73015547771,,,
Le Travenues Technology Ltd,IXIGO,2328701,https://trendlyne.com/research-reports/stock/2328701/IXIGO/,73005800000,Travel Support Services,Diversified Consumer Services,544192
Manorama Industries Ltd,MANORAMA,110310,https://trendlyne.com/research-reports/stock/110310/MANORAMA/,72826500000,Other Food & Beverages,"Food, Beverages & Tobacco",541974
Archean Chemical Industries Ltd,ACI,1121044,https://trendlyne.com/research-reports/stock/1121044/ACI/,72087400000,Commodity Chemicals,Chemicals & Petrochemicals,543657
Zee Entertainment Enterprises Ltd,ZEEL,1537,https://trendlyne.com/research-reports/stock/1537/ZEEL/,71203301966,,,
Tata Teleservices Maharashtra Ltd,TTML,1423,https://trendlyne.com/research-reports/stock/1423/TTML/,71081200000,Telecom Services,Telecom Services,532371
Genus Power Infrastructures Ltd,GENUSPOWER,449,https://trendlyne.com/research-reports/stock/449/GENUSPOWER/,71031800000,Other Electrical Equipment/Products,Consumer Durables,530343
Pc Jeweller Ltd,PCJEWELLER,1014,https://trendlyne.com/research-reports/stock/1014/PCJEWELLER/,71005000000,Gems & Jewellery,Textiles Apparels & Accessories,534809
Apollo Micro Systems Ltd,APOLLO,72727,https://trendlyne.com/research-reports/stock/72727/APOLLO/,70433100000,Aerospace & Defence,General Industrials,540879
Krbl Ltd,KRBL,765,https://trendlyne.com/research-reports/stock/765/KRBL/,70383600000,Other Agricultural Products,"Food, Beverages & Tobacco",530813
Gujarat Pipavav Port Ltd,GPPL,487,https://trendlyne.com/research-reports/stock/487/GPPL/,70379200000,Marine Port & Services,Transportation,533248
Aditya Birla Fashion And Retail Ltd,ABFRL,1029,https://trendlyne.com/research-reports/stock/1029/ABFRL/,70376200000,Department Stores,Retailing,535755
Campus Activewear Ltd,CAMPUS,877863,https://trendlyne.com/research-reports/stock/877863/CAMPUS/,70289500000,Footwear,Retailing,543523
V2 Retail Ltd,V2RETAIL,1461,https://trendlyne.com/research-reports/stock/1461/V2RETAIL/,69904700000,Department Stores,Retailing,532867
Amagi Media Labs Ltd,AMAGI,3390023,https://trendlyne.com/research-reports/stock/3390023/AMAGI/,69834200000,Internet Software & Services,Software & Services,544679
Elitecon International Ltd,KASHIRAM,4305,https://trendlyne.com/research-reports/stock/4305/KASHIRAM/,69822500000,Commodity Trading  & Distribution,Commercial Services & Supplies,539533
Sudeep Pharma Ltd,SUDEEPPHRM,3335696,https://trendlyne.com/research-reports/stock/3335696/SUDEEPPHRM/,69474700000,Pharmaceuticals,Pharmaceuticals & Biotechnology,544619
Axiscades Technologies Ltd,AXISCADES,141,https://trendlyne.com/research-reports/stock/141/AXISCADES/,69252300000,Aerospace & Defence,General Industrials,532395
Pearl Global Industries Ltd,PGIL,1033,https://trendlyne.com/research-reports/stock/1033/PGIL/,68577600000,Other Apparels & Accessories,Textiles Apparels & Accessories,532808
Birla Corporation Ltd,BIRLACORPN,198,https://trendlyne.com/research-reports/stock/198/BIRLACORPN/,68561235257,,,
Epl Ltd,EPL,393,https://trendlyne.com/research-reports/stock/393/EPL/,68446570116,,,
Mahindra Lifespace Developers Ltd,MAHLIFE,818,https://trendlyne.com/research-reports/stock/818/MAHLIFE/,68152300000,Realty,Realty,532313
Shadowfax Technologies Ltd,SHADOWFAX,3396102,https://trendlyne.com/research-reports/stock/3396102/SHADOWFAX/,68149100000,Warehousing & Logistics,Transportation,544685
Indian Metals Ferro Alloys Ltd,IMFA,602,https://trendlyne.com/research-reports/stock/602/IMFA/,67847300000,Iron & Steel/Interm.Products,Metals & Mining,533047
Tips Music Ltd,TIPSMUSIC,1401,https://trendlyne.com/research-reports/stock/1401/TIPSMUSIC/,67559000000,Movies & Entertainment,Media,532375
Quality Power Electrical Equipments Ltd,QPOWER,2978666,https://trendlyne.com/research-reports/stock/2978666/QPOWER/,67504100000,Heavy Electrical Equipment,General Industrials,544367
Alkyl Amines Chemicals Ltd,ALKYLAMINE,58,https://trendlyne.com/research-reports/stock/58/ALKYLAMINE/,67459004588,,,
Vikram Solar Ltd,VIKRAMSOLR,3220744,https://trendlyne.com/research-reports/stock/3220744/VIKRAMSOLR/,67212300000,Other Electrical Equipment/Products,Consumer Durables,544488
Isgec Heavy Engineering Ltd,ISGEC,3892,https://trendlyne.com/research-reports/stock/3892/ISGEC/,67206000000,Industrial Machinery,General Industrials,533033
Sedemac Mechatronics Ltd,SEDEMAC,3443160,https://trendlyne.com/research-reports/stock/3443160/SEDEMAC/,66917600000,Auto Parts & Equipment,Automobiles & Auto Components,544723
Relaxo Footwears Ltd,RELAXO,1125,https://trendlyne.com/research-reports/stock/1125/RELAXO/,66578600000,Footwear,Retailing,530517
Diamond Power Infrastructure Ltd,DIACABS,331,https://trendlyne.com/research-reports/stock/331/DIACABS/,66087400000,Other Electrical Equipment/Products,Consumer Durables,522163
Dilip Buildcon Ltd,DBL,4652,https://trendlyne.com/research-reports/stock/4652/DBL/,66009400000,Roads & Highways,Cement and Construction,540047
Raajmarg Infra Investment Trust,RIIT,3448665,https://trendlyne.com/research-reports/stock/3448665/RIIT/,65754000000,REITs-InvITs,Realty,544734
Transrail Lighting Ltd,TRANSRAILL,2854411,https://trendlyne.com/research-reports/stock/2854411/TRANSRAILL/,65550500000,Heavy Electrical Equipment,General Industrials,544317
Bengal Assam Company Ltd,BENGALASM,3895,https://trendlyne.com/research-reports/stock/3895/BENGALASM/,65464900000,Finance (including NBFCs),Banking and Finance,533095
Bluestone Jewellery And Lifestyle Ltd,BLUESTONE,3211957,https://trendlyne.com/research-reports/stock/3211957/BLUESTONE/,65086500000,Gems & Jewellery,Textiles Apparels & Accessories,544484
Media Matrix Worldwide Ltd,MMWL,870,https://trendlyne.com/research-reports/stock/870/MMWL/,0,,,
Sonata Software Ltd,SONATSOFTW,1267,https://trendlyne.com/research-reports/stock/1267/SONATSOFTW/,64999700000,IT Consulting & Software,Software & Services,532221
Yatharth Hospital Trauma Care Services Ltd,YATHARTH,1565404,https://trendlyne.com/research-reports/stock/1565404/YATHARTH/,64706800000,Healthcare Facilities,Healthcare,543950
Latent View Analytics Ltd,LATENTVIEW,717540,https://trendlyne.com/research-reports/stock/717540/LATENTVIEW/,64581300000,Data Processing Services,Software & Services,543398
Pricol Ltd,PRICOLLTD,1072,https://trendlyne.com/research-reports/stock/1072/PRICOLLTD/,64578900000,Auto Parts & Equipment,Automobiles & Auto Components,540293
Gujarat Ambuja Exports Ltd,GAEL,430,https://trendlyne.com/research-reports/stock/430/GAEL/,64374400000,Other Agricultural Products,"Food, Beverages & Tobacco",524226
Csb Bank Ltd,CSBBANK,174482,https://trendlyne.com/research-reports/stock/174482/CSBBANK/,64024900000,Banks,Banking and Finance,542867
Sg Mart Ltd,SGMART,2561,https://trendlyne.com/research-reports/stock/2561/SGMART/,63765887710,,,
Dynamatic Technologies Ltd,DYNAMATECH,351,https://trendlyne.com/research-reports/stock/351/DYNAMATECH/,63749603424,,,
Rashtriya Chemicals Fertilizers Ltd,RCF,1117,https://trendlyne.com/research-reports/stock/1117/RCF/,63405500000,Fertilizers,Fertilizers,524230
Redtape Ltd,REDTAPE,1615360,https://trendlyne.com/research-reports/stock/1615360/REDTAPE/,63158300000,Footwear,Retailing,543957
Newgen Software Technologies Ltd,NEWGEN,73363,https://trendlyne.com/research-reports/stock/73363/NEWGEN/,62669600000,IT Consulting & Software,Software & Services,540900
Avalon Technologies Ltd,AVALON,1416031,https://trendlyne.com/research-reports/stock/1416031/AVALON/,62603300000,Heavy Electrical Equipment,General Industrials,543896
Prism Johnson Ltd,PRSMJOHNSN,1074,https://trendlyne.com/research-reports/stock/1074/PRSMJOHNSN/,62255141968,,,
Dodla Dairy Ltd,DODLA,555688,https://trendlyne.com/research-reports/stock/555688/DODLA/,62188900000,Packaged Foods,FMCG,543306
Blue Jet Healthcare Ltd,BLUEJET,1761328,https://trendlyne.com/research-reports/stock/1761328/BLUEJET/,61987900000,Pharmaceuticals,Pharmaceuticals & Biotechnology,544009
E Land Apparel Ltd,ELAND,889,https://trendlyne.com/research-reports/stock/889/ELAND/,0,,,
Fujiyama Power Systems Ltd,UTLSOLAR,3324429,https://trendlyne.com/research-reports/stock/3324429/UTLSOLAR/,61986900000,Other Electrical Equipment/Products,Consumer Durables,544613
Equitas Small Finance Bank Ltd,EQUITASBNK,325199,https://trendlyne.com/research-reports/stock/325199/EQUITASBNK/,61901600000,Microfinance Institutions,Banking and Finance,543243
Alok Industries Ltd,ALOKINDS,62,https://trendlyne.com/research-reports/stock/62/ALOKINDS/,61817200000,Textiles,Textiles Apparels & Accessories,521070
Saregama India Ltd,SAREGAMA,1185,https://trendlyne.com/research-reports/stock/1185/SAREGAMA/,61795400000,Movies & Entertainment,Media,532163
Praj Industries Ltd,PRAJIND,1061,https://trendlyne.com/research-reports/stock/1061/PRAJIND/,61412000000,Industrial Machinery,General Industrials,522205
Shakti Pumps India Ltd,SHAKTIPUMP,1211,https://trendlyne.com/research-reports/stock/1211/SHAKTIPUMP/,61186900000,Compressors & Pumps,General Industrials,531431
Wework India Management Ltd,WEWORK,3279321,https://trendlyne.com/research-reports/stock/3279321/WEWORK/,61028400000,Special Consumer Services,Diversified Consumer Services,544570
Ttk Prestige Ltd,TTKPRESTIG,1421,https://trendlyne.com/research-reports/stock/1421/TTKPRESTIG/,60744607281,,,
Welspun Enterprises Ltd,WELENT,1517,https://trendlyne.com/research-reports/stock/1517/WELENT/,60722100000,Construction & Engineering,Cement and Construction,532553
Gujarat State Fertilizer Chemicals Ltd,GSFC,499,https://trendlyne.com/research-reports/stock/499/GSFC/,60528734375,,,
Embassy Developments Ltd,EMBDL,580,https://trendlyne.com/research-reports/stock/580/EMBDL/,60492600000,Realty,Realty,532832
Cera Sanitaryware Ltd,CERA,254,https://trendlyne.com/research-reports/stock/254/CERA/,60325500000,Household Appliances,Consumer Durables,532443
India Glycols Ltd,INDIAGLYCO,608,https://trendlyne.com/research-reports/stock/608/INDIAGLYCO/,60132065251,,,
Sudarshan Chemical Industries Ltd,SUDARSCHEM,1304,https://trendlyne.com/research-reports/stock/1304/SUDARSCHEM/,59918018579,,,
Happiest Minds Technologies Ltd,HAPPSTMNDS,288827,https://trendlyne.com/research-reports/stock/288827/HAPPSTMNDS/,59866800000,IT Consulting & Software,Software & Services,543227
Power Mech Projects Ltd,POWERMECH,1766,https://trendlyne.com/research-reports/stock/1766/POWERMECH/,59862300000,Construction & Engineering,Cement and Construction,539302
Shree Renuka Sugars Ltd,RENUKA,1131,https://trendlyne.com/research-reports/stock/1131/RENUKA/,59853100000,Sugar,"Food, Beverages & Tobacco",532670
Jk Paper Ltd,JKPAPER,686,https://trendlyne.com/research-reports/stock/686/JKPAPER/,59789900000,Paper & Paper Products,Commercial Services & Supplies,532162
Moil Ltd,MOIL,872,https://trendlyne.com/research-reports/stock/872/MOIL/,59661900000,Coal & Mining,Metals & Mining,533286
Ethos Ltd,ETHOSLTD,877860,https://trendlyne.com/research-reports/stock/877860/ETHOSLTD/,59546600000,Specialty Retail,Retailing,543532
Garware Technical Fibres Ltd,GARFIBRES,441,https://trendlyne.com/research-reports/stock/441/GARFIBRES/,59425500533,,,
Aditya Vision Ltd,AVL,52912,https://trendlyne.com/research-reports/stock/52912/AVL/,59384100000,Specialty Retail,Retailing,540205
Kalpataru Ltd,KALPATARU,3147465,https://trendlyne.com/research-reports/stock/3147465/KALPATARU/,59210600000,Realty,Realty,544423
Sml Mahindra Ltd,SMLMAH,1257,https://trendlyne.com/research-reports/stock/1257/SMLMAH/,58769354406,,,
Galaxy Surfactants Ltd,GALAXYSURF,74800,https://trendlyne.com/research-reports/stock/74800/GALAXYSURF/,58688300000,Specialty Chemicals,Chemicals & Petrochemicals,540935
Gujarat Narmada Valley Fertilizers Chemicals Ltd,GNFC,473,https://trendlyne.com/research-reports/stock/473/GNFC/,58585252106,,,
Aarti Pharmalabs Ltd,AARTIPHARM,1329646,https://trendlyne.com/research-reports/stock/1329646/AARTIPHARM/,58533200000,Pharmaceuticals,Pharmaceuticals & Biotechnology,543748
Arvind Fashions Ltd,ARVINDFASN,130968,https://trendlyne.com/research-reports/stock/130968/ARVINDFASN/,58514600000,Other Apparels & Accessories,Textiles Apparels & Accessories,542484
Rategain Travel Technologies Ltd,RATEGAIN,747240,https://trendlyne.com/research-reports/stock/747240/RATEGAIN/,58314600000,IT Software Products,Software & Services,543417
Thyrocare Technologies Ltd,THYROCARE,2013,https://trendlyne.com/research-reports/stock/2013/THYROCARE/,58254500000,Healthcare Services,Healthcare,539871
Borosil Renewables Ltd,BORORENEW,2118,https://trendlyne.com/research-reports/stock/2118/BORORENEW/,58136315733,,,
Mrs Bectors Food Specialities Ltd,BECTORFOOD,369403,https://trendlyne.com/research-reports/stock/369403/BECTORFOOD/,58073400000,Packaged Foods,FMCG,543253
Inox Green Energy Services Ltd,INOXGREEN,1127763,https://trendlyne.com/research-reports/stock/1127763/INOXGREEN/,58047700000,Green & Renewable Energy,Utilities,543667
Gokul Agro Resources Ltd,GOKULAGRO,1981,https://trendlyne.com/research-reports/stock/1981/GOKULAGRO/,57066800000,Edible Oils,FMCG,539725
Tanla Platforms Ltd,TANLA,1350,https://trendlyne.com/research-reports/stock/1350/TANLA/,56909500000,Internet Software & Services,Software & Services,532790
Kingfa Science Technology India Ltd,KINGFA,577,https://trendlyne.com/research-reports/stock/577/KINGFA/,56815600000,Plastic Products,General Industrials,524019
Suprajit Engineering Ltd,SUPRAJIT,1323,https://trendlyne.com/research-reports/stock/1323/SUPRAJIT/,56452400000,Auto Parts & Equipment,Automobiles & Auto Components,532509
Midwest Gold Ltd,MIDWEST,3161,https://trendlyne.com/research-reports/stock/3161/MIDWEST/,56373300000,Coal & Mining,Metals & Mining,526570
Greenlam Industries Ltd,GREENLAM,1565,https://trendlyne.com/research-reports/stock/1565/GREENLAM/,56137600000,Furniture-Furnishing,Diversified Consumer Services,538979
Kwality Wall S India Ltd,KWIL,3428495,https://trendlyne.com/research-reports/stock/3428495/KWIL/,56084700000,Packaged Foods,FMCG,544622
Lloyds Engineering Works Ltd,LLOYDSENGG,4740,https://trendlyne.com/research-reports/stock/4740/LLOYDSENGG/,55799500000,Industrial Machinery,General Industrials,539992
Satchmo Holdings Ltd,NITESHEST,946,https://trendlyne.com/research-reports/stock/946/NITESHEST/,0,,,
Kovai Medical Center And Hospital Ltd,KOVAI,762,https://trendlyne.com/research-reports/stock/762/KOVAI/,55783300000,Healthcare Services,Healthcare,523323
Sri Lotus Developers And Realty Ltd,LOTUSDEV,3193648,https://trendlyne.com/research-reports/stock/3193648/LOTUSDEV/,55607000000,Realty,Realty,544469
Precision Wires India Ltd,PRECWIRE,1067,https://trendlyne.com/research-reports/stock/1067/PRECWIRE/,54851500000,Other Industrial Products,General Industrials,523539
Mishra Dhatu Nigam Ltd,MIDHANI,80900,https://trendlyne.com/research-reports/stock/80900/MIDHANI/,54806300000,Aerospace & Defence,General Industrials,541195
National Oxygen Ltd,NOL,953,https://trendlyne.com/research-reports/stock/953/NOL/,0,,,
Lg Balakrishnan Bros Ltd,LGBBROSLTD,787,https://trendlyne.com/research-reports/stock/787/LGBBROSLTD/,54489427995,,,
Shreeji Shipping Global Ltd,SHREEJISPG,3214018,https://trendlyne.com/research-reports/stock/3214018/SHREEJISPG/,54463600000,Shipping,Transportation,544490
Entero Healthcare Solutions Ltd,ENTERO,2014175,https://trendlyne.com/research-reports/stock/2014175/ENTERO/,54349500000,Healthcare Services,Healthcare,544122
Max Estates Ltd,MAXESTATES,1771763,https://trendlyne.com/research-reports/stock/1771763/MAXESTATES/,54321100000,Realty,Realty,544008
Fdc Ltd,FDC,410,https://trendlyne.com/research-reports/stock/410/FDC/,54256500000,Pharmaceuticals,Pharmaceuticals & Biotechnology,531599
Sheela Foam Ltd,SFL,4957,https://trendlyne.com/research-reports/stock/4957/SFL/,54219500000,Furniture-Furnishing,Diversified Consumer Services,540203
Indus Infra Trust,INDUSINVIT,2077201,https://trendlyne.com/research-reports/stock/2077201/INDUSINVIT/,54186100000,REITs-InvITs,Realty,544137
Krn Heat Exchanger And Refrigeration Ltd,KRN,2656551,https://trendlyne.com/research-reports/stock/2656551/KRN/,53942600000,Electronic Components,Commercial Services & Supplies,544263
Mas Financial Services Ltd,MASFIN,62997,https://trendlyne.com/research-reports/stock/62997/MASFIN/,53637600000,Finance (including NBFCs),Banking and Finance,540749
Dcb Bank Ltd,DCBBANK,311,https://trendlyne.com/research-reports/stock/311/DCBBANK/,53268300000,Banks,Banking and Finance,532772
Piccadily Agro Industries Ltd,PICCADIL,3305,https://trendlyne.com/research-reports/stock/3305/PICCADIL/,53144800000,Sugar,"Food, Beverages & Tobacco",530305
Nephrocare Health Services Ltd,NEPHROPLUS,3351951,https://trendlyne.com/research-reports/stock/3351951/NEPHROPLUS/,53040100000,Healthcare Services,Healthcare,544647
Jai Balaji Industries Ltd,JAIBALAJI,656,https://trendlyne.com/research-reports/stock/656/JAIBALAJI/,52810200000,Iron & Steel/Interm.Products,Metals & Mining,532976
Sky Gold And Diamonds Ltd,SKYGOLD,109637,https://trendlyne.com/research-reports/stock/109637/SKYGOLD/,52664900000,Gems & Jewellery,Textiles Apparels & Accessories,541967
Fiem Industries Ltd,FIEMIND,413,https://trendlyne.com/research-reports/stock/413/FIEMIND/,52252500000,Auto Parts & Equipment,Automobiles & Auto Components,532768
Balu Forge Industries Ltd,BALUFORGE,3465,https://trendlyne.com/research-reports/stock/3465/BALUFORGE/,52174200000,Castings & Forgings,General Industrials,531112
Infibeam Avenues Ltd,INFIBEAM,1998,https://trendlyne.com/research-reports/stock/1998/INFIBEAM/,51560480156,,,
Saatvik Green Energy Ltd,SAATVIKGL,3262884,https://trendlyne.com/research-reports/stock/3262884/SAATVIKGL/,51325000000,Other Electrical Equipment/Products,Consumer Durables,544526
Sjs Enterprises Ltd,SJS,710818,https://trendlyne.com/research-reports/stock/710818/SJS/,51319700000,Auto Parts & Equipment,Automobiles & Auto Components,543387
Paras Defence And Space Technologies Ltd,PARAS,665815,https://trendlyne.com/research-reports/stock/665815/PARAS/,51217300000,Aerospace & Defence,General Industrials,543367
Fedbank Financial Services Ltd,FEDFINA,1785397,https://trendlyne.com/research-reports/stock/1785397/FEDFINA/,50989300000,Finance (including NBFCs),Banking and Finance,544027
Technocraft Industries India Ltd,TIIL,1393,https://trendlyne.com/research-reports/stock/1393/TIIL/,50977500000,Iron & Steel Products,Metals & Mining,532804
Ajax Engineering Ltd,AJAXENGG,2972769,https://trendlyne.com/research-reports/stock/2972769/AJAXENGG/,50110200000,Commercial Vehicles,Automobiles & Auto Components,544356
Symphony Ltd,SYMPHONY,1341,https://trendlyne.com/research-reports/stock/1341/SYMPHONY/,50013379782,,,
Mahindra Holidays Resorts India Ltd,MHRIL,860,https://trendlyne.com/research-reports/stock/860/MHRIL/,49854200000,Hotels,Hotels Restaurants & Tourism,533088
Electrosteel Castings Ltd,ELECTCAST,368,https://trendlyne.com/research-reports/stock/368/ELECTCAST/,49483770420,,,
Sapphire Foods India Ltd,SAPPHIRE,716755,https://trendlyne.com/research-reports/stock/716755/SAPPHIRE/,49483300000,Restaurants,Hotels Restaurants & Tourism,543397
Powerica Ltd,POWERICA,3462454,https://trendlyne.com/research-reports/stock/3462454/POWERICA/,49355200000,Industrial Machinery,General Industrials,544744
Icra Ltd,ICRA,586,https://trendlyne.com/research-reports/stock/586/ICRA/,49298300000,Other Financial Services,Banking and Finance,532835
Supriya Lifescience Ltd,SUPRIYA,755502,https://trendlyne.com/research-reports/stock/755502/SUPRIYA/,49271600000,Pharmaceuticals,Pharmaceuticals & Biotechnology,543434
Valor Estate Ltd,DBREALTY,309,https://trendlyne.com/research-reports/stock/309/DBREALTY/,49098700000,Realty,Realty,533160
Panasonic Carbon India Co Ltd,PANCARBON,999,https://trendlyne.com/research-reports/stock/999/PANCARBON/,0,,,
Indo Count Industries Ltd,ICIL,585,https://trendlyne.com/research-reports/stock/585/ICIL/,49012500000,Textiles,Textiles Apparels & Accessories,521016
Ptc India Ltd,PTC,1081,https://trendlyne.com/research-reports/stock/1081/PTC/,48900600000,Power - Electric Utilities,Utilities,532524
Pilani Investment And Industries Corporation Ltd,PILANIINVS,1039,https://trendlyne.com/research-reports/stock/1039/PILANIINVS/,48814000000,Holding Companies,Diversified,539883
Wakefit Innovations Ltd,WAKEFIT,3349615,https://trendlyne.com/research-reports/stock/3349615/WAKEFIT/,48587600000,Furniture-Furnishing,Diversified Consumer Services,544642
Ceigall India Ltd,CEIGALL,2484735,https://trendlyne.com/research-reports/stock/2484735/CEIGALL/,48106700000,Construction & Engineering,Cement and Construction,544223
C E Info Systems Ltd,MAPMYINDIA,750563,https://trendlyne.com/research-reports/stock/750563/MAPMYINDIA/,47919800000,Internet Software & Services,Software & Services,543425
Keystone Realtors Ltd,RUSTOMJEE,1131322,https://trendlyne.com/research-reports/stock/1131322/RUSTOMJEE/,47513500000,Realty,Realty,543669
Patspin India Ltd,PATSPINLTD,1012,https://trendlyne.com/research-reports/stock/1012/PATSPINLTD/,0,,,
Pba Infrastructure Ltd,PBAINFRA,1013,https://trendlyne.com/research-reports/stock/1013/PBAINFRA/,0,,,
Raymond Lifestyle Ltd,RAYMONDLSL,2613901,https://trendlyne.com/research-reports/stock/2613901/RAYMONDLSL/,47429000000,Textiles,Textiles Apparels & Accessories,544240
3P Land Holdings Ltd,3PLAND,1016,https://trendlyne.com/research-reports/stock/1016/3PLAND/,0,,,
Senco Gold Ltd,SENCO,1525832,https://trendlyne.com/research-reports/stock/1525832/SENCO/,47307400000,Gems & Jewellery,Textiles Apparels & Accessories,543936
Surya Roshni Ltd,SURYAROSNI,1334,https://trendlyne.com/research-reports/stock/1334/SURYAROSNI/,47304764080,,,
Bajaj Consumer Care Ltd,BAJAJCON,145,https://trendlyne.com/research-reports/stock/145/BAJAJCON/,47081300000,Personal Products,FMCG,533229
Ashapura Minechem Ltd,ASHAPURMIN,110,https://trendlyne.com/research-reports/stock/110/ASHAPURMIN/,46774400000,Coal & Mining,Metals & Mining,527001
Mastek Ltd,MASTEK,843,https://trendlyne.com/research-reports/stock/843/MASTEK/,46753200000,IT Consulting & Software,Software & Services,523704
Ahluwalia Contracts India Ltd,AHLUCONT,43,https://trendlyne.com/research-reports/stock/43/AHLUCONT/,46509500000,Construction & Engineering,Cement and Construction,532811
Avenuesai Ltd,CCAVENUE,1998,https://trendlyne.com/research-reports/stock/1998/CCAVENUE/,46441300000,Internet Software & Services,Software & Services,539807
Cms Info Systems Ltd,CMSINFO,755507,https://trendlyne.com/research-reports/stock/755507/CMSINFO/,46312500000,Other Financial Services,Banking and Finance,543441
Jamna Auto Industries Ltd,JAMNAAUTO,660,https://trendlyne.com/research-reports/stock/660/JAMNAAUTO/,46297600000,Auto Parts & Equipment,Automobiles & Auto Components,520051
Bannari Amman Sugars Ltd,BANARISUG,159,https://trendlyne.com/research-reports/stock/159/BANARISUG/,46292809878,,,
Canara Robeco Asset Management Company Ltd,CRAMC,3286108,https://trendlyne.com/research-reports/stock/3286108/CRAMC/,46167100000,Asset Management Cos.,Banking and Finance,544580
Network18 Media Investments Ltd,NETWORK18,932,https://trendlyne.com/research-reports/stock/932/NETWORK18/,46152100000,Broadcasting & Cable TV,Media,532798
Rallis India Ltd,RALLIS,1101,https://trendlyne.com/research-reports/stock/1101/RALLIS/,45678797453,,,
Ganesh Housing Ltd,GANESHHOU,438,https://trendlyne.com/research-reports/stock/438/GANESHHOU/,45537700000,Realty,Realty,526367
Shilchar Technologies Ltd,SHILCTECH,3495,https://trendlyne.com/research-reports/stock/3495/SHILCTECH/,45470200000,Other Electrical Equipment/Products,Consumer Durables,531201
Juniper Hotels Ltd,JUNIPER,2049000,https://trendlyne.com/research-reports/stock/2049000/JUNIPER/,45339300000,Hotels,Hotels Restaurants & Tourism,544129
Vip Industries Ltd,VIPIND,1488,https://trendlyne.com/research-reports/stock/1488/VIPIND/,45037669921,,,
Care Ratings Ltd,CARERATING,240,https://trendlyne.com/research-reports/stock/240/CARERATING/,44953300000,Other Financial Services,Banking and Finance,534804
Lumax Industries Ltd,LUMAXIND,802,https://trendlyne.com/research-reports/stock/802/LUMAXIND/,44764474095,,,
Pnc Infratech Ltd,PNCINFRA,1717,https://trendlyne.com/research-reports/stock/1717/PNCINFRA/,44635300000,Roads & Highways,Cement and Construction,539150
Sunteck Realty Ltd,SUNTECK,1317,https://trendlyne.com/research-reports/stock/1317/SUNTECK/,44632635291,,,
Thomas Cook India Ltd,THOMASCOOK,1389,https://trendlyne.com/research-reports/stock/1389/THOMASCOOK/,44582225326,,,
Gokaldas Exports Ltd,GOKEX,480,https://trendlyne.com/research-reports/stock/480/GOKEX/,44523300000,Textiles,Textiles Apparels & Accessories,532630
Subros Ltd,SUBROS,1302,https://trendlyne.com/research-reports/stock/1302/SUBROS/,44464685607,,,
Rattanindia Power Ltd,RTNPOWER,579,https://trendlyne.com/research-reports/stock/579/RTNPOWER/,44357100000,Power - Electric Utilities,Utilities,533122
Gujarat Alkalies Chemicals Ltd,GUJALKALI,510,https://trendlyne.com/research-reports/stock/510/GUJALKALI/,44315500000,Commodity Chemicals,Chemicals & Petrochemicals,530001
Midwest Ltd,MIDWESTLTD,3291682,https://trendlyne.com/research-reports/stock/3291682/MIDWESTLTD/,44033000000,Construction Materials,Cement and Construction,544587
Tvs Supply Chain Solutions Ltd,TVSSCS,1607854,https://trendlyne.com/research-reports/stock/1607854/TVSSCS/,43959200000,Transport Related Services,Transportation,543965
Gulf Oil Lubricants India Ltd,GULFOILLUB,518,https://trendlyne.com/research-reports/stock/518/GULFOILLUB/,43926600000,Oil Marketing & Distribution,Oil & Gas,538567
Just Dial Ltd,JUSTDIAL,704,https://trendlyne.com/research-reports/stock/704/JUSTDIAL/,43827800000,Internet Software & Services,Software & Services,535648
Dhanuka Agritech Ltd,DHANUKA,327,https://trendlyne.com/research-reports/stock/327/DHANUKA/,43405919280,,,
V Mart Retail Ltd,VMART,1498,https://trendlyne.com/research-reports/stock/1498/VMART/,43296800000,Department Stores,Retailing,534976
Swaraj Engines Ltd,SWARAJENG,1339,https://trendlyne.com/research-reports/stock/1339/SWARAJENG/,43163091087,,,
Vst Tillers Tractors Ltd,VSTTILLERS,1503,https://trendlyne.com/research-reports/stock/1503/VSTTILLERS/,43078700000,Commercial Vehicles,Automobiles & Auto Components,531266
Kaveri Seed Company Ltd,KSCL,769,https://trendlyne.com/research-reports/stock/769/KSCL/,42972200000,Other Agricultural Products,"Food, Beverages & Tobacco",532899
Smartworks Coworking Spaces Ltd,SMARTWORKS,3169772,https://trendlyne.com/research-reports/stock/3169772/SMARTWORKS/,42836900000,Special Consumer Services,Diversified Consumer Services,544447
Aurionpro Solutions Ltd,AURIONPRO,131,https://trendlyne.com/research-reports/stock/131/AURIONPRO/,42775300000,IT Software Products,Software & Services,532668
Ion Exchange India Ltd,IONEXCHANG,2050,https://trendlyne.com/research-reports/stock/2050/IONEXCHANG/,42763227333,,,
Sharda Motor Industries Ltd,SHARDAMOTR,1769,https://trendlyne.com/research-reports/stock/1769/SHARDAMOTR/,42257800000,Auto Parts & Equipment,Automobiles & Auto Components,535602
Gng Electronics Ltd,EBGNG,3187136,https://trendlyne.com/research-reports/stock/3187136/EBGNG/,41956200000,Computer Hardware,Hardware Technology & Equipment,544455
Puravankara Ltd,PURVA,1085,https://trendlyne.com/research-reports/stock/1085/PURVA/,41925700000,Realty,Realty,532891
Centum Electronics Ltd,CENTUM,251,https://trendlyne.com/research-reports/stock/251/CENTUM/,41911786457,,,
Ghcl Ltd,GHCL,453,https://trendlyne.com/research-reports/stock/453/GHCL/,41756494323,,,
Datamatics Global Services Ltd,DATAMATICS,307,https://trendlyne.com/research-reports/stock/307/DATAMATICS/,41693700000,IT Consulting & Software,Software & Services,532528
Suven Life Sciences Ltd,SUVEN,1336,https://trendlyne.com/research-reports/stock/1336/SUVEN/,41657300000,Healthcare Services,Healthcare,530239
Sis Ltd,SIS,57882,https://trendlyne.com/research-reports/stock/57882/SIS/,40665200000,Misc. Commercial Services,Commercial Services & Supplies,540673
Chemplast Sanmar Ltd,CHEMPLASTS,623875,https://trendlyne.com/research-reports/stock/623875/CHEMPLASTS/,40531400000,Specialty Chemicals,Chemicals & Petrochemicals,543336
Prithvi Exchange India Ltd,PRITHVISOF,1076,https://trendlyne.com/research-reports/stock/1076/PRITHVISOF/,0,,,
Vrl Logistics Ltd,VRLLOG,1688,https://trendlyne.com/research-reports/stock/1688/VRLLOG/,40454200000,Warehousing & Logistics,Transportation,539118
Bajaj Electricals Ltd,BAJAJELEC,146,https://trendlyne.com/research-reports/stock/146/BAJAJELEC/,40379459722,,,
Hindustan Construction Company Ltd,HCC,528,https://trendlyne.com/research-reports/stock/528/HCC/,40339807156,,,
Pds Ltd,PDSL,1555,https://trendlyne.com/research-reports/stock/1555/PDSL/,40332200000,Textiles,Textiles Apparels & Accessories,538730
Innova Captab Ltd,INNOVACAP,1842149,https://trendlyne.com/research-reports/stock/1842149/INNOVACAP/,40309200000,Pharmaceuticals,Pharmaceuticals & Biotechnology,544067
Sun Pharma Advanced Research Company Ltd,SPARC,1271,https://trendlyne.com/research-reports/stock/1271/SPARC/,40260100000,Pharmaceuticals,Pharmaceuticals & Biotechnology,532872
Rattanindia Enterprises Ltd,RTNINDIA,578,https://trendlyne.com/research-reports/stock/578/RTNINDIA/,39795500000,Power - Electric Utilities,Utilities,534597
Skipper Ltd,SKIPPER,1728,https://trendlyne.com/research-reports/stock/1728/SKIPPER/,39685800000,Construction & Engineering,Cement and Construction,538562
Bansal Wire Industries Ltd,BANSALWIRE,2395250,https://trendlyne.com/research-reports/stock/2395250/BANSALWIRE/,39478700000,Iron & Steel Products,Metals & Mining,544209
Bajaj Hindusthan Sugar Ltd,BAJAJHIND,148,https://trendlyne.com/research-reports/stock/148/BAJAJHIND/,39449218216,,,
Jana Small Finance Bank Ltd,JSFB,755504,https://trendlyne.com/research-reports/stock/755504/JSFB/,39254500000,Microfinance Institutions,Banking and Finance,544118
Capillary Technologies India Ltd,CAPILLARY,3326341,https://trendlyne.com/research-reports/stock/3326341/CAPILLARY/,39155700000,IT Software Products,Software & Services,544614
Knowledge Marine Engineering Works Ltd,KMEW,445358,https://trendlyne.com/research-reports/stock/445358/KMEW/,38765900000,Marine Port & Services,Transportation,543273
Sterling And Wilson Renewable Energy Ltd,SWSOLAR,155630,https://trendlyne.com/research-reports/stock/155630/SWSOLAR/,38640200000,Construction & Engineering,Cement and Construction,542760
Ifb Industries Ltd,IFBIND,592,https://trendlyne.com/research-reports/stock/592/IFBIND/,38612418312,,,
Sunflag Iron Steel Company Ltd,SUNFLAG,1314,https://trendlyne.com/research-reports/stock/1314/SUNFLAG/,38597598848,,,
Epigral Ltd,EPIGRAL,634820,https://trendlyne.com/research-reports/stock/634820/EPIGRAL/,38115300000,Specialty Chemicals,Chemicals & Petrochemicals,543332
Rain Industries Ltd,RAIN,1091,https://trendlyne.com/research-reports/stock/1091/RAIN/,38033969997,,,
Seamec Ltd,SEAMECLTD,1198,https://trendlyne.com/research-reports/stock/1198/SEAMECLTD/,38028200000,Shipping,Transportation,526807
Niit Learning Systems Ltd,NIITMTS,1603230,https://trendlyne.com/research-reports/stock/1603230/NIITMTS/,37742500000,Education,Diversified Consumer Services,543952
Indo Thai Securities Ltd,INDOTHAI,618,https://trendlyne.com/research-reports/stock/618/INDOTHAI/,37472900000,Capital Markets,Banking and Finance,533676
Unimech Aerospace And Manufacturing Ltd,UNIMECH,2868825,https://trendlyne.com/research-reports/stock/2868825/UNIMECH/,37232300000,Industrial Machinery,General Industrials,544322
Seshaasai Technologies Ltd,STYL,3265793,https://trendlyne.com/research-reports/stock/3265793/STYL/,37134400000,Internet Software & Services,Software & Services,544533
Stylam Industries Ltd,STYLAMIND,3226,https://trendlyne.com/research-reports/stock/3226/STYLAMIND/,36887500000,Forest Products,Forest Materials,526951
Indraprastha Medical Corporation Ltd,INDRAMEDCO,620,https://trendlyne.com/research-reports/stock/620/INDRAMEDCO/,36632500000,Healthcare Facilities,Healthcare,532150
Vst Industries Ltd,VSTIND,1502,https://trendlyne.com/research-reports/stock/1502/VSTIND/,36612952860,,,
Indigo Paints Ltd,INDIGOPNTS,402502,https://trendlyne.com/research-reports/stock/402502/INDIGOPNTS/,36595900000,Paints,Consumer Durables,543258
Texmaco Rail Engineering Ltd,TEXRAIL,1380,https://trendlyne.com/research-reports/stock/1380/TEXRAIL/,36479500000,Construction & Engineering,Cement and Construction,533326
Electronics Mart India Ltd,EMIL,1063762,https://trendlyne.com/research-reports/stock/1063762/EMIL/,36435700000,Specialty Retail,Retailing,543626
Agi Infra Ltd,AGIIL,4171,https://trendlyne.com/research-reports/stock/4171/AGIIL/,36338600000,Realty,Realty,539042
Senores Pharmaceuticals Ltd,SENORES,2867595,https://trendlyne.com/research-reports/stock/2867595/SENORES/,36117500000,Pharmaceuticals,Pharmaceuticals & Biotechnology,544319
Avantel Ltd,AVANTEL,3840,https://trendlyne.com/research-reports/stock/3840/AVANTEL/,35629200000,Telecom Equipment,Telecommunications Equipment,532406
Restaurant Brands Asia Ltd,RBA,357598,https://trendlyne.com/research-reports/stock/357598/RBA/,35584600000,Restaurants,Hotels Restaurants & Tourism,543248
Northern Arc Capital Ltd,NORTHARC,755077,https://trendlyne.com/research-reports/stock/755077/NORTHARC/,35552300000,Finance (including NBFCs),Banking and Finance,544260
Trualt Bioenergy Ltd,TRUALT,3271024,https://trendlyne.com/research-reports/stock/3271024/TRUALT/,35518700000,Sugar,"Food, Beverages & Tobacco",544545
Db Corp Ltd,DBCORP,308,https://trendlyne.com/research-reports/stock/308/DBCORP/,35503000000,Publishing,Commercial Services & Supplies,533151
Artemis Medicare Services Ltd,ARTEMISMED,182406,https://trendlyne.com/research-reports/stock/182406/ARTEMISMED/,35493800000,Healthcare Facilities,Healthcare,542919
Oswal Pumps Ltd,OSWALPUMPS,3134742,https://trendlyne.com/research-reports/stock/3134742/OSWALPUMPS/,35469800000,Compressors & Pumps,General Industrials,544418
Sanathan Textiles Ltd,SANATHAN,2863354,https://trendlyne.com/research-reports/stock/2863354/SANATHAN/,35382200000,Textiles,Textiles Apparels & Accessories,544314
Jtekt India Ltd,JTEKTINDIA,1266,https://trendlyne.com/research-reports/stock/1266/JTEKTINDIA/,35268200000,Auto Parts & Equipment,Automobiles & Auto Components,520057
Tarc Ltd,TARC,376564,https://trendlyne.com/research-reports/stock/376564/TARC/,35231500000,Realty,Realty,543249
The Anup Engineering Ltd,ANUP,130216,https://trendlyne.com/research-reports/stock/130216/ANUP/,35031100000,Industrial Machinery,General Industrials,542460
Foseco India Ltd,FOSECOIND,425,https://trendlyne.com/research-reports/stock/425/FOSECOIND/,35028196847,,,
India Tourism Development Corporation Ltd,ITDC,3803,https://trendlyne.com/research-reports/stock/3803/ITDC/,34796600000,Hotels,Hotels Restaurants & Tourism,532189
Goodluck India Ltd,GOODLUCK,1552,https://trendlyne.com/research-reports/stock/1552/GOODLUCK/,34760800000,Iron & Steel Products,Metals & Mining,530655
Responsive Industries Ltd,RESPONIND,1134,https://trendlyne.com/research-reports/stock/1134/RESPONIND/,34611123135,,,
Mahindra Logistics Ltd,MAHLOG,65007,https://trendlyne.com/research-reports/stock/65007/MAHLOG/,34524500000,Warehousing & Logistics,Transportation,540768
Balaji Amines Ltd,BALAMINES,152,https://trendlyne.com/research-reports/stock/152/BALAMINES/,34521600000,Specialty Chemicals,Chemicals & Petrochemicals,530999
Man Infraconstruction Ltd,MANINFRA,834,https://trendlyne.com/research-reports/stock/834/MANINFRA/,34505400000,Construction & Engineering,Cement and Construction,533169
Omnitech Engineering Ltd,OMNI,3435772,https://trendlyne.com/research-reports/stock/3435772/OMNI/,34447200000,Industrial Machinery,General Industrials,544720
Sms Pharmaceuticals Ltd,SMSPHARMA,1259,https://trendlyne.com/research-reports/stock/1259/SMSPHARMA/,34419100000,Pharmaceuticals,Pharmaceuticals & Biotechnology,532815
J Kumar Infraprojects Ltd,JKIL,684,https://trendlyne.com/research-reports/stock/684/JKIL/,34382400000,Construction & Engineering,Cement and Construction,532940
Rolta India Ltd,ROLTA,1146,https://trendlyne.com/research-reports/stock/1146/ROLTA/,0,,,
Shanthi Gears Ltd,SHANTIGEAR,1213,https://trendlyne.com/research-reports/stock/1213/SHANTIGEAR/,34238300000,Auto Parts & Equipment,Automobiles & Auto Components,522034
Vishnu Chemicals Ltd,VISHNU,1579,https://trendlyne.com/research-reports/stock/1579/VISHNU/,34138945870,,,
Emudhra Ltd,EMUDHRA,897537,https://trendlyne.com/research-reports/stock/897537/EMUDHRA/,34072900000,Misc. Commercial Services,Commercial Services & Supplies,543533
Knr Constructions Ltd,KNRCON,752,https://trendlyne.com/research-reports/stock/752/KNRCON/,34051900000,Construction & Engineering,Cement and Construction,532942
National Fertilizers Ltd,NFL,936,https://trendlyne.com/research-reports/stock/936/NFL/,34026500000,Fertilizers,Fertilizers,523630
Sindhu Trade Links Ltd,SINDHUTRAD,3771,https://trendlyne.com/research-reports/stock/3771/SINDHUTRAD/,33922400000,Diversified,Diversified,532029
Orient Electric Ltd,ORIENTELEC,94299,https://trendlyne.com/research-reports/stock/94299/ORIENTELEC/,33910200000,Consumer Electronics,Consumer Durables,541301
Crizac Ltd,CRIZAC,3156545,https://trendlyne.com/research-reports/stock/3156545/CRIZAC/,33857400000,Education,Diversified Consumer Services,544439
Jindal Poly Films Ltd,JINDALPOLY,675,https://trendlyne.com/research-reports/stock/675/JINDALPOLY/,33818435012,,,
Rpsg Ventures Ltd,RPSGVENT,125680,https://trendlyne.com/research-reports/stock/125680/RPSGVENT/,33787800000,IT Consulting & Software,Software & Services,542333
Hemisphere Properties India Ltd,HEMIPROP,336807,https://trendlyne.com/research-reports/stock/336807/HEMIPROP/,33612900000,Realty,Realty,543242
Wonderla Holidays Ltd,WONDERLA,1528,https://trendlyne.com/research-reports/stock/1528/WONDERLA/,33547500000,Other Leisure Facilities,Diversified Consumer Services,538268
Aeroflex Industries Ltd,AEROFLEX,1617407,https://trendlyne.com/research-reports/stock/1617407/AEROFLEX/,33451900000,Iron & Steel Products,Metals & Mining,543972
Pace Digitek Ltd,PACEDIGITK,3271025,https://trendlyne.com/research-reports/stock/3271025/PACEDIGITK/,33374900000,Telecom Cables,Telecommunications Equipment,544550
Heidelberg Cement India Ltd,HEIDELBERG,536,https://trendlyne.com/research-reports/stock/536/HEIDELBERG/,33202894790,,,
Websol Energy Systems Ltd,WEBELSOLAR,1511,https://trendlyne.com/research-reports/stock/1511/WEBELSOLAR/,33177862379,,,
Cigniti Technologies Ltd,CIGNITITEC,264,https://trendlyne.com/research-reports/stock/264/CIGNITITEC/,33028900000,IT Consulting & Software,Software & Services,534758
Goldiam International Ltd,GOLDIAM,483,https://trendlyne.com/research-reports/stock/483/GOLDIAM/,32926800000,Gems & Jewellery,Textiles Apparels & Accessories,526729
Laxmi Organic Industries Ltd,LXCHEM,445357,https://trendlyne.com/research-reports/stock/445357/LXCHEM/,32703500000,Specialty Chemicals,Chemicals & Petrochemicals,543277
Gopal Snacks Ltd,GOPAL,2104571,https://trendlyne.com/research-reports/stock/2104571/GOPAL/,32564400000,Packaged Foods,FMCG,544140
Sakthi Finance Ltd,SAKTHIFIN,1168,https://trendlyne.com/research-reports/stock/1168/SAKTHIFIN/,0,,,
Shoppers Stop Ltd,SHOPERSTOP,1225,https://trendlyne.com/research-reports/stock/1225/SHOPERSTOP/,32561700000,Department Stores,Retailing,532638
Agi Greenpac Ltd,AGI,574,https://trendlyne.com/research-reports/stock/574/AGI/,32539548564,,,
Salora International Ltd,SALORAINTL,1171,https://trendlyne.com/research-reports/stock/1171/SALORAINTL/,0,,,
Paisalo Digital Ltd,PAISALO,1199,https://trendlyne.com/research-reports/stock/1199/PAISALO/,32524500000,Finance (including NBFCs),Banking and Finance,532900
Sambandam Spinning Mills Ltd,SAMBANDAM,1173,https://trendlyne.com/research-reports/stock/1173/SAMBANDAM/,0,,,
Nacl Industries Ltd,NACLIND,3071,https://trendlyne.com/research-reports/stock/3071/NACLIND/,32351700000,Agrochemicals,Chemicals & Petrochemicals,524709
Sam Industries Ltd,SAMINDUS,1175,https://trendlyne.com/research-reports/stock/1175/SAMINDUS/,0,,,
Moschip Technologies Ltd,MOSCHIP,3841,https://trendlyne.com/research-reports/stock/3841/MOSCHIP/,32265200000,IT Consulting & Software,Software & Services,532407
Grm Overseas Ltd,GRMOVER,3588,https://trendlyne.com/research-reports/stock/3588/GRMOVER/,32217000000,Other Agricultural Products,"Food, Beverages & Tobacco",531449
Aarti Drugs Ltd,AARTIDRUGS,13,https://trendlyne.com/research-reports/stock/13/AARTIDRUGS/,32190900000,Pharmaceuticals,Pharmaceuticals & Biotechnology,524348
Styrenix Performance Materials Ltd,STYRENIX,1300,https://trendlyne.com/research-reports/stock/1300/STYRENIX/,32190678967,,,
Rolex Rings Ltd,ROLEXRINGS,612873,https://trendlyne.com/research-reports/stock/612873/ROLEXRINGS/,32189800000,Auto Parts & Equipment,Automobiles & Auto Components,543325
Rpg Life Sciences Ltd,RPGLIFE,1148,https://trendlyne.com/research-reports/stock/1148/RPGLIFE/,31774700000,Pharmaceuticals,Pharmaceuticals & Biotechnology,532983
Indostar Capital Finance Ltd,INDOSTAR,88364,https://trendlyne.com/research-reports/stock/88364/INDOSTAR/,31599900000,Finance (including NBFCs),Banking and Finance,541336
Zaggle Prepaid Ocean Services Ltd,ZAGGLE,1690561,https://trendlyne.com/research-reports/stock/1690561/ZAGGLE/,31587000000,IT Software Products,Software & Services,543985
Neogen Chemicals Ltd,NEOGEN,141845,https://trendlyne.com/research-reports/stock/141845/NEOGEN/,31520900000,Specialty Chemicals,Chemicals & Petrochemicals,542665
Sarthak Industries Ltd,SARTHAKIND,1187,https://trendlyne.com/research-reports/stock/1187/SARTHAKIND/,0,,,
R Systems International Ltd,RSYSTEMS,1153,https://trendlyne.com/research-reports/stock/1153/RSYSTEMS/,31491400000,IT Consulting & Software,Software & Services,532735
Savera Industries Ltd,SAVERA,1190,https://trendlyne.com/research-reports/stock/1190/SAVERA/,0,,,
Vaibhav Global Ltd,VAIBHAVGBL,1463,https://trendlyne.com/research-reports/stock/1463/VAIBHAVGBL/,31460500000,Other Apparels & Accessories,Textiles Apparels & Accessories,532156
Hg Infra Engineering Ltd,HGINFRA,78664,https://trendlyne.com/research-reports/stock/78664/HGINFRA/,31438500000,Construction & Engineering,Cement and Construction,541019
Ashoka Buildcon Ltd,ASHOKA,113,https://trendlyne.com/research-reports/stock/113/ASHOKA/,31418500000,Roads & Highways,Cement and Construction,533271
Flair Writing Industries Ltd,FLAIR,1796109,https://trendlyne.com/research-reports/stock/1796109/FLAIR/,31197000000,Commodity Printing/Stationery,Commercial Services & Supplies,544030
Ramky Infrastructure Ltd,RAMKY,1106,https://trendlyne.com/research-reports/stock/1106/RAMKY/,31090600000,Construction & Engineering,Cement and Construction,533262
Kitex Garments Ltd,KITEX,747,https://trendlyne.com/research-reports/stock/747/KITEX/,31064100000,Other Apparels & Accessories,Textiles Apparels & Accessories,521248
Vadilal Industries Ltd,VADILALIND,1462,https://trendlyne.com/research-reports/stock/1462/VADILALIND/,30878198195,,,
Bosch Home Comfort India Ltd,BOSCH-HCIL,563,https://trendlyne.com/research-reports/stock/563/BOSCH-HCIL/,30820900000,Consumer Electronics,Consumer Durables,523398
Greaves Cotton Ltd,GREAVESCOT,492,https://trendlyne.com/research-reports/stock/492/GREAVESCOT/,30771251715,,,
Ashiana Housing Ltd,ASHIANA,111,https://trendlyne.com/research-reports/stock/111/ASHIANA/,30750600000,Realty,Realty,523716
Advanced Enzyme Technologies Ltd,ADVENZYMES,4635,https://trendlyne.com/research-reports/stock/4635/ADVENZYMES/,30500100000,Biotechnology,Pharmaceuticals & Biotechnology,540025
Pondy Oxides Chemicals Ltd,POCL,1055,https://trendlyne.com/research-reports/stock/1055/POCL/,30461200000,Other Non-Ferrous Metals,Metals & Mining,532626
Indiqube Spaces Ltd,INDIQUBE,3187134,https://trendlyne.com/research-reports/stock/3187134/INDIQUBE/,30400500000,Special Consumer Services,Diversified Consumer Services,544454
Ksh International Ltd,KSHINTL,3360394,https://trendlyne.com/research-reports/stock/3360394/KSHINTL/,30378300000,Other Industrial Products,General Industrials,544664
Samhi Hotels Ltd,SAMHI,1679657,https://trendlyne.com/research-reports/stock/1679657/SAMHI/,30372500000,Hotels,Hotels Restaurants & Tourism,543984
Harsha Engineers International Ltd,HARSHA,1037930,https://trendlyne.com/research-reports/stock/1037930/HARSHA/,30367800000,Construction & Engineering,Cement and Construction,543600
Reliance Infrastructure Ltd,RELINFRA,1129,https://trendlyne.com/research-reports/stock/1129/RELINFRA/,29971046771,,,
Dalmia Bharat Sugar And Industries Ltd,DALMIASUG,306,https://trendlyne.com/research-reports/stock/306/DALMIASUG/,29955636534,,,
Tourism Finance Corporation Of India Ltd,TFCILTD,1381,https://trendlyne.com/research-reports/stock/1381/TFCILTD/,29931500000,Financial Institutions,Banking and Finance,526650
Interarch Building Solutions Ltd,INTERARCH,2534275,https://trendlyne.com/research-reports/stock/2534275/INTERARCH/,29904300000,Construction & Engineering,Cement and Construction,544232
Steel Strips Wheels Ltd,SSWL,1290,https://trendlyne.com/research-reports/stock/1290/SSWL/,29769430941,,,
Ganesha Ecosphere Ltd,GANECOS,1563,https://trendlyne.com/research-reports/stock/1563/GANECOS/,29731039929,,,
Sambhv Steel Tubes Ltd,SAMBHV,3148899,https://trendlyne.com/research-reports/stock/3148899/SAMBHV/,29723500000,Iron & Steel Products,Metals & Mining,544430
Sg Finserve Ltd,SGFIN,4211,https://trendlyne.com/research-reports/stock/4211/SGFIN/,29526900000,Other Financial Services,Banking and Finance,539199
Enviro Infra Engineers Ltd,EIEL,2799242,https://trendlyne.com/research-reports/stock/2799242/EIEL/,29510100000,Utilities:Non-Electrical,Utilities,544290
Kirloskar Industries Ltd,KIRLOSIND,746,https://trendlyne.com/research-reports/stock/746/KIRLOSIND/,29076845602,,,
Gufic Biosciences Ltd,GUFICBIO,509,https://trendlyne.com/research-reports/stock/509/GUFICBIO/,29006133512,,,
Heritage Foods Ltd,HERITGFOOD,539,https://trendlyne.com/research-reports/stock/539/HERITGFOOD/,28947700000,Packaged Foods,FMCG,519552
Route Mobile Ltd,ROUTE,290299,https://trendlyne.com/research-reports/stock/290299/ROUTE/,28931000000,Internet Software & Services,Software & Services,543228
Raghav Productivity Enhancers Ltd,RPEL,4365,https://trendlyne.com/research-reports/stock/4365/RPEL/,28779900000,Electrodes & Refractories,General Industrials,539837
Asm Technologies Ltd,ASMTEC,3131,https://trendlyne.com/research-reports/stock/3131/ASMTEC/,28765000000,IT Consulting & Software,Software & Services,526433
Navneet Education Ltd,NAVNETEDUL,915,https://trendlyne.com/research-reports/stock/915/NAVNETEDUL/,28727143315,,,
Mstc Ltd,MSTCLTD,138917,https://trendlyne.com/research-reports/stock/138917/MSTCLTD/,28677400000,Commodity Trading  & Distribution,Commercial Services & Supplies,542597
Borosil Ltd,BOROLTD,250864,https://trendlyne.com/research-reports/stock/250864/BOROLTD/,28626800000,Houseware,Consumer Durables,543212
West Coast Paper Mills Ltd,WSTCSTPAPR,1530,https://trendlyne.com/research-reports/stock/1530/WSTCSTPAPR/,28529826617,,,
Simplex Castings Ltd,SIMPLEXCAS,1243,https://trendlyne.com/research-reports/stock/1243/SIMPLEXCAS/,0,,,
Mps Ltd,MPSLTD,882,https://trendlyne.com/research-reports/stock/882/MPSLTD/,28383700000,Publishing,Commercial Services & Supplies,532440
Anand Rathi Share Stock Brokers Ltd,ARSSBL,3270737,https://trendlyne.com/research-reports/stock/3270737/ARSSBL/,28323600000,Capital Markets,Banking and Finance,544530
Ram Ratna Wires Ltd,RAMRAT,2902,https://trendlyne.com/research-reports/stock/2902/RAMRAT/,28289400000,Other Electrical Equipment/Products,Consumer Durables,522281
Share India Securities Ltd,SHAREINDIA,71326,https://trendlyne.com/research-reports/stock/71326/SHAREINDIA/,28213600000,Capital Markets,Banking and Finance,540725
Deep Industries Ltd,DEEPINDS,476084,https://trendlyne.com/research-reports/stock/476084/DEEPINDS/,28086400000,Oil Equipment & Services,Oil & Gas,543288
Refex Industries Ltd,REFEX,1121,https://trendlyne.com/research-reports/stock/1121/REFEX/,27995500000,Industrial Gases,General Industrials,532884
Ellenbarrie Industrial Gases Ltd,ELLEN,3147464,https://trendlyne.com/research-reports/stock/3147464/ELLEN/,27888300000,Industrial Gases,General Industrials,544421
Sigma Advanced Systems Ltd,SIGMAADV,854,https://trendlyne.com/research-reports/stock/854/SIGMAADV/,27782400000,IT Software Products,Software & Services,532408
Sandhar Technologies Ltd,SANDHAR,80794,https://trendlyne.com/research-reports/stock/80794/SANDHAR/,27769000000,Auto Parts & Equipment,Automobiles & Auto Components,541163
Pitti Engineering Ltd,PITTIENG,1045,https://trendlyne.com/research-reports/stock/1045/PITTIENG/,27744005556,,,
Marathon Nextgen Realty Ltd,MARATHON,2137,https://trendlyne.com/research-reports/stock/2137/MARATHON/,27699731736,,,
Ge Power India Ltd,GVPIL,48,https://trendlyne.com/research-reports/stock/48/GVPIL/,27630500000,Heavy Electrical Equipment,General Industrials,532309
Nocil Ltd,NOCIL,950,https://trendlyne.com/research-reports/stock/950/NOCIL/,27580827506,,,
Optiemus Infracom Ltd,OPTIEMUS,3264,https://trendlyne.com/research-reports/stock/3264/OPTIEMUS/,27568900000,Telecom Equipment,Telecommunications Equipment,530135
Sundaram Clayton Ltd,SUNCLAY,1643659,https://trendlyne.com/research-reports/stock/1643659/SUNCLAY/,27564400000,Auto Parts & Equipment,Automobiles & Auto Components,544066
Lux Industries Ltd,LUXIND,1796,https://trendlyne.com/research-reports/stock/1796/LUXIND/,27411900000,Other Apparels & Accessories,Textiles Apparels & Accessories,539542
Raymond Realty Ltd,RAYMONDREL,3157935,https://trendlyne.com/research-reports/stock/3157935/RAYMONDREL/,27375100000,Realty,Realty,544420
Kalyani Steels Ltd,KSL,773,https://trendlyne.com/research-reports/stock/773/KSL/,27362788660,,,
Rossell Techsys Ltd,ROSSTECH,2839785,https://trendlyne.com/research-reports/stock/2839785/ROSSTECH/,27296000000,Aerospace & Defence,General Industrials,544294
Kddl Ltd,KDDL,2004,https://trendlyne.com/research-reports/stock/2004/KDDL/,27290900000,Other Apparels & Accessories,Textiles Apparels & Accessories,532054
Kewal Kiran Clothing Ltd,KKCL,749,https://trendlyne.com/research-reports/stock/749/KKCL/,27250700000,Other Apparels & Accessories,Textiles Apparels & Accessories,532732
Balmer Lawrie Company Ltd,BALMLAWRIE,155,https://trendlyne.com/research-reports/stock/155/BALMLAWRIE/,27228900000,Diversified,Diversified,523319
Kolte Patil Developers Ltd,KOLTEPATIL,755,https://trendlyne.com/research-reports/stock/755/KOLTEPATIL/,27153800000,Realty,Realty,532924
Orient Cement Ltd,ORIENTCEM,985,https://trendlyne.com/research-reports/stock/985/ORIENTCEM/,27141300000,Cement & Cement Products,Cement and Construction,535754
Gateway Distriparks Ltd,GATEWAY,852172,https://trendlyne.com/research-reports/stock/852172/GATEWAY/,27135700000,Warehousing & Logistics,Transportation,543489
Pokarna Ltd,POKARNA,3854,https://trendlyne.com/research-reports/stock/3854/POKARNA/,26987400000,Construction Materials,Cement and Construction,532486
Quess Corp Ltd,QUESS,4595,https://trendlyne.com/research-reports/stock/4595/QUESS/,26715400000,BPO/KPO,Software & Services,539978
Uflex Ltd,UFLEX,1440,https://trendlyne.com/research-reports/stock/1440/UFLEX/,26661027247,,,
Tvs Srichakra Ltd,TVSSRICHAK,1431,https://trendlyne.com/research-reports/stock/1431/TVSSRICHAK/,26614439047,,,
Pan India Corporation Ltd,SRGINFOTEC,1284,https://trendlyne.com/research-reports/stock/1284/SRGINFOTEC/,0,,,
Orchid Pharma Ltd,ORCHPHARMA,980,https://trendlyne.com/research-reports/stock/980/ORCHPHARMA/,26566700000,Pharmaceuticals,Pharmaceuticals & Biotechnology,524372
Dvr Jain Irrigation Systems,JISLDVREQS,681,https://trendlyne.com/research-reports/stock/681/JISLDVREQS/,26554731458,,,
Maithan Alloys Ltd,MAITHANALL,821,https://trendlyne.com/research-reports/stock/821/MAITHANALL/,26429000000,Iron & Steel/Interm.Products,Metals & Mining,590078
Hubtown Ltd,HUBTOWN,576,https://trendlyne.com/research-reports/stock/576/HUBTOWN/,26378200000,Realty,Realty,532799
Fischer Medical Ventures Ltd,FISCHER,3075,https://trendlyne.com/research-reports/stock/3075/FISCHER/,26355700000,Commodity Chemicals,Chemicals & Petrochemicals,524743
Man Industries India Ltd,MANINDS,833,https://trendlyne.com/research-reports/stock/833/MANINDS/,26290854636,,,
Carraro India Ltd,CARRARO,2867597,https://trendlyne.com/research-reports/stock/2867597/CARRARO/,26211400000,Commercial Vehicles,Automobiles & Auto Components,544320
Nalwa Sons Investments Ltd,NSIL,958,https://trendlyne.com/research-reports/stock/958/NSIL/,26138100000,Finance (including NBFCs),Banking and Finance,532256
Jubilant Agri And Consumer Products Ltd,JUBLCPL,2984792,https://trendlyne.com/research-reports/stock/2984792/JUBLCPL/,26071400000,Other Agricultural Products,"Food, Beverages & Tobacco",544355
Muthoot Microfin Ltd,MUTHOOTMF,1834278,https://trendlyne.com/research-reports/stock/1834278/MUTHOOTMF/,26061400000,Microfinance Institutions,Banking and Finance,544055
Efc I Ltd,EFCIL,2513,https://trendlyne.com/research-reports/stock/2513/EFCIL/,25964405573,,,
Tatva Chintan Pharma Chem Ltd,TATVA,596196,https://trendlyne.com/research-reports/stock/596196/TATVA/,25941800000,Specialty Chemicals,Chemicals & Petrochemicals,543321
Shanti Educational Initiatives Ltd,SEIL,4564,https://trendlyne.com/research-reports/stock/4564/SEIL/,25775600000,Education,Diversified Consumer Services,539921
Rajesh Exports Ltd,RAJESHEXPO,1094,https://trendlyne.com/research-reports/stock/1094/RAJESHEXPO/,25770300000,Gems & Jewellery,Textiles Apparels & Accessories,531500
Bhagiradha Chemicals Industries Ltd,BHAGCHEM,3677,https://trendlyne.com/research-reports/stock/3677/BHAGCHEM/,25575900000,Agrochemicals,Chemicals & Petrochemicals,531719
Bharat Bijlee Ltd,BBL,170,https://trendlyne.com/research-reports/stock/170/BBL/,25536658494,,,
Standard Engineering Technology Ltd,SETL,2898836,https://trendlyne.com/research-reports/stock/2898836/SETL/,25303500000,Other Industrial Products,General Industrials,544333
Automotive Axles Ltd,AUTOAXLES,135,https://trendlyne.com/research-reports/stock/135/AUTOAXLES/,25072277354,,,
Globus Spirits Ltd,GLOBUSSPR,468,https://trendlyne.com/research-reports/stock/468/GLOBUSSPR/,25002800000,Breweries & Distilleries,"Food, Beverages & Tobacco",533104
Psp Projects Ltd,PSPPROJECT,54332,https://trendlyne.com/research-reports/stock/54332/PSPPROJECT/,24932700000,Construction & Engineering,Cement and Construction,540544
Polyplex Corporation Ltd,POLYPLEX,1054,https://trendlyne.com/research-reports/stock/1054/POLYPLEX/,24928800000,Containers & Packaging,Commercial Services & Supplies,524051
Prince Pipes Fittings Ltd,PRINCEPIPE,177142,https://trendlyne.com/research-reports/stock/177142/PRINCEPIPE/,24863000000,Plastic Products,General Industrials,542907
Sanghvi Movers Ltd,SANGHVIMOV,1181,https://trendlyne.com/research-reports/stock/1181/SANGHVIMOV/,24818700000,Transport Related Services,Transportation,530073
Bliss Gvs Pharma Ltd,BLISSGVS,204,https://trendlyne.com/research-reports/stock/204/BLISSGVS/,24790339221,,,
Fineotex Chemical Ltd,FCL,1562,https://trendlyne.com/research-reports/stock/1562/FCL/,24675800000,Specialty Chemicals,Chemicals & Petrochemicals,533333
Shankara Buildpro Ltd,BUILDPRO,3389400,https://trendlyne.com/research-reports/stock/3389400/BUILDPRO/,24657900000,Construction Materials,Cement and Construction,544517
Super Sales India Ltd,SUPER,1319,https://trendlyne.com/research-reports/stock/1319/SUPER/,0,,,
Indiabulls Ltd,IBULLSLTD,583,https://trendlyne.com/research-reports/stock/583/IBULLSLTD/,24475700000,Misc. Commercial Services,Commercial Services & Supplies,533520
Anzen India Energy Yield Plus Trust,ANZEN,1141725,https://trendlyne.com/research-reports/stock/1141725/ANZEN/,24464600000,REITs-InvITs,Utilities,543655
Greenply Industries Ltd,GREENPLY,494,https://trendlyne.com/research-reports/stock/494/GREENPLY/,24327200000,Forest Products,Forest Materials,526797
Xpro India Ltd,XPROINDIA,1534,https://trendlyne.com/research-reports/stock/1534/XPROINDIA/,24296600000,Containers & Packaging,Commercial Services & Supplies,590013
Arvind Smartspaces Ltd,ARVSMART,1760,https://trendlyne.com/research-reports/stock/1760/ARVSMART/,24220100000,Realty,Realty,539301
Patel Engineering Ltd,PATELENG,1010,https://trendlyne.com/research-reports/stock/1010/PATELENG/,24198300000,Construction & Engineering,Cement and Construction,531120
Parag Milk Foods Ltd,PARAGMILK,2016,https://trendlyne.com/research-reports/stock/2016/PARAGMILK/,24175900000,Packaged Foods,FMCG,539889
G M Breweries Ltd,GMBREW,470,https://trendlyne.com/research-reports/stock/470/GMBREW/,24106931361,,,
Rashi Peripherals Ltd,RPTECH,1992194,https://trendlyne.com/research-reports/stock/1992194/RPTECH/,24033600000,Commodity Trading  & Distribution,Commercial Services & Supplies,544119
Medi Assist Healthcare Services Ltd,MEDIASSIST,755506,https://trendlyne.com/research-reports/stock/755506/MEDIASSIST/,23994400000,Healthcare Services,Healthcare,544088
Sirca Paints India Ltd,SIRCA,97137,https://trendlyne.com/research-reports/stock/97137/SIRCA/,23972200000,Paints,Consumer Durables,543686
Hind Rectifiers Ltd,HIRECT,562,https://trendlyne.com/research-reports/stock/562/HIRECT/,23825348406,,,
Wheels India Ltd,WHEELS,1520,https://trendlyne.com/research-reports/stock/1520/WHEELS/,23806300000,Auto Parts & Equipment,Automobiles & Auto Components,590073
Rossari Biotech Ltd,ROSSARI,243466,https://trendlyne.com/research-reports/stock/243466/ROSSARI/,23709600000,Specialty Chemicals,Chemicals & Petrochemicals,543213
Dredging Corporation Of India Ltd,DREDGECORP,345,https://trendlyne.com/research-reports/stock/345/DREDGECORP/,23646000000,Shipping,Transportation,523618
Easy Trip Planners Ltd,EASEMYTRIP,440808,https://trendlyne.com/research-reports/stock/440808/EASEMYTRIP/,23639500000,Travel Support Services,Diversified Consumer Services,543272
Imagicaaworld Entertainment Ltd,IMAGICAA,1557,https://trendlyne.com/research-reports/stock/1557/IMAGICAA/,23579400000,Other Leisure Facilities,Diversified Consumer Services,539056
Network People Services Technologies Ltd,NPST,609381,https://trendlyne.com/research-reports/stock/609381/NPST/,23543900000,Misc. Commercial Services,Commercial Services & Supplies,544396
Bharat Rasayan Ltd,BHARATRAS,186,https://trendlyne.com/research-reports/stock/186/BHARATRAS/,23439100000,Agrochemicals,Chemicals & Petrochemicals,590021
Tanfac Industries Ltd,TANFACIND,1349,https://trendlyne.com/research-reports/stock/1349/TANFACIND/,0,,,
Raymond Ltd,RAYMOND,1115,https://trendlyne.com/research-reports/stock/1115/RAYMOND/,23359552281,,,
Universal Cables Ltd,UNIVCABLES,1453,https://trendlyne.com/research-reports/stock/1453/UNIVCABLES/,23282334997,,,
Jash Engineering Ltd,JASH,87787,https://trendlyne.com/research-reports/stock/87787/JASH/,23274200000,Iron & Steel Products,Metals & Mining,544402
Federal Mogul Goetze India Ltd,FMGOETZE,422,https://trendlyne.com/research-reports/stock/422/FMGOETZE/,23237541380,,,
Dishman Carbogen Amcis Ltd,DCAL,64761,https://trendlyne.com/research-reports/stock/64761/DCAL/,23125500000,Pharmaceuticals,Pharmaceuticals & Biotechnology,540701
Mayur Uniquoters Ltd,MAYURUNIQ,847,https://trendlyne.com/research-reports/stock/847/MAYURUNIQ/,22982100000,Textiles,Textiles Apparels & Accessories,522249
D P Abhushan Ltd,DPABHUSHAN,87820,https://trendlyne.com/research-reports/stock/87820/DPABHUSHAN/,22921500000,Gems & Jewellery,Textiles Apparels & Accessories,544161
Premier Explosives Ltd,PREMEXPLN,3116,https://trendlyne.com/research-reports/stock/3116/PREMEXPLN/,22886100000,Other Industrial Products,General Industrials,526247
Apeejay Surrendra Park Hotels Ltd,PARKHOTELS,1985406,https://trendlyne.com/research-reports/stock/1985406/PARKHOTELS/,22884400000,Hotels,Hotels Restaurants & Tourism,544111
Prataap Snacks Ltd,DIAMONDYD,60394,https://trendlyne.com/research-reports/stock/60394/DIAMONDYD/,22839800000,Packaged Foods,FMCG,540724
63 Moons Technologies Ltd,63MOONS,415,https://trendlyne.com/research-reports/stock/415/63MOONS/,22838800000,IT Consulting & Software,Software & Services,526881
Euro Pratik Sales Ltd,EUROPRATIK,3254597,https://trendlyne.com/research-reports/stock/3254597/EUROPRATIK/,22799800000,Furniture-Furnishing,Diversified Consumer Services,544519
Nrb Bearings Ltd,NRBBEARING,956,https://trendlyne.com/research-reports/stock/956/NRBBEARING/,22728300000,Other Industrial Products,General Industrials,530367
Repco Home Finance Ltd,REPCOHOME,1132,https://trendlyne.com/research-reports/stock/1132/REPCOHOME/,22700400000,Housing Finance,Banking and Finance,535322
Carysil Ltd,CARYSIL,3001,https://trendlyne.com/research-reports/stock/3001/CARYSIL/,22700000000,Household Products,Consumer Durables,524091
Iol Chemicals And Pharmaceuticals Ltd,IOLCP,640,https://trendlyne.com/research-reports/stock/640/IOLCP/,22686700000,Pharmaceuticals,Pharmaceuticals & Biotechnology,524164
Veedol Corporation Ltd,VEEDOL,1392,https://trendlyne.com/research-reports/stock/1392/VEEDOL/,22652900000,Oil Marketing & Distribution,Oil & Gas,590005
Kiri Industries Ltd,KIRIINDUS,743,https://trendlyne.com/research-reports/stock/743/KIRIINDUS/,22514500000,Dyes & Pigments,Chemicals & Petrochemicals,532967
Baazar Style Retail Ltd,STYLEBAAZA,2586584,https://trendlyne.com/research-reports/stock/2586584/STYLEBAAZA/,22497100000,Department Stores,Retailing,544243
Anantam Highways Trust,ANANTAM,3283429,https://trendlyne.com/research-reports/stock/3283429/ANANTAM/,22472100000,REITs-InvITs,Realty,544579
Aye Finance Ltd,AYE,3418951,https://trendlyne.com/research-reports/stock/3418951/AYE/,22462300000,Finance (including NBFCs),Banking and Finance,544699
Capital Infra Trust,CAPINVIT,2901815,https://trendlyne.com/research-reports/stock/2901815/CAPINVIT/,22376400000,REITs-InvITs,Realty,544338
Greenpanel Industries Ltd,GREENPANEL,170350,https://trendlyne.com/research-reports/stock/170350/GREENPANEL/,22307200000,Forest Products,Forest Materials,542857
Brigade Hotel Ventures Ltd,BRIGHOTEL,3190829,https://trendlyne.com/research-reports/stock/3190829/BRIGHOTEL/,22293000000,Hotels,Hotels Restaurants & Tourism,544457
Ddev Plastiks Industries Ltd,DDEVPLSTIK,978220,https://trendlyne.com/research-reports/stock/978220/DDEVPLSTIK/,22271000000,Plastic Products,General Industrials,543547
Cyient Dlm Ltd,CYIENTDLM,1513580,https://trendlyne.com/research-reports/stock/1513580/CYIENTDLM/,22230000000,Electronic Components,Commercial Services & Supplies,543933
Kilburn Engineering Ltd,KILBUNENGG,2881,https://trendlyne.com/research-reports/stock/2881/KILBUNENGG/,22229100000,Industrial Machinery,General Industrials,522101
Mangalam Cement Ltd,MANGLMCEM,831,https://trendlyne.com/research-reports/stock/831/MANGLMCEM/,22165780989,,,
Dr Agarwal S Eye Hospital Ltd,DRAGARWQ,3195,https://trendlyne.com/research-reports/stock/3195/DRAGARWQ/,22104300000,Healthcare Facilities,Healthcare,526783
Sundrop Brands Ltd,SUNDROP,125,https://trendlyne.com/research-reports/stock/125/SUNDROP/,22054543387,,,
Spectrum Electrical Industries Ltd,SPECTRUM,109636,https://trendlyne.com/research-reports/stock/109636/SPECTRUM/,22044900000,Other Electrical Equipment/Products,Consumer Durables,544386
Prakash Industries Ltd,PRAKASH,1062,https://trendlyne.com/research-reports/stock/1062/PRAKASH/,22009824540,,,
Ramco Industries Ltd,RAMCOIND,1104,https://trendlyne.com/research-reports/stock/1104/RAMCOIND/,21973500000,Construction Materials,Cement and Construction,532369
Vardhman Special Steels Ltd,VSSL,1501,https://trendlyne.com/research-reports/stock/1501/VSSL/,21851000000,Iron & Steel Products,Metals & Mining,534392
Siyaram Silk Mills Ltd,SIYSIL,1249,https://trendlyne.com/research-reports/stock/1249/SIYSIL/,21786716811,,,
Bhansali Engineering Polymers Ltd,BEPL,177,https://trendlyne.com/research-reports/stock/177/BEPL/,21730333340,,,
Jain Irrigation Systems Ltd,JISLJALEQS,682,https://trendlyne.com/research-reports/stock/682/JISLJALEQS/,21623595908,,,
Savita Oil Technologies Ltd,SOTL,1268,https://trendlyne.com/research-reports/stock/1268/SOTL/,21569100000,Refineries/Petro-Products,Oil & Gas,524667
Prabha Energy Ltd,PRABHA,3033538,https://trendlyne.com/research-reports/stock/3033538/PRABHA/,21564400000,Exploration & Production,Oil & Gas,544379
Sagar Cements Ltd,SAGCEM,1163,https://trendlyne.com/research-reports/stock/1163/SAGCEM/,21514580262,,,
Bn Agrochem Ltd,ARHNTTO,4462,https://trendlyne.com/research-reports/stock/4462/ARHNTTO/,21510000000,Edible Oils,FMCG,526125
Ajmera Realty Infra India Ltd,AJMERA,50,https://trendlyne.com/research-reports/stock/50/AJMERA/,21403889812,,,
Bombay Dyeing Manufacturing Company Ltd,BOMDYEING,213,https://trendlyne.com/research-reports/stock/213/BOMDYEING/,21258637320,,,
Nitin Spinners Ltd,NITINSPIN,948,https://trendlyne.com/research-reports/stock/948/NITINSPIN/,21206200000,Textiles,Textiles Apparels & Accessories,532698
Solara Active Pharma Sciences Ltd,SOLARA,94298,https://trendlyne.com/research-reports/stock/94298/SOLARA/,21181200000,Pharmaceuticals,Pharmaceuticals & Biotechnology,541540
Uniparts India Ltd,UNIPARTS,1164371,https://trendlyne.com/research-reports/stock/1164371/UNIPARTS/,21176600000,Heavy Electrical Equipment,General Industrials,543689
Tcpl Packaging Ltd,TCPLPACK,2936,https://trendlyne.com/research-reports/stock/2936/TCPLPACK/,21108400000,Containers & Packaging,Commercial Services & Supplies,523301
Sangam India Ltd,SANGAMIND,1178,https://trendlyne.com/research-reports/stock/1178/SANGAMIND/,21012408198,,,
Unichem Laboratories Ltd,UNICHEMLAB,1445,https://trendlyne.com/research-reports/stock/1445/UNICHEMLAB/,21002034366,,,
Thirumalai Chemicals Ltd,TIRUMALCHM,1402,https://trendlyne.com/research-reports/stock/1402/TIRUMALCHM/,20985827119,,,
Nucleus Software Exports Ltd,NUCLEUS,960,https://trendlyne.com/research-reports/stock/960/NUCLEUS/,20879900000,IT Consulting & Software,Software & Services,531209
Utkarsh Small Finance Bank Ltd,UTKARSHBNK,1542942,https://trendlyne.com/research-reports/stock/1542942/UTKARSHBNK/,20856000000,Microfinance Institutions,Banking and Finance,543942
Dee Development Engineers Ltd,DEEDEV,83147,https://trendlyne.com/research-reports/stock/83147/DEEDEV/,20844800000,Construction & Engineering,Cement and Construction,544198
Titan Biotech Ltd,TITANBIO,3072,https://trendlyne.com/research-reports/stock/3072/TITANBIO/,20824500000,Specialty Chemicals,Chemicals & Petrochemicals,524717
Antelopus Selan Energy Ltd,ANTELOPUS,1200,https://trendlyne.com/research-reports/stock/1200/ANTELOPUS/,20781000000,Exploration & Production,Oil & Gas,530075
Epack Durables Ltd,EPACK,1912620,https://trendlyne.com/research-reports/stock/1912620/EPACK/,20770900000,Consumer Electronics,Consumer Durables,544095
Morepen Laboratories Ltd,MOREPENLAB,876,https://trendlyne.com/research-reports/stock/876/MOREPENLAB/,20718130149,,,
Nitco Ltd,NITCO,945,https://trendlyne.com/research-reports/stock/945/NITCO/,20544900000,Ceramics,Consumer Durables,532722
Ceinsys Tech Ltd,CEINSYS,4096,https://trendlyne.com/research-reports/stock/4096/CEINSYS/,20516900000,IT Consulting & Software,Software & Services,538734
Eveready Industries India Ltd,EVEREADY,398,https://trendlyne.com/research-reports/stock/398/EVEREADY/,20465100000,Household Products,Consumer Durables,531508
Tulsyan Nec Ltd,TULSYAN,1427,https://trendlyne.com/research-reports/stock/1427/TULSYAN/,0,,,
Venus Pipes Tubes Ltd,VENUSPIPES,877861,https://trendlyne.com/research-reports/stock/877861/VENUSPIPES/,20402300000,Iron & Steel Products,Metals & Mining,543528
Insolation Energy Ltd,INA,1052267,https://trendlyne.com/research-reports/stock/1052267/INA/,20247300000,Power - Electric Utilities,Utilities,543620
The Orissa Minerals Development Company Ltd,ORISSAMINE,990,https://trendlyne.com/research-reports/stock/990/ORISSAMINE/,20232600000,Coal & Mining,Metals & Mining,590086
Jindal Worldwide Ltd,JINDWORLD,680,https://trendlyne.com/research-reports/stock/680/JINDWORLD/,20192400000,Textiles,Textiles Apparels & Accessories,531543
Gujarat Industries Power Company Ltd,GIPCL,458,https://trendlyne.com/research-reports/stock/458/GIPCL/,20190989693,,,
Honda India Power Products Ltd,HONDAPOWER,570,https://trendlyne.com/research-reports/stock/570/HONDAPOWER/,20093500000,Industrial Machinery,General Industrials,522064
Alembic Ltd,ALEMBICLTD,55,https://trendlyne.com/research-reports/stock/55/ALEMBICLTD/,19995601652,,,
Pix Transmissions Ltd,PIXTRANS,2072,https://trendlyne.com/research-reports/stock/2072/PIXTRANS/,19906095701,,,
Windsor Machines Ltd,WINDMACHIN,1523,https://trendlyne.com/research-reports/stock/1523/WINDMACHIN/,19906000000,Industrial Machinery,General Industrials,522029
M M Forgings Ltd,MMFL,868,https://trendlyne.com/research-reports/stock/868/MMFL/,19894400000,Castings & Forgings,General Industrials,522241
Protean Egov Technologies Ltd,PROTEAN,1776577,https://trendlyne.com/research-reports/stock/1776577/PROTEAN/,19892000000,IT Consulting & Software,Software & Services,544021
Hikal Ltd,HIKAL,545,https://trendlyne.com/research-reports/stock/545/HIKAL/,19846500000,Pharmaceuticals,Pharmaceuticals & Biotechnology,524735
Cantabil Retail India Ltd,CANTABIL,235,https://trendlyne.com/research-reports/stock/235/CANTABIL/,19836400000,Other Apparels & Accessories,Textiles Apparels & Accessories,533267
Taj Gvk Hotels Resorts Ltd,TAJGVK,1345,https://trendlyne.com/research-reports/stock/1345/TAJGVK/,19826200000,Hotels,Hotels Restaurants & Tourism,532390
Panacea Biotec Ltd,PANACEABIO,996,https://trendlyne.com/research-reports/stock/996/PANACEABIO/,19808500000,Biotechnology,Pharmaceuticals & Biotechnology,531349
Mufin Green Finance Ltd,MUFIN,166312,https://trendlyne.com/research-reports/stock/166312/MUFIN/,19804300000,Finance (including NBFCs),Banking and Finance,542774
Camlin Fine Sciences Ltd,CAMLINFINE,1559,https://trendlyne.com/research-reports/stock/1559/CAMLINFINE/,19777200000,Specialty Chemicals,Chemicals & Petrochemicals,532834
La Opala Rg Ltd,LAOPALA,784,https://trendlyne.com/research-reports/stock/784/LAOPALA/,19663600000,Houseware,Consumer Durables,526947
Pennar Industries Ltd,PENIND,1020,https://trendlyne.com/research-reports/stock/1020/PENIND/,19652220279,,,
Teamlease Services Ltd,TEAMLEASE,1955,https://trendlyne.com/research-reports/stock/1955/TEAMLEASE/,19633000000,Misc. Commercial Services,Commercial Services & Supplies,539658
Jtl Industries Ltd,JTLIND,3930,https://trendlyne.com/research-reports/stock/3930/JTLIND/,19606900000,Iron & Steel Products,Metals & Mining,534600
Rhetan Tmt Ltd,RHETAN,1005463,https://trendlyne.com/research-reports/stock/1005463/RHETAN/,19595200000,Iron & Steel Products,Metals & Mining,543590
Adf Foods Ltd,ADFFOODS,29,https://trendlyne.com/research-reports/stock/29/ADFFOODS/,19550226395,,,
Advait Energy Transitions Ltd,ADVAIT,294641,https://trendlyne.com/research-reports/stock/294641/ADVAIT/,19484000000,Wires & Cables,Consumer Durables,543230
Fusion Finance Ltd,FUSION,755078,https://trendlyne.com/research-reports/stock/755078/FUSION/,19414600000,Microfinance Institutions,Banking and Finance,543652
Divgi Torqtransfer Systems Ltd,DIVGIITTS,1381687,https://trendlyne.com/research-reports/stock/1381687/DIVGIITTS/,19383400000,Auto Parts & Equipment,Automobiles & Auto Components,543812
Bgr Energy Systems Ltd,BGRENERGY,182,https://trendlyne.com/research-reports/stock/182/BGRENERGY/,19307600000,Power - Electric Utilities,Utilities,532930
Vintage Coffee And Beverages Ltd,VINCOFE,4137,https://trendlyne.com/research-reports/stock/4137/VINCOFE/,19201600000,Commodity Trading  & Distribution,Commercial Services & Supplies,538920
Apollo Pipes Ltd,APOLLOPIPE,3689,https://trendlyne.com/research-reports/stock/3689/APOLLOPIPE/,19158800000,Plastic Products,General Industrials,531761
Hpl Electric Power Ltd,HPL,4775,https://trendlyne.com/research-reports/stock/4775/HPL/,19129400000,Consumer Electronics,Consumer Durables,540136
Arkade Developers Ltd,ARKADE,2629534,https://trendlyne.com/research-reports/stock/2629534/ARKADE/,19062100000,Realty,Realty,544261
Tci Express Ltd,TCIEXP,52914,https://trendlyne.com/research-reports/stock/52914/TCIEXP/,19028900000,Warehousing & Logistics,Transportation,540212
Ujaas Energy Ltd,UEL,1442,https://trendlyne.com/research-reports/stock/1442/UEL/,19006500000,Heavy Electrical Equipment,General Industrials,533644
K P Energy Ltd,KPEL,4341,https://trendlyne.com/research-reports/stock/4341/KPEL/,18987000000,Power - Electric Utilities,Utilities,539686
Cian Agro Industries Infrastructure Ltd,CIAN,82357,https://trendlyne.com/research-reports/stock/82357/CIAN/,18959000000,Edible Oils,FMCG,519477
Gk Energy Ltd,GKENERGY,3262882,https://trendlyne.com/research-reports/stock/3262882/GKENERGY/,18795100000,Compressors & Pumps,General Industrials,544525
Amir Chand Jagdish Kumar Exports Ltd,AMIRCHAND,3457159,https://trendlyne.com/research-reports/stock/3457159/AMIRCHAND/,18639300000,Other Agricultural Products,"Food, Beverages & Tobacco",544743
Shipping Corporation Of India Land And Assets Ltd,SCILAL,2154480,https://trendlyne.com/research-reports/stock/2154480/SCILAL/,18594700000,Realty,Realty,544142
Kalyani Investment Company Ltd,KICL,740,https://trendlyne.com/research-reports/stock/740/KICL/,18546000000,Investment Companies,Others,533302
Hle Glascoat Ltd,HLEGLAS,2892,https://trendlyne.com/research-reports/stock/2892/HLEGLAS/,18544400000,Industrial Machinery,General Industrials,522215
Rane Madras Ltd,RML,1142,https://trendlyne.com/research-reports/stock/1142/RML/,18496100000,Auto Parts & Equipment,Automobiles & Auto Components,532661
Dcx Systems Ltd,DCXINDIA,1099425,https://trendlyne.com/research-reports/stock/1099425/DCXINDIA/,18481200000,Aerospace & Defence,General Industrials,543650
Awfis Space Solutions Ltd,AWFIS,2278178,https://trendlyne.com/research-reports/stock/2278178/AWFIS/,18481100000,Special Consumer Services,Diversified Consumer Services,544181
Spice Lounge Food Works Ltd,SAGL,4544,https://trendlyne.com/research-reports/stock/4544/SAGL/,18473700000,Other Financial Services,Banking and Finance,539895
Nilkamal Ltd,NILKAMAL,943,https://trendlyne.com/research-reports/stock/943/NILKAMAL/,18272600000,Plastic Products,General Industrials,523385
Vimta Labs Ltd,VIMTALABS,1484,https://trendlyne.com/research-reports/stock/1484/VIMTALABS/,18267600000,Healthcare Services,Healthcare,524394
Apcotex Industries Ltd,APCOTEXIND,89,https://trendlyne.com/research-reports/stock/89/APCOTEXIND/,18246800000,Auto Tyres & Rubber Products,Automobiles & Auto Components,523694
Jaykay Enterprises Ltd,JAYKAY,2066,https://trendlyne.com/research-reports/stock/2066/JAYKAY/,18223092022,,,
Sika Interplant Systems Ltd,SIKA,2960,https://trendlyne.com/research-reports/stock/2960/SIKA/,18121500000,Aerospace & Defence,General Industrials,523606
Brightcom Group Ltd,BCG,1722,https://trendlyne.com/research-reports/stock/1722/BCG/,18065800000,Internet Software & Services,Software & Services,532368
S P Apparels Ltd,SPAL,4656,https://trendlyne.com/research-reports/stock/4656/SPAL/,18028400000,Other Apparels & Accessories,Textiles Apparels & Accessories,540048
Sasken Technologies Ltd,SASKEN,1188,https://trendlyne.com/research-reports/stock/1188/SASKEN/,18024900000,IT Consulting & Software,Software & Services,532663
Filatex India Ltd,FILATEX,414,https://trendlyne.com/research-reports/stock/414/FILATEX/,18024300000,Textiles,Textiles Apparels & Accessories,526227
Capacit E Infraprojects Ltd,CAPACITE,60599,https://trendlyne.com/research-reports/stock/60599/CAPACITE/,17933500000,Construction & Engineering,Cement and Construction,540710
Sai Parenterals Ltd,SAIPARENT,3461702,https://trendlyne.com/research-reports/stock/3461702/SAIPARENT/,17923500000,Pharmaceuticals,Pharmaceuticals & Biotechnology,544742
Mobavenue Ai Tech Ltd,SESL,4339,https://trendlyne.com/research-reports/stock/4339/SESL/,17865000000,Education,Diversified Consumer Services,539682
Krsnaa Diagnostics Ltd,KRSNAA,620545,https://trendlyne.com/research-reports/stock/620545/KRSNAA/,17855900000,Healthcare Services,Healthcare,543328
Eih Associated Hotels Ltd,EIHAHOTELS,362,https://trendlyne.com/research-reports/stock/362/EIHAHOTELS/,17833000000,Hotels,Hotels Restaurants & Tourism,523127
Msp Steel Power Ltd,MSPL,886,https://trendlyne.com/research-reports/stock/886/MSPL/,17786100000,Iron & Steel/Interm.Products,Metals & Mining,532650
Mukand Ltd,MUKANDLTD,891,https://trendlyne.com/research-reports/stock/891/MUKANDLTD/,17772441756,,,
Studds Accessories Ltd,STUDDS,3309490,https://trendlyne.com/research-reports/stock/3309490/STUDDS/,17718900000,Auto Parts & Equipment,Automobiles & Auto Components,544599
Insecticides India Ltd,INSECTICID,635,https://trendlyne.com/research-reports/stock/635/INSECTICID/,17711800000,Agrochemicals,Chemicals & Petrochemicals,532851
Bajel Projects Ltd,BAJEL,1845603,https://trendlyne.com/research-reports/stock/1845603/BAJEL/,17621800000,Heavy Electrical Equipment,General Industrials,544042
Kcp Ltd,KCP,725,https://trendlyne.com/research-reports/stock/725/KCP/,17406900000,Cement & Cement Products,Cement and Construction,590066
Confidence Petroleum India Ltd,CONFIPET,3203,https://trendlyne.com/research-reports/stock/3203/CONFIPET/,17406100000,Oil Marketing & Distribution,Oil & Gas,526829
Mold Tek Packaging Ltd,MOLDTKPAC,1577,https://trendlyne.com/research-reports/stock/1577/MOLDTKPAC/,17370400000,Containers & Packaging,Commercial Services & Supplies,533080
Hathway Cable Datacom Ltd,HATHWAY,523,https://trendlyne.com/research-reports/stock/523/HATHWAY/,17311600000,Broadcasting & Cable TV,Media,533162
Indoco Remedies Ltd,INDOCO,614,https://trendlyne.com/research-reports/stock/614/INDOCO/,17286600000,Pharmaceuticals,Pharmaceuticals & Biotechnology,532612
Venky S India Ltd,VENKEYS,1473,https://trendlyne.com/research-reports/stock/1473/VENKEYS/,17231600000,Packaged Foods,FMCG,523261
Ideaforge Technology Ltd,IDEAFORGE,1506759,https://trendlyne.com/research-reports/stock/1506759/IDEAFORGE/,17145900000,Aerospace & Defence,General Industrials,543932
Accelya Solutions India Ltd,ACCELYA,23,https://trendlyne.com/research-reports/stock/23/ACCELYA/,17119000000,IT Consulting & Software,Software & Services,532268
Asian Granito India Ltd,ASIANTILES,118,https://trendlyne.com/research-reports/stock/118/ASIANTILES/,17115500000,Ceramics,Consumer Durables,532888
Gsp Crop Science Ltd,GSPCROP,3455660,https://trendlyne.com/research-reports/stock/3455660/GSPCROP/,17105000000,Agrochemicals,Chemicals & Petrochemicals,544733
Ptc India Financial Services Ltd,PFS,1030,https://trendlyne.com/research-reports/stock/1030/PFS/,17014100000,Finance (including NBFCs),Banking and Finance,533344
Shringar House Of Mangalsutra Ltd,SHRINGARMS,3245879,https://trendlyne.com/research-reports/stock/3245879/SHRINGARMS/,16965300000,Gems & Jewellery,Textiles Apparels & Accessories,544512
Hinduja Global Solutions Ltd,HGS,544,https://trendlyne.com/research-reports/stock/544/HGS/,16907800000,BPO/KPO,Software & Services,532859
Jai Corp Ltd,JAICORPLTD,657,https://trendlyne.com/research-reports/stock/657/JAICORPLTD/,16899903585,,,
Yasho Industries Ltd,YASHO,87885,https://trendlyne.com/research-reports/stock/87885/YASHO/,16864300000,Specialty Chemicals,Chemicals & Petrochemicals,541167
Landmark Cars Ltd,LANDMARK,1241144,https://trendlyne.com/research-reports/stock/1241144/LANDMARK/,16814000000,Specialty Retail,Retailing,543714
S H Kelkar Company Ltd,SHK,1788,https://trendlyne.com/research-reports/stock/1788/SHK/,16724000000,Personal Products,FMCG,539450
Indian Hume Pipe Company Ltd,INDIANHUME,611,https://trendlyne.com/research-reports/stock/611/INDIANHUME/,16599497965,,,
Hindware Home Innovation Ltd,HINDWAREAP,178605,https://trendlyne.com/research-reports/stock/178605/HINDWAREAP/,16557000000,Household Appliances,Consumer Durables,542905
Saksoft Ltd,SAKSOFT,1167,https://trendlyne.com/research-reports/stock/1167/SAKSOFT/,16445600000,IT Consulting & Software,Software & Services,590051
Hindustan Oil Exploration Company Ltd,HINDOILEXP,555,https://trendlyne.com/research-reports/stock/555/HINDOILEXP/,16390233562,,,
Sportking India Ltd,SPORTKING,4220,https://trendlyne.com/research-reports/stock/4220/SPORTKING/,16324900000,Textiles,Textiles Apparels & Accessories,539221
Summit Securities Ltd,SUMMITSEC,1308,https://trendlyne.com/research-reports/stock/1308/SUMMITSEC/,16225100000,Investment Companies,Others,533306
Panama Petrochem Ltd,PANAMAPET,997,https://trendlyne.com/research-reports/stock/997/PANAMAPET/,16205600000,Refineries/Petro-Products,Oil & Gas,524820
Grand Oak Canyons Distillery Ltd,DHOOTIND,2987,https://trendlyne.com/research-reports/stock/2987/DHOOTIND/,16178800000,Finance (including NBFCs),Banking and Finance,523862
Zodiac Jrd Mkj Ltd,ZODJRDMKJ,1547,https://trendlyne.com/research-reports/stock/1547/ZODJRDMKJ/,0,,,
Dolphin Offshore Enterprises India Ltd,DOLPHIN,339,https://trendlyne.com/research-reports/stock/339/DOLPHIN/,16123900000,Oil Equipment & Services,Oil & Gas,522261
Kernex Microsystems India Ltd,KERNEX,731,https://trendlyne.com/research-reports/stock/731/KERNEX/,16104300000,Transport Related Services,Transportation,532686
Seshasayee Paper Boards Ltd,SESHAPAPER,1204,https://trendlyne.com/research-reports/stock/1204/SESHAPAPER/,16092511622,,,
Satin Creditcare Network Ltd,SATIN,1768,https://trendlyne.com/research-reports/stock/1768/SATIN/,16084600000,Microfinance Institutions,Banking and Finance,539404
Geojit Financial Services Ltd,GEOJITFSL,450,https://trendlyne.com/research-reports/stock/450/GEOJITFSL/,16083000000,Capital Markets,Banking and Finance,532285
Spandana Sphoorty Financial Ltd,SPANDANA,155461,https://trendlyne.com/research-reports/stock/155461/SPANDANA/,16078400000,Microfinance Institutions,Banking and Finance,542759
Windlas Biotech Ltd,WINDLAS,616415,https://trendlyne.com/research-reports/stock/616415/WINDLAS/,16045600000,Pharmaceuticals,Pharmaceuticals & Biotechnology,543329
Oriental Hotels Ltd,ORIENTHOT,986,https://trendlyne.com/research-reports/stock/986/ORIENTHOT/,16027490032,,,
India Nippon Electricals Ltd,INDNIPPON,613,https://trendlyne.com/research-reports/stock/613/INDNIPPON/,15999000000,Auto Parts & Equipment,Automobiles & Auto Components,532240
Godavari Biorefineries Ltd,GODAVARIB,2729499,https://trendlyne.com/research-reports/stock/2729499/GODAVARIB/,15974600000,Specialty Chemicals,Chemicals & Petrochemicals,544279
Ems Ltd,EMSLIMITED,1665479,https://trendlyne.com/research-reports/stock/1665479/EMSLIMITED/,15962300000,Waste Management,Utilities,543983
Cosmo First Ltd,COSMOFIRST,286,https://trendlyne.com/research-reports/stock/286/COSMOFIRST/,15942903586,,,
Gna Axles Ltd,GNA,4710,https://trendlyne.com/research-reports/stock/4710/GNA/,15940200000,Auto Parts & Equipment,Automobiles & Auto Components,540124
Indosolar Ltd,WAAREEINDO,616,https://trendlyne.com/research-reports/stock/616/WAAREEINDO/,15925900000,Other Electrical Equipment/Products,Consumer Durables,533257
Somany Ceramics Ltd,SOMANYCERA,1264,https://trendlyne.com/research-reports/stock/1264/SOMANYCERA/,15921200000,Ceramics,Consumer Durables,531548
India Pesticides Ltd,IPL,561314,https://trendlyne.com/research-reports/stock/561314/IPL/,15914400000,Agrochemicals,Chemicals & Petrochemicals,543311
Stove Kraft Ltd,STOVEKRAFT,409322,https://trendlyne.com/research-reports/stock/409322/STOVEKRAFT/,15770700000,Household Appliances,Consumer Durables,543260
Vidhi Specialty Food Ingredients Ltd,VIDHIING,1986,https://trendlyne.com/research-reports/stock/1986/VIDHIING/,15742700000,Specialty Chemicals,Chemicals & Petrochemicals,531717
Ndr Auto Components Ltd,NDRAUTO,258647,https://trendlyne.com/research-reports/stock/258647/NDRAUTO/,15686400000,Auto Parts & Equipment,Automobiles & Auto Components,543214
Hi Tech Pipes Ltd,HITECH,87816,https://trendlyne.com/research-reports/stock/87816/HITECH/,15663700000,Iron & Steel Products,Metals & Mining,543411
Yatra Online Ltd,YATRA,1690560,https://trendlyne.com/research-reports/stock/1690560/YATRA/,15564500000,Travel Support Services,Diversified Consumer Services,543992
Arman Financial Services Ltd,ARMANFIN,3489,https://trendlyne.com/research-reports/stock/3489/ARMANFIN/,15524400000,Finance (including NBFCs),Banking and Finance,531179
Pashupati Cotspin Ltd,PASHUPATI,87818,https://trendlyne.com/research-reports/stock/87818/PASHUPATI/,15482500000,Textiles,Textiles Apparels & Accessories,544448
Mahanagar Telephone Nigam Ltd,MTNL,888,https://trendlyne.com/research-reports/stock/888/MTNL/,15453900433,,,
Frontier Springs Ltd,FRONTSP,2889,https://trendlyne.com/research-reports/stock/2889/FRONTSP/,15445800000,Auto Parts & Equipment,Automobiles & Auto Components,522195
Haryana Financial Corporation,HARAFIN,4467,https://trendlyne.com/research-reports/stock/4467/HARAFIN/,15368800000,Financial Institutions,Banking and Finance,530927
Sumeet Industries Ltd,SUMEETINDS,1307,https://trendlyne.com/research-reports/stock/1307/SUMEETINDS/,15347656748,,,
Balmer Lawrie Investments Ltd,BLIL,3853,https://trendlyne.com/research-reports/stock/3853/BLIL/,15256200000,Finance (including NBFCs),Banking and Finance,532485
Talbros Automotive Components Ltd,TALBROAUTO,1347,https://trendlyne.com/research-reports/stock/1347/TALBROAUTO/,15225865705,,,
M B Engineering Ltd,MBEL,3196800,https://trendlyne.com/research-reports/stock/3196800/MBEL/,15218000000,Iron & Steel Products,Metals & Mining,544470
Ador Welding Ltd,ADOR,31,https://trendlyne.com/research-reports/stock/31/ADOR/,15118695531,,,
Bf Utilities Ltd,BFUTILITIE,180,https://trendlyne.com/research-reports/stock/180/BFUTILITIE/,15116000000,Power - Electric Utilities,Utilities,532430
Racl Geartech Ltd,RACLGEAR,2830,https://trendlyne.com/research-reports/stock/2830/RACLGEAR/,15087600000,Auto Parts & Equipment,Automobiles & Auto Components,520073
Solarworld Energy Solutions Ltd,SOLARWORLD,3267079,https://trendlyne.com/research-reports/stock/3267079/SOLARWORLD/,15085400000,Green & Renewable Energy,Utilities,544532
Shalby Ltd,SHALBY,68816,https://trendlyne.com/research-reports/stock/68816/SHALBY/,15056600000,Healthcare Facilities,Healthcare,540797
Rishabh Instruments Ltd,RISHABH,1650515,https://trendlyne.com/research-reports/stock/1650515/RISHABH/,14944300000,Other Electrical Equipment/Products,Consumer Durables,543977
Delta Corp Ltd,DELTACORP,320,https://trendlyne.com/research-reports/stock/320/DELTACORP/,14936300000,Other Leisure Facilities,Diversified Consumer Services,532848
Ashika Credit Capital Ltd,ASHIKACR,4396,https://trendlyne.com/research-reports/stock/4396/ASHIKACR/,14824100000,Finance (including NBFCs),Banking and Finance,543766
Kwality Pharmaceuticals Ltd,KPL,4743,https://trendlyne.com/research-reports/stock/4743/KPL/,14776200000,Pharmaceuticals,Pharmaceuticals & Biotechnology,539997
Go Fashion India Ltd,GOCOLORS,728986,https://trendlyne.com/research-reports/stock/728986/GOCOLORS/,14775800000,Other Apparels & Accessories,Textiles Apparels & Accessories,543401
Amrutanjan Health Care Ltd,AMRUTANJAN,74,https://trendlyne.com/research-reports/stock/74/AMRUTANJAN/,14763200000,Pharmaceuticals,Pharmaceuticals & Biotechnology,590006
Sai Silks Kalamandir Ltd,KALAMANDIR,1698176,https://trendlyne.com/research-reports/stock/1698176/KALAMANDIR/,14713900000,Other Apparels & Accessories,Textiles Apparels & Accessories,543989
Rico Auto Industries Ltd,RICOAUTO,1136,https://trendlyne.com/research-reports/stock/1136/RICOAUTO/,14712200000,Auto Parts & Equipment,Automobiles & Auto Components,520008
Epack Prefab Technologies Ltd,EPACKPEB,3267506,https://trendlyne.com/research-reports/stock/3267506/EPACKPEB/,14645600000,Construction & Engineering,Cement and Construction,544540
Bls E Services Ltd,BLSE,1960618,https://trendlyne.com/research-reports/stock/1960618/BLSE/,14584300000,Misc. Commercial Services,Commercial Services & Supplies,544107
Sbc Exports Ltd,SBC,149051,https://trendlyne.com/research-reports/stock/149051/SBC/,14561900000,Other Apparels & Accessories,Textiles Apparels & Accessories,542725
Rane Holdings Ltd,RANEHOLDIN,1111,https://trendlyne.com/research-reports/stock/1111/RANEHOLDIN/,14529813695,,,
Silver Touch Technologies Ltd,SILVERTUC,87793,https://trendlyne.com/research-reports/stock/87793/SILVERTUC/,14510900000,IT Consulting & Software,Software & Services,543525
Som Distilleries Breweries Ltd,SDBL,1197,https://trendlyne.com/research-reports/stock/1197/SDBL/,14453298512,,,
Blue Cloud Softech Solutions Ltd,BLUECLOUDS,4325,https://trendlyne.com/research-reports/stock/4325/BLUECLOUDS/,14436600000,IT Software Products,Software & Services,539607
Vikran Engineering Ltd,VIKRAN,3226637,https://trendlyne.com/research-reports/stock/3226637/VIKRAN/,14288300000,Heavy Electrical Equipment,General Industrials,544496
Dollar Industries Ltd,DOLLAR,71280,https://trendlyne.com/research-reports/stock/71280/DOLLAR/,14283400000,Other Apparels & Accessories,Textiles Apparels & Accessories,541403
Dcw Ltd,DCW,314,https://trendlyne.com/research-reports/stock/314/DCW/,14224464680,,,
D Link India Ltd,DLINKINDIA,338,https://trendlyne.com/research-reports/stock/338/DLINKINDIA/,14201900000,IT Networking Equipment,Hardware Technology & Equipment,533146
Sanstar Ltd,SANSTAR,2444060,https://trendlyne.com/research-reports/stock/2444060/SANSTAR/,14175000000,Other Food & Beverages,"Food, Beverages & Tobacco",544217
String Metaverse Ltd,BGPL,3927,https://trendlyne.com/research-reports/stock/3927/BGPL/,14006800000,Internet Software & Services,Software & Services,534535
Beta Drugs Ltd,BETA,83050,https://trendlyne.com/research-reports/stock/83050/BETA/,14003200000,Pharmaceuticals,Pharmaceuticals & Biotechnology,531481
Jindal Drilling Industries Ltd,JINDRILL,679,https://trendlyne.com/research-reports/stock/679/JINDRILL/,13984371316,,,
Shukra Pharmaceuticals Ltd,RELISH,3059,https://trendlyne.com/research-reports/stock/3059/RELISH/,13964000000,Pharmaceuticals,Pharmaceuticals & Biotechnology,524632
Garuda Construction And Engineering Ltd,GARUDA,2696416,https://trendlyne.com/research-reports/stock/2696416/GARUDA/,13958100000,Construction & Engineering,Cement and Construction,544271
Jnk India Ltd,JNKINDIA,2217258,https://trendlyne.com/research-reports/stock/2217258/JNKINDIA/,13859800000,Other Industrial Products,General Industrials,544167
Infobeans Technologies Ltd,INFOBEAN,87792,https://trendlyne.com/research-reports/stock/87792/INFOBEAN/,13771100000,IT Consulting & Software,Software & Services,543644
Veranda Learning Solutions Ltd,VERANDA,856362,https://trendlyne.com/research-reports/stock/856362/VERANDA/,13764800000,IT Training Services,Software & Services,543514
Nibe Ltd,NIBE,3950,https://trendlyne.com/research-reports/stock/3950/NIBE/,13712400000,Aerospace & Defence,General Industrials,535136
Ugro Capital Ltd,UGROCAP,2506,https://trendlyne.com/research-reports/stock/2506/UGROCAP/,13701326252,,,
Ramco Systems Ltd,RAMCOSYS,1105,https://trendlyne.com/research-reports/stock/1105/RAMCOSYS/,13675400000,IT Consulting & Software,Software & Services,532370
Kmc Speciality Hospitals India Ltd,KMCSHIL,3037,https://trendlyne.com/research-reports/stock/3037/KMCSHIL/,13648600000,Healthcare Facilities,Healthcare,524520
Spml Infra Ltd,SPMLINFRA,1278,https://trendlyne.com/research-reports/stock/1278/SPMLINFRA/,13555692857,,,
Gocl Corporation Ltd,GOCLCORP,517,https://trendlyne.com/research-reports/stock/517/GOCLCORP/,13519366270,,,
Jagran Prakashan Ltd,JAGRAN,654,https://trendlyne.com/research-reports/stock/654/JAGRAN/,13466300000,Publishing,Commercial Services & Supplies,532705
One Mobikwik Systems Ltd,MOBIKWIK,755505,https://trendlyne.com/research-reports/stock/755505/MOBIKWIK/,13388900000,Internet Software & Services,Software & Services,544305
Suryoday Small Finance Bank Ltd,SURYODAY,447586,https://trendlyne.com/research-reports/stock/447586/SURYODAY/,13381900000,Microfinance Institutions,Banking and Finance,543279
5Paisa Capital Ltd,5PAISA,71260,https://trendlyne.com/research-reports/stock/71260/5PAISA/,13379300000,Capital Markets,Banking and Finance,540776
Omaxe Ltd,OMAXE,969,https://trendlyne.com/research-reports/stock/969/OMAXE/,13377300000,Realty,Realty,532880
Gtl Infrastructure Ltd,GTLINFRA,505,https://trendlyne.com/research-reports/stock/505/GTLINFRA/,13321500000,Telecom Equipment,Telecommunications Equipment,532775
Indo Tech Transformers Ltd,INDOTECH,617,https://trendlyne.com/research-reports/stock/617/INDOTECH/,13296200000,Heavy Electrical Equipment,General Industrials,532717
Ag Ventures Ltd,OCCL,1952,https://trendlyne.com/research-reports/stock/1952/OCCL/,0,,,
Bf Investment Ltd,BFINVEST,179,https://trendlyne.com/research-reports/stock/179/BFINVEST/,13217600000,Holding Companies,Diversified,533303
J G Chemicals Ltd,JGCHEM,2106579,https://trendlyne.com/research-reports/stock/2106579/JGCHEM/,13217500000,Specialty Chemicals,Chemicals & Petrochemicals,544138
All Time Plastics Ltd,ALLTIME,3209812,https://trendlyne.com/research-reports/stock/3209812/ALLTIME/,13216900000,Houseware,Consumer Durables,544479
Sula Vineyards Ltd,SULA,1190656,https://trendlyne.com/research-reports/stock/1190656/SULA/,13215100000,Breweries & Distilleries,"Food, Beverages & Tobacco",543711
Gpt Infraprojects Ltd,GPTINFRA,3916,https://trendlyne.com/research-reports/stock/3916/GPTINFRA/,13200000000,Construction & Engineering,Cement and Construction,533761
Aurum Proptech Ltd,AURUM,1762,https://trendlyne.com/research-reports/stock/1762/AURUM/,13186500000,IT Consulting & Software,Software & Services,539289
Ngl Fine Chem Ltd,NGLFINE,3082,https://trendlyne.com/research-reports/stock/3082/NGLFINE/,13175200000,Pharmaceuticals,Pharmaceuticals & Biotechnology,524774
Dynamic Cables Ltd,DYCL,82689,https://trendlyne.com/research-reports/stock/82689/DYCL/,13117300000,Wires & Cables,Consumer Durables,540795
Wendt India Ltd,WENDT,1519,https://trendlyne.com/research-reports/stock/1519/WENDT/,13006000000,,,
Sequent Scientific Ltd,SEQUENT,1984,https://trendlyne.com/research-reports/stock/1984/SEQUENT/,0,,,
Stallion India Fluorochemicals Ltd,STALLION,2928218,https://trendlyne.com/research-reports/stock/2928218/STALLION/,12973700000,Specialty Chemicals,Chemicals & Petrochemicals,544342
Vindhya Telelinks Ltd,VINDHYATEL,1486,https://trendlyne.com/research-reports/stock/1486/VINDHYATEL/,12941735518,,,
Smc Global Securities Ltd,SMCGLOBAL,433920,https://trendlyne.com/research-reports/stock/433920/SMCGLOBAL/,12934600000,Capital Markets,Banking and Finance,543263
Sanghi Industries Ltd,SANGHIIND,1179,https://trendlyne.com/research-reports/stock/1179/SANGHIIND/,12885300000,Cement & Cement Products,Cement and Construction,526521
Arfin India Ltd,ARFIN,4197,https://trendlyne.com/research-reports/stock/4197/ARFIN/,12848200000,Aluminium and Aluminium Products,Metals & Mining,539151
Nelco Ltd,NELCO,926,https://trendlyne.com/research-reports/stock/926/NELCO/,12804615774,,,
Suraksha Diagnostic Ltd,SURAKSHA,2815514,https://trendlyne.com/research-reports/stock/2815514/SURAKSHA/,12758800000,Healthcare Services,Healthcare,544293
Southern Petrochemicals Industries Corporation Ltd,SPIC,1275,https://trendlyne.com/research-reports/stock/1275/SPIC/,12593100000,Fertilizers,Fertilizers,590030
Asian Hotels North Ltd,ASIANHOTNR,116,https://trendlyne.com/research-reports/stock/116/ASIANHOTNR/,12532911087,,,
Ambalal Sarabhai Enterprises Ltd,AMBASARABH,2023,https://trendlyne.com/research-reports/stock/2023/AMBASARABH/,0,,,
Andhra Petrochemicals Ltd,ANDHRAPET,2024,https://trendlyne.com/research-reports/stock/2024/ANDHRAPET/,0,,,
Utique Enterprises Ltd,APPLEIND,2025,https://trendlyne.com/research-reports/stock/2025/APPLEIND/,0,,,
Atv Projects India Ltd,ATVPROJ,2026,https://trendlyne.com/research-reports/stock/2026/ATVPROJ/,0,,,
Jyoti Structures Ltd,JYOTISTRUC,707,https://trendlyne.com/research-reports/stock/707/JYOTISTRUC/,12497619859,,,
Bihar Sponge Iron Ltd,BIHARSPONG,2030,https://trendlyne.com/research-reports/stock/2030/BIHARSPONG/,0,,,
Disa India Ltd,GEORGFISCH,2031,https://trendlyne.com/research-reports/stock/2031/GEORGFISCH/,0,,,
Quest Capital Markets Ltd,BNKCAP,2032,https://trendlyne.com/research-reports/stock/2032/BNKCAP/,0,,,
Navkar Corporation Ltd,NAVKARCORP,1775,https://trendlyne.com/research-reports/stock/1775/NAVKARCORP/,12484100000,Transport Related Services,Transportation,539332
Jagsonpal Pharmaceuticals Ltd,JAGSNPHARM,655,https://trendlyne.com/research-reports/stock/655/JAGSNPHARM/,12482205639,,,
Elantas Beck India Ltd,DRBECK,2035,https://trendlyne.com/research-reports/stock/2035/DRBECK/,0,,,
Fgp Ltd,FGPIND,2037,https://trendlyne.com/research-reports/stock/2037/FGPIND/,0,,,
P H Capital Ltd,PHCAP,2038,https://trendlyne.com/research-reports/stock/2038/PHCAP/,0,,,
John Cockerill India Ltd,FLATPROD,2039,https://trendlyne.com/research-reports/stock/2039/FLATPROD/,0,,,
Texmaco Infrastructure Holdings Ltd,TEXINFRA,1378,https://trendlyne.com/research-reports/stock/1378/TEXINFRA/,12461046353,,,
Metroglobal Ltd,GLOBABOARD,2041,https://trendlyne.com/research-reports/stock/2041/GLOBABOARD/,0,,,
Goodricke Group Ltd,GOODRICKE,2042,https://trendlyne.com/research-reports/stock/2042/GOODRICKE/,0,,,
Goodyear India Ltd,GOODYEAR,2043,https://trendlyne.com/research-reports/stock/2043/GOODYEAR/,0,,,
Prag Bosimi Synthetics Ltd,PRAGBOSIMI,2044,https://trendlyne.com/research-reports/stock/2044/PRAGBOSIMI/,0,,,
India Lease Development Ltd,INDIALEASE,2045,https://trendlyne.com/research-reports/stock/2045/INDIALEASE/,0,,,
Margo Finance Ltd,MARGOFIN,2046,https://trendlyne.com/research-reports/stock/2046/MARGOFIN/,0,,,
International Travel House Ltd,INTLTRAVHS,2049,https://trendlyne.com/research-reports/stock/2049/INTLTRAVHS/,0,,,
Magellanic Cloud Ltd,MCLOUD,4131,https://trendlyne.com/research-reports/stock/4131/MCLOUD/,12458800000,IT Consulting & Software,Software & Services,538891
Jasch Industries Ltd,JASCHIND,2051,https://trendlyne.com/research-reports/stock/2051/JASCHIND/,0,,,
K G Denim Ltd,KGDENIM,2054,https://trendlyne.com/research-reports/stock/2054/KGDENIM/,0,,,
Kinetic Engineering Ltd,KINETICENG,2055,https://trendlyne.com/research-reports/stock/2055/KINETICENG/,0,,,
Kirloskar Ferrous Industries Ltd,KIRLFER,2056,https://trendlyne.com/research-reports/stock/2056/KIRLFER/,0,,,
Envair Electrodyne Ltd,KIRLOSELEC,2057,https://trendlyne.com/research-reports/stock/2057/KIRLOSELEC/,0,,,
Krishna Filament Industries Ltd,KRISNAFILA,2058,https://trendlyne.com/research-reports/stock/2058/KRISNAFILA/,0,,,
Mafatlal Industries Ltd,MAFATLAIND,2060,https://trendlyne.com/research-reports/stock/2060/MAFATLAIND/,0,,,
Majestic Auto Ltd,MAJESAUTO,2061,https://trendlyne.com/research-reports/stock/2061/MAJESAUTO/,0,,,
Mid India Industries Ltd,MIDINDIA,2062,https://trendlyne.com/research-reports/stock/2062/MIDINDIA/,0,,,
Centrum Capital Ltd,CENTRUM,2094,https://trendlyne.com/research-reports/stock/2094/CENTRUM/,12391603453,,,
Spicejet Ltd,SPICEJET,2064,https://trendlyne.com/research-reports/stock/2064/SPICEJET/,0,,,
Naperol Investments Ltd,NATPEROXID,2065,https://trendlyne.com/research-reports/stock/2065/NATPEROXID/,0,,,
Gandhar Oil Refinery India Ltd,GANDHAR,1785396,https://trendlyne.com/research-reports/stock/1785396/GANDHAR/,12383700000,Refineries/Petro-Products,Oil & Gas,544029
Nirlon Ltd,NIRLON,2067,https://trendlyne.com/research-reports/stock/2067/NIRLON/,0,,,
Simplex Infrastructures Ltd,SIMPLEXINF,1244,https://trendlyne.com/research-reports/stock/1244/SIMPLEXINF/,12345200000,Construction & Engineering,Cement and Construction,523838
Indian Sucrose Ltd,OSWALSUG,2069,https://trendlyne.com/research-reports/stock/2069/OSWALSUG/,0,,,
Panyam Cements Mineral Industries Ltd,PANYAMCEM,2070,https://trendlyne.com/research-reports/stock/2070/PANYAMCEM/,0,,,
Huhtamaki India Ltd,HUHTAMAKI,1002,https://trendlyne.com/research-reports/stock/1002/HUHTAMAKI/,12326690160,,,
Punjab Communications Ltd,PUNJCOMMU,2073,https://trendlyne.com/research-reports/stock/2073/PUNJCOMMU/,0,,,
Raama Paper Mills Ltd,RAMAPPR-B,2074,https://trendlyne.com/research-reports/stock/2074/RAMAPPR-B/,0,,,
Rama Petrochemicals Ltd,RAMAPETRO,2075,https://trendlyne.com/research-reports/stock/2075/RAMAPETRO/,0,,,
Rapicut Carbides Ltd,RAPICUT,2076,https://trendlyne.com/research-reports/stock/2076/RAPICUT/,0,,,
Welspun Specialty Solutions Ltd,REMIMETAL,2077,https://trendlyne.com/research-reports/stock/2077/REMIMETAL/,0,,,
Kalind Ltd,MBPARIKH,3223,https://trendlyne.com/research-reports/stock/3223/MBPARIKH/,12317000000,Other Financial Services,Banking and Finance,526935
Samtel India Ltd,SAMTELTD,2079,https://trendlyne.com/research-reports/stock/2079/SAMTELTD/,0,,,
Shree Krishna Paper Mills Industries Ltd,SKPMIL,2080,https://trendlyne.com/research-reports/stock/2080/SKPMIL/,0,,,
Steelco Gujarat Ltd,STEELCOGUJ,2082,https://trendlyne.com/research-reports/stock/2082/STEELCOGUJ/,0,,,
Timex Group India Ltd,TIMEXWATCH,2083,https://trendlyne.com/research-reports/stock/2083/TIMEXWATCH/,0,,,
Transchem Ltd,TRANSCHEM,2084,https://trendlyne.com/research-reports/stock/2084/TRANSCHEM/,0,,,
Utl Industries Ltd,UTLINDS,2085,https://trendlyne.com/research-reports/stock/2085/UTLINDS/,0,,,
Mpil Corporation Ltd,MATHPLATT,2086,https://trendlyne.com/research-reports/stock/2086/MATHPLATT/,0,,,
Signpost India Ltd,SIGNPOST,2045214,https://trendlyne.com/research-reports/stock/2045214/SIGNPOST/,12305800000,Advertising & Media,Media,544117
Team24 Consumer Products Ltd,PHILCORP,2088,https://trendlyne.com/research-reports/stock/2088/PHILCORP/,0,,,
Motisons Jewellers Ltd,MOTISONS,1830844,https://trendlyne.com/research-reports/stock/1830844/MOTISONS/,12256500000,Gems & Jewellery,Textiles Apparels & Accessories,544053
Novartis India Ltd,NOVARTIND,2090,https://trendlyne.com/research-reports/stock/2090/NOVARTIND/,0,,,
Antony Waste Handling Cell Ltd,AWHCL,189407,https://trendlyne.com/research-reports/stock/189407/AWHCL/,12217100000,Waste Management,Utilities,543254
Gold Rock Investments Ltd,ZGOLDINV,2092,https://trendlyne.com/research-reports/stock/2092/ZGOLDINV/,0,,,
Dalal Street Investments Ltd,DSINVEST,2093,https://trendlyne.com/research-reports/stock/2093/DSINVEST/,0,,,
Shanti Gold International Ltd,SHANTIGOLD,3190015,https://trendlyne.com/research-reports/stock/3190015/SHANTIGOLD/,12204400000,Gems & Jewellery,Textiles Apparels & Accessories,544459
Industrial Prudential Investment Company Ltd,INDPRUD,2099,https://trendlyne.com/research-reports/stock/2099/INDPRUD/,0,,,
Jayabharat Credit Ltd,JAYBHCR,2100,https://trendlyne.com/research-reports/stock/2100/JAYBHCR/,0,,,
Rapid Investments Ltd,RAPIDIN,2101,https://trendlyne.com/research-reports/stock/2101/RAPIDIN/,0,,,
Walchand Peoplefirst Ltd,WALCHPF,2102,https://trendlyne.com/research-reports/stock/2102/WALCHPF/,0,,,
W H Brady Company Ltd,WHBRADY,2103,https://trendlyne.com/research-reports/stock/2103/WHBRADY/,0,,,
Technvision Ventures Ltd,TECHNVISN,2104,https://trendlyne.com/research-reports/stock/2104/TECHNVISN/,0,,,
Lincoln Pharmaceuticals Ltd,LINCOLN,1942,https://trendlyne.com/research-reports/stock/1942/LINCOLN/,12116000000,Pharmaceuticals,Pharmaceuticals & Biotechnology,531633
Bombay Cycle Motor Agency Ltd,BOMBCYC,2106,https://trendlyne.com/research-reports/stock/2106/BOMBCYC/,0,,,
Muller Phipps India Ltd,MULLER,2108,https://trendlyne.com/research-reports/stock/2108/MULLER/,0,,,
Indianivesh Ltd,INDIANVSH,2109,https://trendlyne.com/research-reports/stock/2109/INDIANVSH/,0,,,
Esaf Small Finance Bank Ltd,ESAFSFB,755503,https://trendlyne.com/research-reports/stock/755503/ESAFSFB/,12112900000,Microfinance Institutions,Banking and Finance,544020
Chowgule Steamships Ltd,CHOWGULSTM,2112,https://trendlyne.com/research-reports/stock/2112/CHOWGULSTM/,0,,,
Dhenu Buildcon Infra Ltd,DHENUBUILD,2113,https://trendlyne.com/research-reports/stock/2113/DHENUBUILD/,0,,,
Asi Industries Ltd,ASOCSTONE,2114,https://trendlyne.com/research-reports/stock/2114/ASOCSTONE/,0,,,
India Motor Parts Accessories Ltd,IMPAL,603,https://trendlyne.com/research-reports/stock/603/IMPAL/,12110600000,Commodity Trading  & Distribution,Commercial Services & Supplies,590065
Astec Lifesciences Ltd,ASTEC,121,https://trendlyne.com/research-reports/stock/121/ASTEC/,12099200000,Agrochemicals,Chemicals & Petrochemicals,533138
Hester Biosciences Ltd,HESTERBIO,1568,https://trendlyne.com/research-reports/stock/1568/HESTERBIO/,12074700000,Pharmaceuticals,Pharmaceuticals & Biotechnology,524669
Lerthai Finance Ltd,MARATHR,2119,https://trendlyne.com/research-reports/stock/2119/MARATHR/,0,,,
Raasi Refractories Ltd,RASSIREF,2120,https://trendlyne.com/research-reports/stock/2120/RASSIREF/,0,,,
Triveni Glass Ltd,TRIVENSHET,2121,https://trendlyne.com/research-reports/stock/2121/TRIVENSHET/,0,,,
Citadel Realty Developers Ltd,CITADEL,2124,https://trendlyne.com/research-reports/stock/2124/CITADEL/,0,,,
Chaman Lal Setia Exports Ltd,CLSEL,3306,https://trendlyne.com/research-reports/stock/3306/CLSEL/,12069400000,Other Agricultural Products,"Food, Beverages & Tobacco",530307
Nath Industries Ltd,RAMAPULP,2128,https://trendlyne.com/research-reports/stock/2128/RAMAPULP/,0,,,
Vapi Enterprise Ltd,VAPIPPR,2129,https://trendlyne.com/research-reports/stock/2129/VAPIPPR/,0,,,
Forbes Company Ltd,FORBESGOK,2130,https://trendlyne.com/research-reports/stock/2130/FORBESGOK/,0,,,
H P Cotton Textiles Mills Ltd,HPCOTTON,2131,https://trendlyne.com/research-reports/stock/2131/HPCOTTON/,0,,,
United Interactive Ltd,UNITEDINT,2132,https://trendlyne.com/research-reports/stock/2132/UNITEDINT/,0,,,
Jamshri Realty Ltd,JAMSHRI,2133,https://trendlyne.com/research-reports/stock/2133/JAMSHRI/,0,,,
Katare Spinning Mills Ltd,KATRSPG,2134,https://trendlyne.com/research-reports/stock/2134/KATRSPG/,0,,,
Pasupati Spinning Weaving Mills Ltd,PASUPATSPG,2136,https://trendlyne.com/research-reports/stock/2136/PASUPATSPG/,0,,,
Ind Swift Laboratories Ltd,INDSWFTLAB,621,https://trendlyne.com/research-reports/stock/621/INDSWFTLAB/,12057300000,Pharmaceuticals,Pharmaceuticals & Biotechnology,532305
Raja Bahadur International Ltd,RAJABAH,2138,https://trendlyne.com/research-reports/stock/2138/RAJABAH/,0,,,
Til Ltd,TIL,1395,https://trendlyne.com/research-reports/stock/1395/TIL/,11992039378,,,
Simplex Realty Ltd,SIMPLXREA,2141,https://trendlyne.com/research-reports/stock/2141/SIMPLXREA/,0,,,
Victoria Mills Ltd,VICTMILL,2142,https://trendlyne.com/research-reports/stock/2142/VICTMILL/,0,,,
Apollo Ingredients Ltd,INDSOYA,2145,https://trendlyne.com/research-reports/stock/2145/INDSOYA/,0,,,
Veer Energy Infrastructure Ltd,VEERENRGY,2146,https://trendlyne.com/research-reports/stock/2146/VEERENRGY/,0,,,
Sw Investments Ltd,SW1,2147,https://trendlyne.com/research-reports/stock/2147/SW1/,0,,,
Modella Woollens Ltd,MODWOOL,2152,https://trendlyne.com/research-reports/stock/2152/MODWOOL/,0,,,
Modipon Ltd,MODIPON,2153,https://trendlyne.com/research-reports/stock/2153/MODIPON/,0,,,
Shri Dinesh Mills Ltd,SHRIDINESH,2154,https://trendlyne.com/research-reports/stock/2154/SHRIDINESH/,0,,,
Swadeshi Polytex Ltd,SWADPOL,2155,https://trendlyne.com/research-reports/stock/2155/SWADPOL/,0,,,
Shree Rajasthan Syntex Ltd,SHRERAJSYN,2158,https://trendlyne.com/research-reports/stock/2158/SHRERAJSYN/,0,,,
Shree Manufacturing Company Ltd,SHRMFGC,2159,https://trendlyne.com/research-reports/stock/2159/SHRMFGC/,0,,,
Elpro International Ltd,ELPROINTL,2160,https://trendlyne.com/research-reports/stock/2160/ELPROINTL/,0,,,
Gee Ltd,GEE,2161,https://trendlyne.com/research-reports/stock/2161/GEE/,0,,,
Jyoti Ltd,JYOTI,2162,https://trendlyne.com/research-reports/stock/2162/JYOTI/,0,,,
Jsl Industries Ltd,JSLINDL,2163,https://trendlyne.com/research-reports/stock/2163/JSLINDL/,0,,,
Kaycee Industries Ltd,KAYCEEI,2164,https://trendlyne.com/research-reports/stock/2164/KAYCEEI/,0,,,
Indokem Ltd,KHATJUNKER,2165,https://trendlyne.com/research-reports/stock/2165/KHATJUNKER/,0,,,
Panasonic Energy India Company Ltd,LAKHNNATNL,2166,https://trendlyne.com/research-reports/stock/2166/LAKHNNATNL/,0,,,
Permanent Magnets Ltd,PERMAGNET,2167,https://trendlyne.com/research-reports/stock/2167/PERMAGNET/,0,,,
High Energy Batteries India Ltd,HIGHENE,2168,https://trendlyne.com/research-reports/stock/2168/HIGHENE/,0,,,
Standard Batteries Ltd,STANDRDBAT,2169,https://trendlyne.com/research-reports/stock/2169/STANDRDBAT/,0,,,
Delton Cables Ltd,DLTNCBL,2170,https://trendlyne.com/research-reports/stock/2170/DLTNCBL/,0,,,
Lakshmi Electrical Control Systems Ltd,LAKSELECON,2171,https://trendlyne.com/research-reports/stock/2171/LAKSELECON/,0,,,
Modulex Construction Technologies Ltd,TUMUSEL,2172,https://trendlyne.com/research-reports/stock/2172/TUMUSEL/,0,,,
Longspur International Ventures Ltd,CONFINT,2173,https://trendlyne.com/research-reports/stock/2173/CONFINT/,0,,,
Ravindra Energy Ltd,RELTD,2174,https://trendlyne.com/research-reports/stock/2174/RELTD/,0,,,
Rrp Semiconductor Ltd,GDTRAGN,2175,https://trendlyne.com/research-reports/stock/2175/GDTRAGN/,0,,,
Empower India Ltd,EMPOWER,2176,https://trendlyne.com/research-reports/stock/2176/EMPOWER/,0,,,
Multipurpose Trading Agencies Ltd,ZMULTIPU,2177,https://trendlyne.com/research-reports/stock/2177/ZMULTIPU/,0,,,
Grandma Trading Agencies Ltd,GRANDMA,2179,https://trendlyne.com/research-reports/stock/2179/GRANDMA/,0,,,
Nyssa Corporation Ltd,NYSSACORP,2181,https://trendlyne.com/research-reports/stock/2181/NYSSACORP/,0,,,
Flomic Global Logistics Ltd,ZVINADTR,2182,https://trendlyne.com/research-reports/stock/2182/ZVINADTR/,0,,,
Krishna Ventures Ltd,KRISHNA,2184,https://trendlyne.com/research-reports/stock/2184/KRISHNA/,0,,,
Ganesh Holding Ltd,GANHOLD,2185,https://trendlyne.com/research-reports/stock/2185/GANHOLD/,0,,,
Sj Corporation Ltd,SJCORP,2186,https://trendlyne.com/research-reports/stock/2186/SJCORP/,0,,,
Uni Abex Alloy Products Ltd,UNIABEXAL,2187,https://trendlyne.com/research-reports/stock/2187/UNIABEXAL/,0,,,
Bhagwati Autocast Ltd,BGWTATO,2189,https://trendlyne.com/research-reports/stock/2189/BGWTATO/,0,,,
Galada Power Telecommunications Ltd,GALPOWTEL,2191,https://trendlyne.com/research-reports/stock/2191/GALPOWTEL/,0,,,
Azad India Mobility Ltd,IBRIGST,2193,https://trendlyne.com/research-reports/stock/2193/IBRIGST/,0,,,
Indian Link Chain Manufacturer Ltd,INLCM,2194,https://trendlyne.com/research-reports/stock/2194/INLCM/,0,,,
Investment Precision Castings Ltd,INVPRECQ,2195,https://trendlyne.com/research-reports/stock/2195/INVPRECQ/,0,,,
Informed Technologies India Ltd,INFORTEC,2196,https://trendlyne.com/research-reports/stock/2196/INFORTEC/,0,,,
Kaira Can Company Ltd,KAIRA,2197,https://trendlyne.com/research-reports/stock/2197/KAIRA/,0,,,
Rathi Steel Power Ltd,RATHIST,2198,https://trendlyne.com/research-reports/stock/2198/RATHIST/,0,,,
Duncan Engineering Ltd,SSDUNC,2199,https://trendlyne.com/research-reports/stock/2199/SSDUNC/,0,,,
Sandur Manganese Iron Ores Ltd,SANDUMA,2200,https://trendlyne.com/research-reports/stock/2200/SANDUMA/,0,,,
Stovec Industries Ltd,STOVACQ,2201,https://trendlyne.com/research-reports/stock/2201/STOVACQ/,0,,,
Welcast Steels Ltd,ZWELCAST,2204,https://trendlyne.com/research-reports/stock/2204/ZWELCAST/,0,,,
Automobile Corporation Of Goa Ltd,AUTOCORP,2205,https://trendlyne.com/research-reports/stock/2205/AUTOCORP/,0,,,
Setco Automotive Ltd,SETCO,2206,https://trendlyne.com/research-reports/stock/2206/SETCO/,0,,,
Zf Steering Gear India Ltd,ZFSTEERING,2208,https://trendlyne.com/research-reports/stock/2208/ZFSTEERING/,0,,,
Jainex Aamcol Ltd,JAINEX,2209,https://trendlyne.com/research-reports/stock/2209/JAINEX/,0,,,
Alfred Herbert India Ltd,ALFREDHERB,2210,https://trendlyne.com/research-reports/stock/2210/ALFREDHERB/,0,,,
Veljan Denison Ltd,VELJAN,2211,https://trendlyne.com/research-reports/stock/2211/VELJAN/,0,,,
G G Dandekar Properties Ltd,GGDANDE,2212,https://trendlyne.com/research-reports/stock/2212/GGDANDE/,0,,,
Gmm Pfaudler Ltd,GMMPFAUDLR,2213,https://trendlyne.com/research-reports/stock/2213/GMMPFAUDLR/,0,,,
Kirloskar Pneumatic Company Ltd,KIRLPNU,2214,https://trendlyne.com/research-reports/stock/2214/KIRLPNU/,0,,,
Tulive Developers Ltd,TULIVE,2215,https://trendlyne.com/research-reports/stock/2215/TULIVE/,0,,,
Kpt Industries Ltd,KULKPOWT,2216,https://trendlyne.com/research-reports/stock/2216/KULKPOWT/,0,,,
Lakshmi Engineering And Warehousing Ltd,LXMIATO,2217,https://trendlyne.com/research-reports/stock/2217/LXMIATO/,0,,,
Lynx Machinery Commercials Ltd,LYNMC,2218,https://trendlyne.com/research-reports/stock/2218/LYNMC/,0,,,
Harshil Agrotech Ltd,MIRCH,2219,https://trendlyne.com/research-reports/stock/2219/MIRCH/,0,,,
Monotype India Ltd,MONOT,2220,https://trendlyne.com/research-reports/stock/2220/MONOT/,0,,,
Integra Engineering India Ltd,INTEGRAEN,2221,https://trendlyne.com/research-reports/stock/2221/INTEGRAEN/,0,,,
Shyamkamal Investments Ltd,SHYMINV,2223,https://trendlyne.com/research-reports/stock/2223/SHYMINV/,0,,,
Maharashtra Corporation Ltd,MAHACORP,2224,https://trendlyne.com/research-reports/stock/2224/MAHACORP/,0,,,
Dolat Algotech Ltd,DOLATALGO,2225,https://trendlyne.com/research-reports/stock/2225/DOLATALGO/,0,,,
Westlife Foodworld Ltd,WESTLIFE,2228,https://trendlyne.com/research-reports/stock/2228/WESTLIFE/,0,,,
Svp Global Textiles Ltd,SVPGLOB,2232,https://trendlyne.com/research-reports/stock/2232/SVPGLOB/,0,,,
Skyline Millars Ltd,SKYLMILAR,2234,https://trendlyne.com/research-reports/stock/2234/SKYLMILAR/,0,,,
Taparia Tools Ltd,TAPARIA,2237,https://trendlyne.com/research-reports/stock/2237/TAPARIA/,0,,,
Brady Morris Engg Co Ltd,BRADYM,2238,https://trendlyne.com/research-reports/stock/2238/BRADYM/,0,,,
La Tim Metal Industries Ltd,LATIMMETAL,2239,https://trendlyne.com/research-reports/stock/2239/LATIMMETAL/,0,,,
Deccan Bearings Ltd,DECANBRG,2240,https://trendlyne.com/research-reports/stock/2240/DECANBRG/,0,,,
Grauer Weil India Ltd,GRAUWEIL,2241,https://trendlyne.com/research-reports/stock/2241/GRAUWEIL/,0,,,
Him Teknoforge Ltd,GUJAUTO,2243,https://trendlyne.com/research-reports/stock/2243/GUJAUTO/,0,,,
Algoquant Fintech Ltd,HINDEVER,2244,https://trendlyne.com/research-reports/stock/2244/HINDEVER/,0,,,
Singer India Ltd,SINGER,2245,https://trendlyne.com/research-reports/stock/2245/SINGER/,0,,,
International Combustion India Ltd,INTLCOMBQ,2246,https://trendlyne.com/research-reports/stock/2246/INTLCOMBQ/,0,,,
Jost S Engineering Company Ltd,JOSTS,2247,https://trendlyne.com/research-reports/stock/2247/JOSTS/,0,,,
Mipco Seamless Rings Gujarat Ltd,MPCOSEMB,2248,https://trendlyne.com/research-reports/stock/2248/MPCOSEMB/,0,,,
Rolcon Engineering Company Ltd,ROLCOEN,2249,https://trendlyne.com/research-reports/stock/2249/ROLCOEN/,0,,,
Snl Bearings Ltd,SNL,2251,https://trendlyne.com/research-reports/stock/2251/SNL/,0,,,
Jaipan Industries Ltd,JAIPAN,2252,https://trendlyne.com/research-reports/stock/2252/JAIPAN/,0,,,
Mangal Credit And Fincorp Ltd,MANCREDIT,2253,https://trendlyne.com/research-reports/stock/2253/MANCREDIT/,0,,,
Wpil Ltd,WPIL,2254,https://trendlyne.com/research-reports/stock/2254/WPIL/,0,,,
Kennametal India Ltd,KENNAMET,2255,https://trendlyne.com/research-reports/stock/2255/KENNAMET/,0,,,
Hindustan Hardy Ltd,HINDHARD,2256,https://trendlyne.com/research-reports/stock/2256/HINDHARD/,0,,,
Triton Valves Ltd,TRITONV,2257,https://trendlyne.com/research-reports/stock/2257/TRITONV/,0,,,
Sudal Industries Ltd,SUDAI,2258,https://trendlyne.com/research-reports/stock/2258/SUDAI/,0,,,
Stanrose Mafatlal Investments Finance Ltd,STANROS,2262,https://trendlyne.com/research-reports/stock/2262/STANROS/,0,,,
Kairosoft Ai Solutions Ltd,PANKAJPIYUS,2263,https://trendlyne.com/research-reports/stock/2263/PANKAJPIYUS/,0,,,
Parnax Lab Ltd,PARNAXLAB,2264,https://trendlyne.com/research-reports/stock/2264/PARNAXLAB/,0,,,
Gourmet Gateway India Ltd,INTELLCAP,2266,https://trendlyne.com/research-reports/stock/2266/INTELLCAP/,0,,,
Apis India Ltd,APIS,2270,https://trendlyne.com/research-reports/stock/2270/APIS/,0,,,
Emergent Industrial Solutions Ltd,SRIOMTR,2272,https://trendlyne.com/research-reports/stock/2272/SRIOMTR/,0,,,
Galaxy Cloud Kitchens Ltd,GLXYENT,2273,https://trendlyne.com/research-reports/stock/2273/GLXYENT/,0,,,
Arihant Superstructures Ltd,ARIHANTSUP,2275,https://trendlyne.com/research-reports/stock/2275/ARIHANTSUP/,0,,,
Amines Plasticizers Ltd,AMNPLST,2276,https://trendlyne.com/research-reports/stock/2276/AMNPLST/,0,,,
Anuh Pharma Ltd,ANUHPHR,2277,https://trendlyne.com/research-reports/stock/2277/ANUHPHR/,0,,,
Modison Ltd,MODISONLTD,2278,https://trendlyne.com/research-reports/stock/2278/MODISONLTD/,0,,,
Sashwat Technocrats Ltd,SASHWAT,2280,https://trendlyne.com/research-reports/stock/2280/SASHWAT/,0,,,
Starsource Multitrade Ltd,CHEMOPH,2282,https://trendlyne.com/research-reports/stock/2282/CHEMOPH/,0,,,
Dmcc Speciality Chemicals Ltd,DMCC,2283,https://trendlyne.com/research-reports/stock/2283/DMCC/,0,,,
Fermenta Biotech Ltd,506414,2284,https://trendlyne.com/research-reports/stock/2284/506414/,0,,,
Jayshree Chemicals Ltd,JAYCH,2286,https://trendlyne.com/research-reports/stock/2286/JAYCH/,0,,,
Keltech Energies Ltd,KELENRG,2288,https://trendlyne.com/research-reports/stock/2288/KELENRG/,0,,,
Kemp Company Ltd,KEMP,2289,https://trendlyne.com/research-reports/stock/2289/KEMP/,0,,,
Nitta Gelatin India Ltd,KERALACHEM,2290,https://trendlyne.com/research-reports/stock/2290/KERALACHEM/,0,,,
M P Agro Industries Ltd,MPAGROFERT,2291,https://trendlyne.com/research-reports/stock/2291/MPAGROFERT/,0,,,
Amal Ltd,AMAL,2292,https://trendlyne.com/research-reports/stock/2292/AMAL/,0,,,
Polychem Ltd,POLYCHEM,2293,https://trendlyne.com/research-reports/stock/2293/POLYCHEM/,0,,,
Sadhana Nitro Chem Ltd,SADHNANIQ,2295,https://trendlyne.com/research-reports/stock/2295/SADHNANIQ/,0,,,
Ultramarine Pigments Ltd,ULTRMARINE,2296,https://trendlyne.com/research-reports/stock/2296/ULTRMARINE/,0,,,
Transpek Industry Ltd,TRANSPEK,2297,https://trendlyne.com/research-reports/stock/2297/TRANSPEK/,0,,,
Mysore Petro Chemicals Ltd,MYSORPETRO,2298,https://trendlyne.com/research-reports/stock/2298/MYSORPETRO/,0,,,
Tuticorin Alkali Chemicals Fertilizers Ltd,TUTICORALK,2299,https://trendlyne.com/research-reports/stock/2299/TUTICORALK/,0,,,
Primo Chemicals Ltd,PRIMO,2300,https://trendlyne.com/research-reports/stock/2300/PRIMO/,0,,,
Gujarat Petrosynthese Ltd,GUJPETR,2301,https://trendlyne.com/research-reports/stock/2301/GUJPETR/,0,,,
Gujarat Themis Biosyn Ltd,GUJTHEM,2304,https://trendlyne.com/research-reports/stock/2304/GUJTHEM/,0,,,
Makers Laboratories Ltd,MAKERSL,2306,https://trendlyne.com/research-reports/stock/2306/MAKERSL/,0,,,
Continental Chemicals Ltd,CONTCHM,2307,https://trendlyne.com/research-reports/stock/2307/CONTCHM/,0,,,
Advance Petrochemicals Ltd,ADVPETR-B,2308,https://trendlyne.com/research-reports/stock/2308/ADVPETR-B/,0,,,
Rajasthan Petro Synthetics Ltd,RAJASPETRO,2310,https://trendlyne.com/research-reports/stock/2310/RAJASPETRO/,0,,,
Blue Chip Tex Industries Ltd,BLUECHIPT,2311,https://trendlyne.com/research-reports/stock/2311/BLUECHIPT/,0,,,
Jagatjit Industries Ltd,JAGAJITIND,2313,https://trendlyne.com/research-reports/stock/2313/JAGAJITIND/,0,,,
Emerald Leisures Ltd,APTEAML,2314,https://trendlyne.com/research-reports/stock/2314/APTEAML/,0,,,
The Ravalgaon Sugar Farm Ltd,RAVALSUGAR,2315,https://trendlyne.com/research-reports/stock/2315/RAVALSUGAR/,0,,,
Kothari Fermentation Biochem Ltd,KFBL,2317,https://trendlyne.com/research-reports/stock/2317/KFBL/,0,,,
Caprolactam Chemicals Ltd,CAPRO,2318,https://trendlyne.com/research-reports/stock/2318/CAPRO/,0,,,
Piccadily Sugar And Allied Industries Ltd,PICCADSUG,2319,https://trendlyne.com/research-reports/stock/2319/PICCADSUG/,0,,,
Cj Gelatine Products Ltd,CJGEL,2322,https://trendlyne.com/research-reports/stock/2322/CJGEL/,0,,,
Associated Alcohols Breweries Ltd,ASALCBR,2325,https://trendlyne.com/research-reports/stock/2325/ASALCBR/,0,,,
Foods Inns Ltd,FOODSIN,2326,https://trendlyne.com/research-reports/stock/2326/FOODSIN/,0,,,
Olympic Oil Industries Ltd,OLYOI,2327,https://trendlyne.com/research-reports/stock/2327/OLYOI/,0,,,
Milkfood Ltd,MLKFOOD,2328,https://trendlyne.com/research-reports/stock/2328/MLKFOOD/,0,,,
Polson Ltd,POLSON,2329,https://trendlyne.com/research-reports/stock/2329/POLSON/,0,,,
Orient Beverages Ltd,ORIBEVER,2333,https://trendlyne.com/research-reports/stock/2333/ORIBEVER/,0,,,
Tgv Sraac Ltd,SREERAYALK,2334,https://trendlyne.com/research-reports/stock/2334/SREERAYALK/,0,,,
Lime Chemicals Ltd,LIMECHM,2335,https://trendlyne.com/research-reports/stock/2335/LIMECHM/,0,,,
Kanpur Plastipack Ltd,KANPRPLA,2336,https://trendlyne.com/research-reports/stock/2336/KANPRPLA/,0,,,
Khaitan Chemicals Fertilizers Ltd,KHAICHEM,2337,https://trendlyne.com/research-reports/stock/2337/KHAICHEM/,0,,,
Wires And Fabriks S A Ltd,WIREFABR,2338,https://trendlyne.com/research-reports/stock/2338/WIREFABR/,0,,,
Computer Point Ltd,COMPUPN,2339,https://trendlyne.com/research-reports/stock/2339/COMPUPN/,0,,,
Mac Charles India Ltd,MCCHRLS-B,2340,https://trendlyne.com/research-reports/stock/2340/MCCHRLS-B/,0,,,
Addi Industries Ltd,ADDIND,2341,https://trendlyne.com/research-reports/stock/2341/ADDIND/,0,,,
Pioneer Investcorp Ltd,PIONRINV,2342,https://trendlyne.com/research-reports/stock/2342/PIONRINV/,0,,,
Ashnoor Textile Mills Ltd,ASHNOOR,2343,https://trendlyne.com/research-reports/stock/2343/ASHNOOR/,0,,,
Fiberweb India Ltd,FIBERWEB,2346,https://trendlyne.com/research-reports/stock/2346/FIBERWEB/,0,,,
Lkp Finance Ltd,LKPMERFIN,2347,https://trendlyne.com/research-reports/stock/2347/LKPMERFIN/,0,,,
East Buildtech Ltd,EASTBUILD,2348,https://trendlyne.com/research-reports/stock/2348/EASTBUILD/,0,,,
Manipal Finance Corporation Ltd,MNPLFIN,2350,https://trendlyne.com/research-reports/stock/2350/MNPLFIN/,0,,,
Bajaj Steel Industries Ltd,BAJAJST,2351,https://trendlyne.com/research-reports/stock/2351/BAJAJST/,0,,,
Kiduja India Ltd,KIDUJA,2352,https://trendlyne.com/research-reports/stock/2352/KIDUJA/,0,,,
Key Corp Ltd,KEYCORP,2353,https://trendlyne.com/research-reports/stock/2353/KEYCORP/,0,,,
Gujarat Hotels Ltd,GUJHOTE,2354,https://trendlyne.com/research-reports/stock/2354/GUJHOTE/,0,,,
Fynx Capital Ltd,RAJATH,2355,https://trendlyne.com/research-reports/stock/2355/RAJATH/,0,,,
Ras Resorts Apart Hotels Ltd,RASRESOR,2356,https://trendlyne.com/research-reports/stock/2356/RASRESOR/,0,,,
Paramount Cosmetics I Ltd,PARMCOS-B,2357,https://trendlyne.com/research-reports/stock/2357/PARMCOS-B/,0,,,
Jindal Hotels Ltd,JINDHOT,2358,https://trendlyne.com/research-reports/stock/2358/JINDHOT/,0,,,
Ser Industries Ltd,SERIND,2359,https://trendlyne.com/research-reports/stock/2359/SERIND/,0,,,
Jupiter Industries And Leasing Ltd,JPTRLES,2360,https://trendlyne.com/research-reports/stock/2360/JPTRLES/,0,,,
Simmonds Marshall Ltd,SIMMOND,2361,https://trendlyne.com/research-reports/stock/2361/SIMMOND/,0,,,
B A Ltd,BNALTD,2362,https://trendlyne.com/research-reports/stock/2362/BNALTD/,0,,,
Hawkins Cookers Ltd,HAWKINCOOK,2364,https://trendlyne.com/research-reports/stock/2364/HAWKINCOOK/,0,,,
Warren Tea Ltd,WARRENTEA,2365,https://trendlyne.com/research-reports/stock/2365/WARRENTEA/,0,,,
Cochin Malabar Estates Industries Ltd,COCHMAL,2366,https://trendlyne.com/research-reports/stock/2366/COCHMAL/,0,,,
Best Eastern Hotels Ltd,BESTEAST,2367,https://trendlyne.com/research-reports/stock/2367/BESTEAST/,0,,,
Neelamalai Agro Industries Ltd,NEAGI,2368,https://trendlyne.com/research-reports/stock/2368/NEAGI/,0,,,
Ist Ltd,ISTLTD,2369,https://trendlyne.com/research-reports/stock/2369/ISTLTD/,0,,,
Diamant Infrastructure Ltd,DIAMANT,2370,https://trendlyne.com/research-reports/stock/2370/DIAMANT/,0,,,
Nitin Castings Ltd,NITINALOY,2372,https://trendlyne.com/research-reports/stock/2372/NITINALOY/,0,,,
Nexome Capital Markets Ltd,SMIFS,2373,https://trendlyne.com/research-reports/stock/2373/SMIFS/,0,,,
Ironwood Education Ltd,GREYCELLS,2374,https://trendlyne.com/research-reports/stock/2374/GREYCELLS/,0,,,
Msr India Ltd,MSRINDIA,2375,https://trendlyne.com/research-reports/stock/2375/MSRINDIA/,0,,,
Avishkar Infra Realty Ltd,JOYREALTY,2376,https://trendlyne.com/research-reports/stock/2376/JOYREALTY/,0,,,
Finkurve Financial Services Ltd,FINKURVE,2378,https://trendlyne.com/research-reports/stock/2378/FINKURVE/,0,,,
Hb Leasing Finance Co Ltd,HBLEAS,2379,https://trendlyne.com/research-reports/stock/2379/HBLEAS/,0,,,
Shricon Industries Ltd,SHRICON,2380,https://trendlyne.com/research-reports/stock/2380/SHRICON/,0,,,
Frontier Capital Ltd,FRONTCAP,2381,https://trendlyne.com/research-reports/stock/2381/FRONTCAP/,0,,,
Thakral Services India Ltd,THAKRAL,2385,https://trendlyne.com/research-reports/stock/2385/THAKRAL/,0,,,
Vjtf Eduservices Ltd,VJTFEDU,2386,https://trendlyne.com/research-reports/stock/2386/VJTFEDU/,0,,,
Voltaire Leasing Finance Ltd,VOLLF,2387,https://trendlyne.com/research-reports/stock/2387/VOLLF/,0,,,
Netlink Solutions India Ltd,NETLINK,2388,https://trendlyne.com/research-reports/stock/2388/NETLINK/,0,,,
Triliance Polymers Ltd,ZLEENCON,2389,https://trendlyne.com/research-reports/stock/2389/ZLEENCON/,0,,,
Lancor Holdings Ltd,LANCORHOL,2390,https://trendlyne.com/research-reports/stock/2390/LANCORHOL/,0,,,
Indian Infotech Software Ltd,INDINFO,2391,https://trendlyne.com/research-reports/stock/2391/INDINFO/,0,,,
Banas Finance Ltd,BANASFN,2392,https://trendlyne.com/research-reports/stock/2392/BANASFN/,0,,,
Hathway Bhawani Cabletel Datacom Ltd,HATHWAYB,2393,https://trendlyne.com/research-reports/stock/2393/HATHWAYB/,0,,,
Photon Capital Advisors Ltd,PHOTON,2394,https://trendlyne.com/research-reports/stock/2394/PHOTON/,0,,,
Indag Rubber Ltd,INDAG,2396,https://trendlyne.com/research-reports/stock/2396/INDAG/,0,,,
M M Rubber Company Ltd,MMRUBBR-B,2397,https://trendlyne.com/research-reports/stock/2397/MMRUBBR-B/,0,,,
Benares Hotels Ltd,BENARAS,2398,https://trendlyne.com/research-reports/stock/2398/BENARAS/,0,,,
Bhagawati Oxygen Ltd,BHAGWOX,2399,https://trendlyne.com/research-reports/stock/2399/BHAGWOX/,0,,,
Cravatex Ltd,CRAVATEX,2400,https://trendlyne.com/research-reports/stock/2400/CRAVATEX/,0,,,
Caprihans India Ltd,CAPRIHANS,2401,https://trendlyne.com/research-reports/stock/2401/CAPRIHANS/,0,,,
Empire Industries Ltd,EMPIND,2402,https://trendlyne.com/research-reports/stock/2402/EMPIND/,0,,,
Graviss Hospitality Ltd,GRAVISSHO,2403,https://trendlyne.com/research-reports/stock/2403/GRAVISSHO/,0,,,
Garware Marine Industries Ltd,GARWAMAR,2404,https://trendlyne.com/research-reports/stock/2404/GARWAMAR/,0,,,
Hardcastle Waud Manufacturing Company Ltd,HARDCAS,2405,https://trendlyne.com/research-reports/stock/2405/HARDCAS/,0,,,
International Conveyors Ltd,INTLCONV,2407,https://trendlyne.com/research-reports/stock/2407/INTLCONV/,0,,,
Modern Shares Stock Brokers Ltd,MODRNSH,2408,https://trendlyne.com/research-reports/stock/2408/MODRNSH/,0,,,
Premier Synthetics Ltd,PREMSYN,2410,https://trendlyne.com/research-reports/stock/2410/PREMSYN/,0,,,
Sinnar Bidi Udyog Ltd,SINNAR,2411,https://trendlyne.com/research-reports/stock/2411/SINNAR/,0,,,
Hindoostan Mills Ltd,HINDMILL,2412,https://trendlyne.com/research-reports/stock/2412/HINDMILL/,0,,,
Thacker Company Ltd,THACKER,2413,https://trendlyne.com/research-reports/stock/2413/THACKER/,0,,,
Trade Wings Ltd,TRADWIN,2414,https://trendlyne.com/research-reports/stock/2414/TRADWIN/,0,,,
Swasti Vinayaka Synthetics Ltd,SWASTIVI,2415,https://trendlyne.com/research-reports/stock/2415/SWASTIVI/,0,,,
Msl Global Ltd,MADHUSE,2416,https://trendlyne.com/research-reports/stock/2416/MADHUSE/,0,,,
Yamini Investments Company Ltd,YAMNINV,2417,https://trendlyne.com/research-reports/stock/2417/YAMNINV/,0,,,
Milgrey Finance Investments Ltd,ZMILGFIN,2418,https://trendlyne.com/research-reports/stock/2418/ZMILGFIN/,0,,,
Aeroflex Enterprises Ltd,AEROENTER,2424,https://trendlyne.com/research-reports/stock/2424/AEROENTER/,0,,,
Jmd Ventures Ltd,JMDTELEFILM,2425,https://trendlyne.com/research-reports/stock/2425/JMDTELEFILM/,0,,,
V B Desai Financial Services Ltd,VBDESAIFIN,2426,https://trendlyne.com/research-reports/stock/2426/VBDESAIFIN/,0,,,
Quadrant Televentures Ltd,511116,2427,https://trendlyne.com/research-reports/stock/2427/511116/,0,,,
First Custodian Fund India Ltd,1STCUS,2428,https://trendlyne.com/research-reports/stock/2428/1STCUS/,0,,,
Kamanwala Housing Construction Ltd,KAMANWALA,2429,https://trendlyne.com/research-reports/stock/2429/KAMANWALA/,0,,,
Axis Solutions Ltd,ASYAINFO,2432,https://trendlyne.com/research-reports/stock/2432/ASYAINFO/,0,,,
Wsfx Global Pay Ltd,WSFIN,2433,https://trendlyne.com/research-reports/stock/2433/WSFIN/,0,,,
Anjani Foods Ltd,ANJANIFOODS,2435,https://trendlyne.com/research-reports/stock/2435/ANJANIFOODS/,0,,,
Rkd Agri Retail Ltd,HIMALFD,2436,https://trendlyne.com/research-reports/stock/2436/HIMALFD/,0,,,
Parshwanath Corporation Ltd,PARSHWANA,2437,https://trendlyne.com/research-reports/stock/2437/PARSHWANA/,0,,,
Millennium Online Solutions India Ltd,MILLENNIUM,2439,https://trendlyne.com/research-reports/stock/2439/MILLENNIUM/,0,,,
Munoth Capital Market Ltd,MUNCAPM,2440,https://trendlyne.com/research-reports/stock/2440/MUNCAPM/,0,,,
India Cements Capital Ltd,INDCEMCAP,2442,https://trendlyne.com/research-reports/stock/2442/INDCEMCAP/,0,,,
Ad Manum Finance Ltd,ADMANUM,2444,https://trendlyne.com/research-reports/stock/2444/ADMANUM/,0,,,
Mehta Integrated Finance Ltd,MEHIF,2446,https://trendlyne.com/research-reports/stock/2446/MEHIF/,0,,,
Inter Globe Finance Ltd,INTRGLB,2447,https://trendlyne.com/research-reports/stock/2447/INTRGLB/,0,,,
Munoth Communication Ltd,MUNOTHI,2450,https://trendlyne.com/research-reports/stock/2450/MUNOTHI/,0,,,
Shristi Infrastructure Development Corporation Ltd,PEERABASAN,2451,https://trendlyne.com/research-reports/stock/2451/PEERABASAN/,0,,,
Dharani Finance Ltd,DHARFIN,2452,https://trendlyne.com/research-reports/stock/2452/DHARFIN/,0,,,
Alexander Stamps And Coin Ltd,RUDRAKSH,2453,https://trendlyne.com/research-reports/stock/2453/RUDRAKSH/,0,,,
Shrydus Industries Ltd,VCKCAP,2454,https://trendlyne.com/research-reports/stock/2454/VCKCAP/,0,,,
Capital Trust Ltd,CAPTRUST,2456,https://trendlyne.com/research-reports/stock/2456/CAPTRUST/,0,,,
Ushakiran Finance Ltd,USHAKIRA,2457,https://trendlyne.com/research-reports/stock/2457/USHAKIRA/,0,,,
Vivo Bio Tech Ltd,VIVOBIOT,2458,https://trendlyne.com/research-reports/stock/2458/VIVOBIOT/,0,,,
Veerhealth Care Ltd,NIYATILEAS,2459,https://trendlyne.com/research-reports/stock/2459/NIYATILEAS/,0,,,
Sahara Housingfina Corporation Ltd,SAHARAHOUS,2460,https://trendlyne.com/research-reports/stock/2460/SAHARAHOUS/,0,,,
Nda Securities Ltd,NDASEC,2461,https://trendlyne.com/research-reports/stock/2461/NDASEC/,0,,,
Gsb Finance Ltd,GSBFIN,2462,https://trendlyne.com/research-reports/stock/2462/GSBFIN/,0,,,
Morarka Finance Ltd,MORARKFI,2463,https://trendlyne.com/research-reports/stock/2463/MORARKFI/,0,,,
Monarch Networth Capital Ltd,MONARCH,2464,https://trendlyne.com/research-reports/stock/2464/MONARCH/,0,,,
Pro Fin Capital Services Ltd,PROFINC,2465,https://trendlyne.com/research-reports/stock/2465/PROFINC/,0,,,
Som Datt Finance Corporation Ltd,SOMDUTTFIN,2466,https://trendlyne.com/research-reports/stock/2466/SOMDUTTFIN/,0,,,
Savani Financials Ltd,SAVFI,2467,https://trendlyne.com/research-reports/stock/2467/SAVFI/,0,,,
Befound Movement Ltd,REGTRUS,2468,https://trendlyne.com/research-reports/stock/2468/REGTRUS/,0,,,
Venus Remedies Ltd,VENUSREM,1474,https://trendlyne.com/research-reports/stock/1474/VENUSREM/,11984900000,Pharmaceuticals,Pharmaceuticals & Biotechnology,526953
Libord Finance Ltd,LIBORDFIN,2470,https://trendlyne.com/research-reports/stock/2470/LIBORDFIN/,0,,,
Yash Management Satellite Ltd,YASHMGM,2472,https://trendlyne.com/research-reports/stock/2472/YASHMGM/,0,,,
Everest Kanto Cylinder Ltd,EKC,365,https://trendlyne.com/research-reports/stock/365/EKC/,11973700000,Other Industrial Products,General Industrials,532684
Isl Consulting Ltd,ISLCONSUL,2475,https://trendlyne.com/research-reports/stock/2475/ISLCONSUL/,0,,,
Andhra Paper Ltd,ANDHRAPAP,641,https://trendlyne.com/research-reports/stock/641/ANDHRAPAP/,11964815869,,,
Rr Financial Consultants Ltd,RRFIN,2477,https://trendlyne.com/research-reports/stock/2477/RRFIN/,0,,,
Fedders Holding Ltd,IMCAP,2478,https://trendlyne.com/research-reports/stock/2478/IMCAP/,0,,,
Sugal Damani Share Brokers Ltd,SUGALDAM,2481,https://trendlyne.com/research-reports/stock/2481/SUGALDAM/,0,,,
Nettlinx Ltd,NETTLINX,2482,https://trendlyne.com/research-reports/stock/2482/NETTLINX/,0,,,
Bgil Films Technologies Ltd,BGIL,2483,https://trendlyne.com/research-reports/stock/2483/BGIL/,0,,,
Scan Steels Ltd,SCANSTL,2484,https://trendlyne.com/research-reports/stock/2484/SCANSTL/,0,,,
Mathew Easow Research Securities Ltd,MATHEWE,2486,https://trendlyne.com/research-reports/stock/2486/MATHEWE/,0,,,
Ajcon Global Services Ltd,AJCON,2488,https://trendlyne.com/research-reports/stock/2488/AJCON/,0,,,
Chartered Capital Investment Ltd,CHRTEDCA,2489,https://trendlyne.com/research-reports/stock/2489/CHRTEDCA/,0,,,
Standard Capital Markets Ltd,STANCAP,2491,https://trendlyne.com/research-reports/stock/2491/STANCAP/,0,,,
Yogi Ltd,PARSHINV,2492,https://trendlyne.com/research-reports/stock/2492/PARSHINV/,0,,,
Cfsl Ltd,CUBIFIN,2494,https://trendlyne.com/research-reports/stock/2494/CUBIFIN/,0,,,
Relic Technologies Ltd,RELICTEC,2495,https://trendlyne.com/research-reports/stock/2495/RELICTEC/,0,,,
Nimbus Projects Ltd,NIMBSPROJ,2496,https://trendlyne.com/research-reports/stock/2496/NIMBSPROJ/,0,,,
Invigorated Business Consulting Ltd,ESCORTSFIN,2497,https://trendlyne.com/research-reports/stock/2497/ESCORTSFIN/,0,,,
Den Networks Ltd,DEN,322,https://trendlyne.com/research-reports/stock/322/DEN/,11935400000,Broadcasting & Cable TV,Media,533137
K Z Leasing Finance Ltd,KZLFIN,2500,https://trendlyne.com/research-reports/stock/2500/KZLFIN/,0,,,
Avasara Finance Ltd,TRCFIN,2501,https://trendlyne.com/research-reports/stock/2501/TRCFIN/,0,,,
Pasupati Fincap Ltd,PASUFIN,2502,https://trendlyne.com/research-reports/stock/2502/PASUFIN/,0,,,
Mehta Securities Ltd,MEHSECU,2504,https://trendlyne.com/research-reports/stock/2504/MEHSECU/,0,,,
Ruparel Food Products Ltd,MEHTAHG,2505,https://trendlyne.com/research-reports/stock/2505/MEHTAHG/,0,,,
Ivalue Infosolutions Ltd,IVALUE,3261441,https://trendlyne.com/research-reports/stock/3261441/IVALUE/,11922500000,IT Consulting & Software,Software & Services,544523
Shalibhadra Finance Ltd,SAHLIBHFI,2507,https://trendlyne.com/research-reports/stock/2507/SAHLIBHFI/,0,,,
Abirami Financial Services India Ltd,ABIRAFN,2508,https://trendlyne.com/research-reports/stock/2508/ABIRAFN/,0,,,
Mansi Finance Chennai Ltd,MANSIFIN,2509,https://trendlyne.com/research-reports/stock/2509/MANSIFIN/,0,,,
Seven Hill Industries Ltd,SEVENHILL,2510,https://trendlyne.com/research-reports/stock/2510/SEVENHILL/,0,,,
Aastamangalam Finance Ltd,UPASAFN,2511,https://trendlyne.com/research-reports/stock/2511/UPASAFN/,0,,,
Alldigi Tech Ltd,ALLDIGI,60,https://trendlyne.com/research-reports/stock/60/ALLDIGI/,11907200000,BPO/KPO,Software & Services,532633
Hma Agro Industries Ltd,HMAAGRO,1495023,https://trendlyne.com/research-reports/stock/1495023/HMAAGRO/,11843200000,Other Food & Beverages,"Food, Beverages & Tobacco",543929
Sobhagya Mercantile Ltd,SOBME,2514,https://trendlyne.com/research-reports/stock/2514/SOBME/,0,,,
Tomorrow Technologies Global Innovations Ltd,CNIRESLTD,2515,https://trendlyne.com/research-reports/stock/2515/CNIRESLTD/,0,,,
Saraswati Commercial India Ltd,ZSARACOM,2516,https://trendlyne.com/research-reports/stock/2516/ZSARACOM/,0,,,
N D Metal Industries Ltd,NDMETAL,2518,https://trendlyne.com/research-reports/stock/2518/NDMETAL/,0,,,
Banganga Paper Industries Ltd,INERTIAST,2519,https://trendlyne.com/research-reports/stock/2519/INERTIAST/,0,,,
Vega Jewellers Ltd,PHTRADING,2520,https://trendlyne.com/research-reports/stock/2520/PHTRADING/,0,,,
Tcc Concept Ltd,ASWTR,2521,https://trendlyne.com/research-reports/stock/2521/ASWTR/,0,,,
Royal India Corporation Ltd,ROYALIND,2522,https://trendlyne.com/research-reports/stock/2522/ROYALIND/,0,,,
Dhansafal Finserve Ltd,LUHARUKA,2523,https://trendlyne.com/research-reports/stock/2523/LUHARUKA/,0,,,
Wardwizard Healthcare Ltd,AYOME,2525,https://trendlyne.com/research-reports/stock/2525/AYOME/,0,,,
Vishvprabha Ventures Ltd,VISTR,2526,https://trendlyne.com/research-reports/stock/2526/VISTR/,0,,,
Mrugesh Trading Ltd,MRUTR,2527,https://trendlyne.com/research-reports/stock/2527/MRUTR/,0,,,
Deccan Gold Mines Ltd,DECNGOLD,2528,https://trendlyne.com/research-reports/stock/2528/DECNGOLD/,0,,,
Cranes Software International Ltd,CRANESSOFT,2530,https://trendlyne.com/research-reports/stock/2530/CRANESSOFT/,0,,,
Eyantra Ventures Ltd,PUNITCO,2531,https://trendlyne.com/research-reports/stock/2531/PUNITCO/,0,,,
Nidhi Granites Ltd,NIDHGRN,2533,https://trendlyne.com/research-reports/stock/2533/NIDHGRN/,0,,,
Aviva Industries Ltd,AVIVA,2535,https://trendlyne.com/research-reports/stock/2535/AVIVA/,0,,,
Avance Technologies Ltd,AVANCE,2537,https://trendlyne.com/research-reports/stock/2537/AVANCE/,0,,,
Abans Enterprises Ltd,ABANSENT,2539,https://trendlyne.com/research-reports/stock/2539/ABANSENT/,0,,,
Capricorn Systems Global Solutions Ltd,CAPRICORN,2541,https://trendlyne.com/research-reports/stock/2541/CAPRICORN/,0,,,
Vama Industries Ltd,VAMA,2542,https://trendlyne.com/research-reports/stock/2542/VAMA/,0,,,
Silver Oak Commercials Ltd,SILVERO,2544,https://trendlyne.com/research-reports/stock/2544/SILVERO/,0,,,
Veritas India Ltd,VERITAS,2547,https://trendlyne.com/research-reports/stock/2547/VERITAS/,0,,,
Ashirwad Capital Ltd,ASHCAP,2550,https://trendlyne.com/research-reports/stock/2550/ASHCAP/,0,,,
Swasti Vinayaka Art Heritage Corporation Ltd,SVARTCORP,2551,https://trendlyne.com/research-reports/stock/2551/SVARTCORP/,0,,,
N2N Technologies Ltd,NNTL,2555,https://trendlyne.com/research-reports/stock/2555/NNTL/,0,,,
Shantai Industries Ltd,WHELTEX,2557,https://trendlyne.com/research-reports/stock/2557/WHELTEX/,0,,,
Chambal Breweries Distilleries Ltd,CHMBBRW,2558,https://trendlyne.com/research-reports/stock/2558/CHMBBRW/,0,,,
Exicom Tele Systems Ltd,EXICOM,2077200,https://trendlyne.com/research-reports/stock/2077200/EXICOM/,11809300000,Power - Electric Utilities,Utilities,544133
Aravali Securities Finance Ltd,ARAVALISEC,2564,https://trendlyne.com/research-reports/stock/2564/ARAVALISEC/,0,,,
Cressanda Railway Solutions Ltd,CRESSAN,2569,https://trendlyne.com/research-reports/stock/2569/CRESSAN/,0,,,
Apex Frozen Foods Ltd,APEX,59329,https://trendlyne.com/research-reports/stock/59329/APEX/,11767200000,Other Food & Beverages,"Food, Beverages & Tobacco",540692
Shardul Securities Ltd,SHRIYAMSEC,2571,https://trendlyne.com/research-reports/stock/2571/SHRIYAMSEC/,0,,,
Sera Investments Finance India Ltd,KAPASHI,2572,https://trendlyne.com/research-reports/stock/2572/KAPASHI/,0,,,
I Power Solutions India Ltd,IPOWER,2573,https://trendlyne.com/research-reports/stock/2573/IPOWER/,0,,,
Nirav Commercials Ltd,NIRAVCOM,2577,https://trendlyne.com/research-reports/stock/2577/NIRAVCOM/,0,,,
Apollo Finvest India Ltd,APOLLOFI,2578,https://trendlyne.com/research-reports/stock/2578/APOLLOFI/,0,,,
Enbee Trade Finance Ltd,ENBETRD,2579,https://trendlyne.com/research-reports/stock/2579/ENBETRD/,0,,,
Ganon Products Ltd,GANONTR,2580,https://trendlyne.com/research-reports/stock/2580/GANONTR/,0,,,
Shri Jagdamba Polymers Ltd,SHRJAGP,2581,https://trendlyne.com/research-reports/stock/2581/SHRJAGP/,0,,,
Lloyds Metals Energy Ltd,LLOYDSME,2582,https://trendlyne.com/research-reports/stock/2582/LLOYDSME/,0,,,
Lloyds Enterprises Ltd,LLOYDSENT,2583,https://trendlyne.com/research-reports/stock/2583/LLOYDSENT/,0,,,
Betex India Ltd,BETXIND,2584,https://trendlyne.com/research-reports/stock/2584/BETXIND/,0,,,
Polytex India Ltd,POLYTEX,2586,https://trendlyne.com/research-reports/stock/2586/POLYTEX/,0,,,
Dhanlaxmi Cotex Ltd,DHANCOT,2587,https://trendlyne.com/research-reports/stock/2587/DHANCOT/,0,,,
Oasis Securities Ltd,OASISEC,2589,https://trendlyne.com/research-reports/stock/2589/OASISEC/,0,,,
Garnet International Ltd,GARNETINT,2590,https://trendlyne.com/research-reports/stock/2590/GARNETINT/,0,,,
Shalimar Productions Ltd,SHALPRO,2591,https://trendlyne.com/research-reports/stock/2591/SHALPRO/,0,,,
Neelkanth Ltd,RTEXPO,2593,https://trendlyne.com/research-reports/stock/2593/RTEXPO/,0,,,
Sita Enterprises Ltd,SITAENT,2594,https://trendlyne.com/research-reports/stock/2594/SITAENT/,0,,,
Manbro Industries Ltd,UNIMOVR,2595,https://trendlyne.com/research-reports/stock/2595/UNIMOVR/,0,,,
Astal Laboratories Ltd,MACINTR,2596,https://trendlyne.com/research-reports/stock/2596/MACINTR/,0,,,
Haria Exports Ltd,HARIAEXPO,2597,https://trendlyne.com/research-reports/stock/2597/HARIAEXPO/,0,,,
Bhandari Hosiery Exports Ltd,BHANDARI,2598,https://trendlyne.com/research-reports/stock/2598/BHANDARI/,0,,,
Rlf Ltd,RLF,2599,https://trendlyne.com/research-reports/stock/2599/RLF/,0,,,
Regent Enterprises Ltd,REGENTRP,2600,https://trendlyne.com/research-reports/stock/2600/REGENTRP/,0,,,
Chrome Silicon Ltd,VBCFERROQ,2601,https://trendlyne.com/research-reports/stock/2601/VBCFERROQ/,0,,,
Remi Edelstahl Tubulars Ltd,REMIEDEL,2604,https://trendlyne.com/research-reports/stock/2604/REMIEDEL/,0,,,
G S Auto International Ltd,GSAUTO,2605,https://trendlyne.com/research-reports/stock/2605/GSAUTO/,0,,,
Trans Freight Containers Ltd,TRANSFREIT,2606,https://trendlyne.com/research-reports/stock/2606/TRANSFREIT/,0,,,
Shivalik Bimetal Controls Ltd,SBCL,2607,https://trendlyne.com/research-reports/stock/2607/SBCL/,0,,,
Amforge Industries Ltd,AMFORGEIND,2608,https://trendlyne.com/research-reports/stock/2608/AMFORGEIND/,0,,,
Onix Solar Energy Ltd,ABCGAS,2609,https://trendlyne.com/research-reports/stock/2609/ABCGAS/,0,,,
Acrow India Ltd,ACROW,2611,https://trendlyne.com/research-reports/stock/2611/ACROW/,0,,,
Steel Strips Infrastructures Ltd,STLSTRINF,2612,https://trendlyne.com/research-reports/stock/2612/STLSTRINF/,0,,,
Jay Ushin Ltd,JAYUSH,2613,https://trendlyne.com/research-reports/stock/2613/JAYUSH/,0,,,
Imec Services Ltd,RUCHISTRIP,2616,https://trendlyne.com/research-reports/stock/2616/RUCHISTRIP/,0,,,
Modern Steels Ltd,MDRNSTL,2617,https://trendlyne.com/research-reports/stock/2617/MDRNSTL/,0,,,
Synthiko Foils Ltd,SYNTHFO,2618,https://trendlyne.com/research-reports/stock/2618/SYNTHFO/,0,,,
Golkonda Aluminium Extrusions Ltd,GOLKONDA,2619,https://trendlyne.com/research-reports/stock/2619/GOLKONDA/,0,,,
Cochin Minerals Rutile Ltd,COCHINM,2621,https://trendlyne.com/research-reports/stock/2621/COCHINM/,0,,,
India Homes Ltd,ISIBARS,2622,https://trendlyne.com/research-reports/stock/2622/ISIBARS/,0,,,
Krishanveer Forge Ltd,RJKMRFR,2623,https://trendlyne.com/research-reports/stock/2623/RJKMRFR/,0,,,
Vallabh Steels Ltd,VALLABHSQ,2624,https://trendlyne.com/research-reports/stock/2624/VALLABHSQ/,0,,,
Ashiana Ispat Ltd,ASHIS,2625,https://trendlyne.com/research-reports/stock/2625/ASHIS/,0,,,
P M Telelinks Ltd,PMTELELIN,2626,https://trendlyne.com/research-reports/stock/2626/PMTELELIN/,0,,,
Smiths Founders India Ltd,SMFIL,2628,https://trendlyne.com/research-reports/stock/2628/SMFIL/,0,,,
Bloom Industries Ltd,BLOIN,2629,https://trendlyne.com/research-reports/stock/2629/BLOIN/,0,,,
Elango Industries Ltd,ELANGO,2631,https://trendlyne.com/research-reports/stock/2631/ELANGO/,0,,,
Kanishk Steel Industries Ltd,KANSHST,2632,https://trendlyne.com/research-reports/stock/2632/KANSHST/,0,,,
Mahalaxmi Seamless Ltd,MAHALXSE,2633,https://trendlyne.com/research-reports/stock/2633/MAHALXSE/,0,,,
Shree Steel Wire Ropes Ltd,SSWRL,2634,https://trendlyne.com/research-reports/stock/2634/SSWRL/,0,,,
Southern Magnesium Chemicals Ltd,SOUTHMG,2635,https://trendlyne.com/research-reports/stock/2635/SOUTHMG/,0,,,
Baroda Extrusion Ltd,BAROEXT,2636,https://trendlyne.com/research-reports/stock/2636/BAROEXT/,0,,,
Gujarat Containers Ltd,GUJCONT,2637,https://trendlyne.com/research-reports/stock/2637/GUJCONT/,0,,,
Panchmahal Steel Ltd,PANCHMSTEL,2638,https://trendlyne.com/research-reports/stock/2638/PANCHMSTEL/,0,,,
Aditya Ispat Ltd,ADITYA,2639,https://trendlyne.com/research-reports/stock/2639/ADITYA/,0,,,
Steel Cast Ltd,STEELCAS,2641,https://trendlyne.com/research-reports/stock/2641/STEELCAS/,0,,,
Glittek Granites Ltd,GLITTEKG,2642,https://trendlyne.com/research-reports/stock/2642/GLITTEKG/,0,,,
Pradeep Metals Ltd,PRADPME,2643,https://trendlyne.com/research-reports/stock/2643/PRADPME/,0,,,
Gujarat Natural Resources Ltd,GNRL,2645,https://trendlyne.com/research-reports/stock/2645/GNRL/,0,,,
Mardia Samyoung Capillary Tubes Company Ltd,MSCTC,2646,https://trendlyne.com/research-reports/stock/2646/MSCTC/,0,,,
Sharda Ispat Ltd,SHRDAIS,2647,https://trendlyne.com/research-reports/stock/2647/SHRDAIS/,0,,,
Mahamaya Steel Industries Ltd,MAHASTEEL,2648,https://trendlyne.com/research-reports/stock/2648/MAHASTEEL/,0,,,
Nova Iron Steel Ltd,NOVAIRNSTL,2650,https://trendlyne.com/research-reports/stock/2650/NOVAIRNSTL/,0,,,
Sterling Powergensys Ltd,STERPOW,2651,https://trendlyne.com/research-reports/stock/2651/STERPOW/,0,,,
Foundry Fuel Products Ltd,FFPL,2652,https://trendlyne.com/research-reports/stock/2652/FFPL/,0,,,
Axel Polymers Ltd,AXELPOLY,2654,https://trendlyne.com/research-reports/stock/2654/AXELPOLY/,0,,,
Spectra Industries Ltd,SPECTRA,2656,https://trendlyne.com/research-reports/stock/2656/SPECTRA/,0,,,
Kic Metaliks Ltd,KAJARIR,2657,https://trendlyne.com/research-reports/stock/2657/KAJARIR/,0,,,
Solid Stone Company Ltd,SOLIDSTON,2658,https://trendlyne.com/research-reports/stock/2658/SOLIDSTON/,0,,,
Shilp Gravures Ltd,SHILGRAVQ,2660,https://trendlyne.com/research-reports/stock/2660/SHILGRAVQ/,0,,,
White Organic Agro Ltd,WHITEAGRO,2661,https://trendlyne.com/research-reports/stock/2661/WHITEAGRO/,0,,,
Mfs Intercorp Ltd,MFSINTRCRP,2662,https://trendlyne.com/research-reports/stock/2662/MFSINTRCRP/,0,,,
Rudra Ecovation Ltd,HIMFIBP,2665,https://trendlyne.com/research-reports/stock/2665/HIMFIBP/,0,,,
Rajkamal Synthetics Ltd,RAJKSYN,2666,https://trendlyne.com/research-reports/stock/2666/RAJKSYN/,0,,,
Deepak Spinners Ltd,DEEPAKSPIN,2667,https://trendlyne.com/research-reports/stock/2667/DEEPAKSPIN/,0,,,
Loyal Textiles Mills Ltd,LOYALTEX,2668,https://trendlyne.com/research-reports/stock/2668/LOYALTEX/,0,,,
Newtrac Foods Beverages Ltd,EVERTEX,2669,https://trendlyne.com/research-reports/stock/2669/EVERTEX/,0,,,
Pbm Polytex Ltd,PBMPOLY,2670,https://trendlyne.com/research-reports/stock/2670/PBMPOLY/,0,,,
Adinath Textiles Ltd,ADINATH,2671,https://trendlyne.com/research-reports/stock/2671/ADINATH/,0,,,
Konark Synthetics Ltd,KONARKSY,2674,https://trendlyne.com/research-reports/stock/2674/KONARKSY/,0,,,
Suryalata Spinning Mills Ltd,SURYALA,2675,https://trendlyne.com/research-reports/stock/2675/SURYALA/,0,,,
Suryavanshi Spinning Mills Ltd,SURYVANSPG,2676,https://trendlyne.com/research-reports/stock/2676/SURYVANSPG/,0,,,
Indian Acrylics Ltd,INDIANACRY,2678,https://trendlyne.com/research-reports/stock/2678/INDIANACRY/,0,,,
Ceeta Industries Ltd,CEETAIN,2679,https://trendlyne.com/research-reports/stock/2679/CEETAIN/,0,,,
Black Rose Industries Ltd,BLACKROSE,2680,https://trendlyne.com/research-reports/stock/2680/BLACKROSE/,0,,,
S T Corporation Ltd,STCORP,2681,https://trendlyne.com/research-reports/stock/2681/STCORP/,0,,,
K Lifestyle Industries Ltd,SHREEKRPOL,2684,https://trendlyne.com/research-reports/stock/2684/SHREEKRPOL/,0,,,
Mkventures Capital Ltd,IKAB,2685,https://trendlyne.com/research-reports/stock/2685/IKAB/,0,,,
Kush Industries Ltd,SUZLONFIBR,2686,https://trendlyne.com/research-reports/stock/2686/SUZLONFIBR/,0,,,
Seasons Textiles Ltd,SEASONST,2687,https://trendlyne.com/research-reports/stock/2687/SEASONST/,0,,,
Zenith Fibres Ltd,ZENIFIB,2688,https://trendlyne.com/research-reports/stock/2688/ZENIFIB/,0,,,
Bhilwara Spinners Ltd,BHILSPIN,2689,https://trendlyne.com/research-reports/stock/2689/BHILSPIN/,0,,,
Vippy Spinpro Ltd,VIPPYSP,2691,https://trendlyne.com/research-reports/stock/2691/VIPPYSP/,0,,,
Jaihind Synthetics Ltd,JAIHINDS,2692,https://trendlyne.com/research-reports/stock/2692/JAIHINDS/,0,,,
Raghuvir Synthetics Ltd,RAGHUSYN,2693,https://trendlyne.com/research-reports/stock/2693/RAGHUSYN/,0,,,
Jattashankar Industries Ltd,JATTAINDUS,2694,https://trendlyne.com/research-reports/stock/2694/JATTAINDUS/,0,,,
Kamadgiri Fashion Ltd,KAMADGIRI,2695,https://trendlyne.com/research-reports/stock/2695/KAMADGIRI/,0,,,
Omnitex Industries India Ltd,OMNITEX,2696,https://trendlyne.com/research-reports/stock/2696/OMNITEX/,0,,,
One Global Service Provider Ltd,OBRSESY,2697,https://trendlyne.com/research-reports/stock/2697/OBRSESY/,0,,,
Neo Infracon Ltd,NEOINFRA,2698,https://trendlyne.com/research-reports/stock/2698/NEOINFRA/,0,,,
Genesis Ibrc India Ltd,SSK,2699,https://trendlyne.com/research-reports/stock/2699/SSK/,0,,,
Everlon Financials Ltd,EVERLON,2700,https://trendlyne.com/research-reports/stock/2700/EVERLON/,0,,,
Yarn Syndicate Ltd,YARNSYN,2702,https://trendlyne.com/research-reports/stock/2702/YARNSYN/,0,,,
Gujarat Cotex Ltd,GUJCOTEX,2703,https://trendlyne.com/research-reports/stock/2703/GUJCOTEX/,0,,,
Garware Synthetics Ltd,GARWSYN,2705,https://trendlyne.com/research-reports/stock/2705/GARWSYN/,0,,,
Eco Hotels And Resorts Ltd,SHARDFI,2706,https://trendlyne.com/research-reports/stock/2706/SHARDFI/,0,,,
Sarup Industries Ltd,SARUPINDUS,2707,https://trendlyne.com/research-reports/stock/2707/SARUPINDUS/,0,,,
Oxford Industries Ltd,OXFORDIN,2708,https://trendlyne.com/research-reports/stock/2708/OXFORDIN/,0,,,
Mangalam Organics Ltd,MANORG,2709,https://trendlyne.com/research-reports/stock/2709/MANORG/,0,,,
Hindustan Adhesives Ltd,HINDADH,2710,https://trendlyne.com/research-reports/stock/2710/HINDADH/,0,,,
Blue Pearl Agriventures Ltd,BPTEX,2711,https://trendlyne.com/research-reports/stock/2711/BPTEX/,0,,,
Sri Kpr Industries Ltd,SRIKPRIND,2712,https://trendlyne.com/research-reports/stock/2712/SRIKPRIND/,0,,,
Jyoti Resins Adhesives Ltd,JYOTIRES,2713,https://trendlyne.com/research-reports/stock/2713/JYOTIRES/,0,,,
Mahalaxmi Rubtech Ltd,MHLXMIRU,2714,https://trendlyne.com/research-reports/stock/2714/MHLXMIRU/,0,,,
Southern Latex Ltd,SOUTLAT,2715,https://trendlyne.com/research-reports/stock/2715/SOUTLAT/,0,,,
Oswal Yarns Ltd,OSWAYRN,2716,https://trendlyne.com/research-reports/stock/2716/OSWAYRN/,0,,,
Winsome Textile Industries Ltd,WINSOMTX,2717,https://trendlyne.com/research-reports/stock/2717/WINSOMTX/,0,,,
Saint Gobain Sekurit India Ltd,SAINTGOBAIN,2722,https://trendlyne.com/research-reports/stock/2722/SAINTGOBAIN/,0,,,
Madhusudan Industries Ltd,MADSUDIND,2723,https://trendlyne.com/research-reports/stock/2723/MADSUDIND/,0,,,
Restile Ceramics Ltd,RESTILE,2725,https://trendlyne.com/research-reports/stock/2725/RESTILE/,0,,,
Haldyn Glass Ltd,HALDYNGL,2727,https://trendlyne.com/research-reports/stock/2727/HALDYNGL/,0,,,
Duroply Industries Ltd,SARDAPLY,2728,https://trendlyne.com/research-reports/stock/2728/SARDAPLY/,0,,,
Agio Paper Industries Ltd,AGIOPAPER,2729,https://trendlyne.com/research-reports/stock/2729/AGIOPAPER/,0,,,
Pakka Ltd,PAKKA,2730,https://trendlyne.com/research-reports/stock/2730/PAKKA/,0,,,
Tahmar Enterprises Ltd,SARDAPPR,2731,https://trendlyne.com/research-reports/stock/2731/SARDAPPR/,0,,,
Soma Papers Industries Ltd,SOMAPPR,2732,https://trendlyne.com/research-reports/stock/2732/SOMAPPR/,0,,,
N R Agarwal Industries Ltd,NRAIL,2733,https://trendlyne.com/research-reports/stock/2733/NRAIL/,0,,,
Sangal Papers Ltd,SANPA,2735,https://trendlyne.com/research-reports/stock/2735/SANPA/,0,,,
Ventura Textiles Ltd,VTCIND,2736,https://trendlyne.com/research-reports/stock/2736/VTCIND/,0,,,
Shree Karthik Papers Ltd,SHKARTP,2737,https://trendlyne.com/research-reports/stock/2737/SHKARTP/,0,,,
South India Paper Mills Ltd,SIPAPER,2738,https://trendlyne.com/research-reports/stock/2738/SIPAPER/,0,,,
Family Care Hospitals Ltd,SCANDENT,2739,https://trendlyne.com/research-reports/stock/2739/SCANDENT/,0,,,
Rir Power Electronics Ltd,RIR,2740,https://trendlyne.com/research-reports/stock/2740/RIR/,0,,,
Jetking Infotrain Ltd,JETKINGQ,2741,https://trendlyne.com/research-reports/stock/2741/JETKINGQ/,0,,,
Ind Agiv Commerce Ltd,INDAGIV,2742,https://trendlyne.com/research-reports/stock/2742/INDAGIV/,0,,,
Pcs Technology Ltd,PCS,2744,https://trendlyne.com/research-reports/stock/2744/PCS/,0,,,
Spel Semiconductor Ltd,SPICELEC,2745,https://trendlyne.com/research-reports/stock/2745/SPICELEC/,0,,,
Edvenswa Enterprises Ltd,KLKELEC,2746,https://trendlyne.com/research-reports/stock/2746/KLKELEC/,0,,,
Switching Technologies Gunther Ltd,SWITCHTE,2747,https://trendlyne.com/research-reports/stock/2747/SWITCHTE/,0,,,
Calcom Vision Ltd,CALCOM,2749,https://trendlyne.com/research-reports/stock/2749/CALCOM/,0,,,
Dynavision Ltd,DYNAVSN,2750,https://trendlyne.com/research-reports/stock/2750/DYNAVSN/,0,,,
Bcc Fuba India Ltd,BCCFUBA,2751,https://trendlyne.com/research-reports/stock/2751/BCCFUBA/,0,,,
Precision Electronics Ltd,PRECISIO,2752,https://trendlyne.com/research-reports/stock/2752/PRECISIO/,0,,,
Fine Line Circuits Ltd,FINELINE,2753,https://trendlyne.com/research-reports/stock/2753/FINELINE/,0,,,
Gujarat Poly Electronics Ltd,GUJPOLYA,2754,https://trendlyne.com/research-reports/stock/2754/GUJPOLYA/,0,,,
Magnus Steel And Infra Ltd,SAVINFOCO,2755,https://trendlyne.com/research-reports/stock/2755/SAVINFOCO/,0,,,
Cmi Ltd,CMICABLES,2756,https://trendlyne.com/research-reports/stock/2756/CMICABLES/,0,,,
Mindteck India Ltd,MINDTECK,2757,https://trendlyne.com/research-reports/stock/2757/MINDTECK/,0,,,
Aci Infocom Ltd,ACIIN,2758,https://trendlyne.com/research-reports/stock/2758/ACIIN/,0,,,
Incap Ltd,INCAP,2759,https://trendlyne.com/research-reports/stock/2759/INCAP/,0,,,
Gujarat Intrux Ltd,GUJINTRX,2760,https://trendlyne.com/research-reports/stock/2760/GUJINTRX/,0,,,
Vintron Informatics Ltd,VINTRON,2762,https://trendlyne.com/research-reports/stock/2762/VINTRON/,0,,,
Pan Electronics India Ltd,PANELEC,2763,https://trendlyne.com/research-reports/stock/2763/PANELEC/,0,,,
Vxl Instruments Ltd,VXLINSTR,2764,https://trendlyne.com/research-reports/stock/2764/VXLINSTR/,0,,,
Lee Nee Softwares Exports Ltd,LEENEE,2766,https://trendlyne.com/research-reports/stock/2766/LEENEE/,0,,,
Patels Airtemp India Ltd,PATELSAI,2767,https://trendlyne.com/research-reports/stock/2767/PATELSAI/,0,,,
Athena Global Technologies Ltd,ATHENAGLO,2768,https://trendlyne.com/research-reports/stock/2768/ATHENAGLO/,0,,,
Dutron Polymers Ltd,DUTRON,2770,https://trendlyne.com/research-reports/stock/2770/DUTRON/,0,,,
Magna Electrocastings Ltd,MAGNAELQ,2771,https://trendlyne.com/research-reports/stock/2771/MAGNAELQ/,0,,,
Marsons Ltd,MARSONS,2773,https://trendlyne.com/research-reports/stock/2773/MARSONS/,0,,,
Elnet Technologies Ltd,ELNET,2775,https://trendlyne.com/research-reports/stock/2775/ELNET/,0,,,
Accel Ltd,ACCEL,2777,https://trendlyne.com/research-reports/stock/2777/ACCEL/,0,,,
Roto Pumps Ltd,ROTO,2779,https://trendlyne.com/research-reports/stock/2779/ROTO/,0,,,
D H India Ltd,DHINDIA,2780,https://trendlyne.com/research-reports/stock/2780/DHINDIA/,0,,,
Rajratan Global Wire Ltd,RAJRATAN,2781,https://trendlyne.com/research-reports/stock/2781/RAJRATAN/,0,,,
Alfa Transformers Ltd,ALFATRAN,2782,https://trendlyne.com/research-reports/stock/2782/ALFATRAN/,0,,,
Nhc Foods Ltd,NHCFOODS,2785,https://trendlyne.com/research-reports/stock/2785/NHCFOODS/,0,,,
Clenon Enterprises Ltd,GRCABLE,2786,https://trendlyne.com/research-reports/stock/2786/GRCABLE/,0,,,
Keerthi Industries Ltd,KEERTHI,2787,https://trendlyne.com/research-reports/stock/2787/KEERTHI/,0,,,
Suraj Products Ltd,SURAJ,2788,https://trendlyne.com/research-reports/stock/2788/SURAJ/,0,,,
Anjani Portland Cement Ltd,APCL,2789,https://trendlyne.com/research-reports/stock/2789/APCL/,0,,,
Modi Naturals Ltd,MODINATUR,2790,https://trendlyne.com/research-reports/stock/2790/MODINATUR/,0,,,
Shah Foods Ltd,SHAHFOOD,2791,https://trendlyne.com/research-reports/stock/2791/SHAHFOOD/,0,,,
Tasty Bite Eatables Ltd,TASTYBITE,2792,https://trendlyne.com/research-reports/stock/2792/TASTYBITE/,0,,,
Ritesh International Ltd,RITESHIN,2793,https://trendlyne.com/research-reports/stock/2793/RITESHIN/,0,,,
Hindustan Foods Ltd,HNDFDS,2794,https://trendlyne.com/research-reports/stock/2794/HNDFDS/,0,,,
Vadilal Enterprises Ltd,VADILENT,2795,https://trendlyne.com/research-reports/stock/2795/VADILENT/,0,,,
Ashiana Agro Industries Ltd,ASHAI,2796,https://trendlyne.com/research-reports/stock/2796/ASHAI/,0,,,
Williamson Financial Services Ltd,WILLIMFI,2797,https://trendlyne.com/research-reports/stock/2797/WILLIMFI/,0,,,
Ajanta Soya Ltd,AJANTSOY,2798,https://trendlyne.com/research-reports/stock/2798/AJANTSOY/,0,,,
Kisaan Parivar Industries Ltd,RICHIRICH,2799,https://trendlyne.com/research-reports/stock/2799/RICHIRICH/,0,,,
Saptarishi Agro Industries Ltd,SPTRSHI,2800,https://trendlyne.com/research-reports/stock/2800/SPTRSHI/,0,,,
Prima Agro Ltd,PRIMAGR,2801,https://trendlyne.com/research-reports/stock/2801/PRIMAGR/,0,,,
Madhur Industries Ltd,MADHURFOOD,2802,https://trendlyne.com/research-reports/stock/2802/MADHURFOOD/,0,,,
Tarai Foods Ltd,TARAI,2803,https://trendlyne.com/research-reports/stock/2803/TARAI/,0,,,
Modern Dairies Ltd,MODAIRY,2804,https://trendlyne.com/research-reports/stock/2804/MODAIRY/,0,,,
Bambino Agro Industries Ltd,BAMBINO,2805,https://trendlyne.com/research-reports/stock/2805/BAMBINO/,0,,,
Prime Industries Ltd,PRIMIND,2806,https://trendlyne.com/research-reports/stock/2806/PRIMIND/,0,,,
Vikas Wsp Ltd,VIKASWSP,2808,https://trendlyne.com/research-reports/stock/2808/VIKASWSP/,0,,,
Vsf Projects Ltd,VSFPROJ,2810,https://trendlyne.com/research-reports/stock/2810/VSFPROJ/,0,,,
Poona Dal Oil Industries Ltd,POONADAL,2811,https://trendlyne.com/research-reports/stock/2811/POONADAL/,0,,,
Transglobe Foods Ltd,TRANSFD,2812,https://trendlyne.com/research-reports/stock/2812/TRANSFD/,0,,,
Narbada Gems Jewellery Ltd,NARBADA,2815,https://trendlyne.com/research-reports/stock/2815/NARBADA/,0,,,
Virat Crane Industries Ltd,VIRATCRA,2816,https://trendlyne.com/research-reports/stock/2816/VIRATCRA/,0,,,
Chordia Food Products Ltd,CHORDIA,2817,https://trendlyne.com/research-reports/stock/2817/CHORDIA/,0,,,
Omega Ag Seeds Punjab Ltd,OMEAG,2818,https://trendlyne.com/research-reports/stock/2818/OMEAG/,0,,,
Tai Industries Ltd,TAIIND,2819,https://trendlyne.com/research-reports/stock/2819/TAIIND/,0,,,
Bkv Industries Ltd,BKV,2822,https://trendlyne.com/research-reports/stock/2822/BKV/,0,,,
Asian Tea Exports Ltd,ASIANTNE,2823,https://trendlyne.com/research-reports/stock/2823/ASIANTNE/,0,,,
Simran Farms Ltd,SIMRAN,2824,https://trendlyne.com/research-reports/stock/2824/SIMRAN/,0,,,
Suryo Foods Industries Ltd,SURFI,2827,https://trendlyne.com/research-reports/stock/2827/SURFI/,0,,,
Integrated Proteins Ltd,INTEGFD,2828,https://trendlyne.com/research-reports/stock/2828/INTEGFD/,0,,,
Lake Shore Realty Ltd,MAHAANF,2829,https://trendlyne.com/research-reports/stock/2829/MAHAANF/,0,,,
Meghna Infracon Infrastructure Ltd,NAYSAA,4082,https://trendlyne.com/research-reports/stock/4082/NAYSAA/,11661300000,Finance (including NBFCs),Banking and Finance,538668
Orient Technologies Ltd,ORIENTTECH,2520415,https://trendlyne.com/research-reports/stock/2520415/ORIENTTECH/,11637400000,IT Consulting & Software,Software & Services,544235
Eastcoast Steel Ltd,ESTCSTSTEL,2832,https://trendlyne.com/research-reports/stock/2832/ESTCSTSTEL/,0,,,
Arcee Industries Ltd,ARCEEIN,2833,https://trendlyne.com/research-reports/stock/2833/ARCEEIN/,0,,,
Abc India Ltd,ABCINDQ,2834,https://trendlyne.com/research-reports/stock/2834/ABCINDQ/,0,,,
Balurghat Technologies Ltd,BALURTRANS,2835,https://trendlyne.com/research-reports/stock/2835/BALURTRANS/,0,,,
Coastal Roadways Ltd,COARO,2836,https://trendlyne.com/research-reports/stock/2836/COARO/,0,,,
Sibar Auto Parts Ltd,SIBARAUT,2838,https://trendlyne.com/research-reports/stock/2838/SIBARAUT/,0,,,
Starlog Enterprises Ltd,ABGHEAVY,2839,https://trendlyne.com/research-reports/stock/2839/ABGHEAVY/,0,,,
Titan Intech Ltd,INDOVATION,2840,https://trendlyne.com/research-reports/stock/2840/INDOVATION/,0,,,
Source Industries India Ltd,SOURCEIND,2841,https://trendlyne.com/research-reports/stock/2841/SOURCEIND/,0,,,
Advance Lifestyles Ltd,ADVLIFE,2843,https://trendlyne.com/research-reports/stock/2843/ADVLIFE/,0,,,
Kakatiya Textiles Ltd,KAKTEX,2844,https://trendlyne.com/research-reports/stock/2844/KAKTEX/,0,,,
Perfect Octave Media Projects Ltd,OCTAVE,2845,https://trendlyne.com/research-reports/stock/2845/OCTAVE/,0,,,
Hisar Spinning Mills Ltd,HISARSP,2846,https://trendlyne.com/research-reports/stock/2846/HISARSP/,0,,,
Pasari Spinning Mills Ltd,PASARI,2847,https://trendlyne.com/research-reports/stock/2847/PASARI/,0,,,
Olympia Industries Ltd,OLYMPTX,2848,https://trendlyne.com/research-reports/stock/2848/OLYMPTX/,0,,,
Aqylon Nexus Ltd,AQYLON,1161,https://trendlyne.com/research-reports/stock/1161/AQYLON/,11613200000,Movies & Entertainment,Media,530943
Shree Bhavya Fabrics Ltd,SBFL,2851,https://trendlyne.com/research-reports/stock/2851/SBFL/,0,,,
Gem Spinners India Ltd,GEMSPIN,2852,https://trendlyne.com/research-reports/stock/2852/GEMSPIN/,0,,,
Eureka Industries Ltd,EUREKAI,2853,https://trendlyne.com/research-reports/stock/2853/EUREKAI/,0,,,
Aditya Spinners Ltd,ADITYASPIN,2854,https://trendlyne.com/research-reports/stock/2854/ADITYASPIN/,0,,,
Prime Urban Development India Ltd,PRIMEURB,2855,https://trendlyne.com/research-reports/stock/2855/PRIMEURB/,0,,,
Dhanlaxmi Fabrics Ltd,DHANFAB,2856,https://trendlyne.com/research-reports/stock/2856/DHANFAB/,0,,,
Sri Lakshmi Saraswathi Textiles Arni Ltd,SLSTLQ,2857,https://trendlyne.com/research-reports/stock/2857/SLSTLQ/,0,,,
Sri Ramakrishna Mills Coimbatore Ltd,SRMCL,2858,https://trendlyne.com/research-reports/stock/2858/SRMCL/,0,,,
United Textiles Ltd,UNITEDTE,2860,https://trendlyne.com/research-reports/stock/2860/UNITEDTE/,0,,,
Samtex Fashions Ltd,SAMTEX,2861,https://trendlyne.com/research-reports/stock/2861/SAMTEX/,0,,,
Cityman Ltd,CITYMAN,2862,https://trendlyne.com/research-reports/stock/2862/CITYMAN/,0,,,
Dhanalaxmi Roto Spinners Ltd,DHANROTO,2863,https://trendlyne.com/research-reports/stock/2863/DHANROTO/,0,,,
Damodar Industries Ltd,DAMODARIND,2864,https://trendlyne.com/research-reports/stock/2864/DAMODARIND/,0,,,
Sanblue Corporation Ltd,SANBLUE,2865,https://trendlyne.com/research-reports/stock/2865/SANBLUE/,0,,,
Uniroyal Industries Ltd,UNIROYAL,2866,https://trendlyne.com/research-reports/stock/2866/UNIROYAL/,0,,,
Tatia Global Vennture Ltd,TATIAGLOB,2867,https://trendlyne.com/research-reports/stock/2867/TATIAGLOB/,0,,,
Sunil Industries Ltd,SUNILTX,2868,https://trendlyne.com/research-reports/stock/2868/SUNILTX/,0,,,
Sri Nachammai Cotton Mills Ltd,SRINACHA,2869,https://trendlyne.com/research-reports/stock/2869/SRINACHA/,0,,,
Punjab Chemicals And Crop Protection Ltd,PUNJABCHEM,1083,https://trendlyne.com/research-reports/stock/1083/PUNJABCHEM/,11612534316,,,
Mkp Mobility Ltd,CHITRTX,2871,https://trendlyne.com/research-reports/stock/2871/CHITRTX/,0,,,
Cranex Ltd,CRANEX,2872,https://trendlyne.com/research-reports/stock/2872/CRANEX/,0,,,
Asian Energy Services Ltd,ASIANENE,3316,https://trendlyne.com/research-reports/stock/3316/ASIANENE/,11598700000,Oil Equipment & Services,Oil & Gas,530355
Austin Engineering Company Ltd,AUSTENG,2874,https://trendlyne.com/research-reports/stock/2874/AUSTENG/,0,,,
Pnb Gilts Ltd,PNBGILTS,1049,https://trendlyne.com/research-reports/stock/1049/PNBGILTS/,11556600000,Finance (including NBFCs),Banking and Finance,532366
Shriram Properties Ltd,SHRIRAMPPS,750092,https://trendlyne.com/research-reports/stock/750092/SHRIRAMPPS/,11537900000,Realty,Realty,543419
Ema India Ltd,EMAINDIA,2878,https://trendlyne.com/research-reports/stock/2878/EMAINDIA/,0,,,
Miven Machine Tools Ltd,MIVENMACH,2879,https://trendlyne.com/research-reports/stock/2879/MIVENMACH/,0,,,
Digitide Solutions Ltd,DIGITIDE,3135582,https://trendlyne.com/research-reports/stock/3135582/DIGITIDE/,11481400000,IT Consulting & Software,Software & Services,544413
Quadrant Future Tek Ltd,QUADFUTURE,2897925,https://trendlyne.com/research-reports/stock/2897925/QUADFUTURE/,11458000000,Wires & Cables,Consumer Durables,544336
Meghmani Organics Ltd,MOL,635675,https://trendlyne.com/research-reports/stock/635675/MOL/,11428900000,Agrochemicals,Chemicals & Petrochemicals,543331
Precision Camshafts Ltd,PRECAM,1954,https://trendlyne.com/research-reports/stock/1954/PRECAM/,11367000000,Auto Parts & Equipment,Automobiles & Auto Components,539636
Atul Auto Ltd,ATULAUTO,130,https://trendlyne.com/research-reports/stock/130/ATULAUTO/,11347500000,2/3 Wheelers,Automobiles & Auto Components,531795
Solitaire Machine Tools Ltd,SOLIMAC,2886,https://trendlyne.com/research-reports/stock/2886/SOLIMAC/,0,,,
Indsil Hydro Power And Manganese Ltd,INDSILHYD,2887,https://trendlyne.com/research-reports/stock/2887/INDSILHYD/,0,,,
Itl Industries Ltd,ITL,2888,https://trendlyne.com/research-reports/stock/2888/ITL/,0,,,
Unitech Ltd,UNITECH,1449,https://trendlyne.com/research-reports/stock/1449/UNITECH/,11322042683,,,
Rasandik Engineering Industries Ltd,RASANDIK,2890,https://trendlyne.com/research-reports/stock/2890/RASANDIK/,0,,,
Yogi Infra Projects Ltd,YOGISUNG,2891,https://trendlyne.com/research-reports/stock/2891/YOGISUNG/,0,,,
Jindal Poly Investment Finance Company Ltd,JPOLYINVST,694,https://trendlyne.com/research-reports/stock/694/JPOLYINVST/,11311900000,Other Financial Services,Banking and Finance,536773
Raj Rayon Industries Ltd,RAJRILTD,1097,https://trendlyne.com/research-reports/stock/1097/RAJRILTD/,11294000000,Textiles,Textiles Apparels & Accessories,530699
Conart Engineers Ltd,CONART,2894,https://trendlyne.com/research-reports/stock/2894/CONART/,0,,,
Shivagrico Implements Ltd,SHIVAGR,2896,https://trendlyne.com/research-reports/stock/2896/SHIVAGR/,0,,,
Iykot Hitech Toolroom Ltd,IYKOTHITE,2897,https://trendlyne.com/research-reports/stock/2897/IYKOTHITE/,0,,,
Cenlub Industries Ltd,CENLUB,2898,https://trendlyne.com/research-reports/stock/2898/CENLUB/,0,,,
Dynacons Systems Solutions Ltd,DSSL,348,https://trendlyne.com/research-reports/stock/348/DSSL/,11207400000,IT Consulting & Software,Software & Services,532365
Veejay Lakshmi Engineering Works Ltd,VJLAXMIE,2900,https://trendlyne.com/research-reports/stock/2900/VJLAXMIE/,0,,,
Expleo Solutions Ltd,EXPLEOSOL,1280,https://trendlyne.com/research-reports/stock/1280/EXPLEOSOL/,11187400000,IT Consulting & Software,Software & Services,533121
Ttk Healthcare Ltd,TTKHLTCARE,1420,https://trendlyne.com/research-reports/stock/1420/TTKHLTCARE/,11150245425,,,
Nms Resources Global Ltd,IFMIMPX,2903,https://trendlyne.com/research-reports/stock/2903/IFMIMPX/,0,,,
Vidya Wires Ltd,VIDYAWIRES,3346814,https://trendlyne.com/research-reports/stock/3346814/VIDYAWIRES/,11130200000,Other Electrical Equipment/Products,Consumer Durables,544633
T I Global Ltd,TIGLOB,2905,https://trendlyne.com/research-reports/stock/2905/TIGLOB/,0,,,
Salasar Techno Engineering Ltd,SALASAR,56821,https://trendlyne.com/research-reports/stock/56821/SALASAR/,11117000000,Construction & Engineering,Cement and Construction,540642
Renaissance Global Ltd,RGL,1138,https://trendlyne.com/research-reports/stock/1138/RGL/,11106000000,Gems & Jewellery,Textiles Apparels & Accessories,532923
Ansal Buildwell Ltd,ANSALBU,2908,https://trendlyne.com/research-reports/stock/2908/ANSALBU/,0,,,
B N Rathi Securities Ltd,BNRSEC,2909,https://trendlyne.com/research-reports/stock/2909/BNRSEC/,0,,,
Rishi Techtex Ltd,RISHIPACK,2910,https://trendlyne.com/research-reports/stock/2910/RISHIPACK/,0,,,
Excel Industries Ltd,EXCELINDUS,402,https://trendlyne.com/research-reports/stock/402/EXCELINDUS/,11077947958,,,
Pngs Reva Diamond Jewellery Ltd,PNGSREVA,3427416,https://trendlyne.com/research-reports/stock/3427416/PNGSREVA/,11042100000,Gems & Jewellery,Textiles Apparels & Accessories,544718
Platinum Industries Ltd,PLATIND,2074961,https://trendlyne.com/research-reports/stock/2074961/PLATIND/,11027800000,Specialty Chemicals,Chemicals & Petrochemicals,544134
Jj Finance Corporation Ltd,JJFINCOR,2915,https://trendlyne.com/research-reports/stock/2915/JJFINCOR/,0,,,
Bharat Wire Ropes Ltd,BHARATWIRE,1979,https://trendlyne.com/research-reports/stock/1979/BHARATWIRE/,11007800000,Iron & Steel Products,Metals & Mining,539799
Manaksia Coated Metals Industries Ltd,MANAKCOAT,1573,https://trendlyne.com/research-reports/stock/1573/MANAKCOAT/,11001400000,Iron & Steel/Interm.Products,Metals & Mining,539046
Futuristic Securities Ltd,FUTURSEC,2918,https://trendlyne.com/research-reports/stock/2918/FUTURSEC/,0,,,
Tinna Rubber And Infrastructure Ltd,TINNARUBR,3340,https://trendlyne.com/research-reports/stock/3340/TINNARUBR/,10959900000,Specialty Chemicals,Chemicals & Petrochemicals,530475
Thrive Future Habitats Ltd,ADORMUL,2920,https://trendlyne.com/research-reports/stock/2920/ADORMUL/,0,,,
Medicaps Ltd,MEDICAPS,2922,https://trendlyne.com/research-reports/stock/2922/MEDICAPS/,0,,,
Otco International Ltd,OTCO,2923,https://trendlyne.com/research-reports/stock/2923/OTCO/,0,,,
Rrp Defense Ltd,EUROASIA,3426,https://trendlyne.com/research-reports/stock/3426/EUROASIA/,10941400000,Commodity Trading  & Distribution,Commercial Services & Supplies,530929
Srm Energy Ltd,SRMENERGY,2929,https://trendlyne.com/research-reports/stock/2929/SRMENERGY/,0,,,
Jindal Photo Ltd,JINDALPHOT,674,https://trendlyne.com/research-reports/stock/674/JINDALPHOT/,10889200000,Photographic Products,General Industrials,532624
Continental Petroleums Ltd,CONTPTR,2931,https://trendlyne.com/research-reports/stock/2931/CONTPTR/,0,,,
N B Footwear Ltd,NBFOOT,2932,https://trendlyne.com/research-reports/stock/2932/NBFOOT/,0,,,
Orient Green Power Company Ltd,GREENPOWER,495,https://trendlyne.com/research-reports/stock/495/GREENPOWER/,10874000000,Green & Renewable Energy,Utilities,533263
G V Films Ltd,GVFILM,2934,https://trendlyne.com/research-reports/stock/2934/GVFILM/,0,,,
Capital Small Finance Bank Ltd,CAPITALSFB,1998221,https://trendlyne.com/research-reports/stock/1998221/CAPITALSFB/,10845600000,Microfinance Institutions,Banking and Finance,544120
I G Petrochemicals Ltd,IGPL,597,https://trendlyne.com/research-reports/stock/597/IGPL/,10817965591,,,
Butterfly Gandhimathi Appliances Ltd,BUTTERFLY,227,https://trendlyne.com/research-reports/stock/227/BUTTERFLY/,10814445986,,,
Standard Shoe Sole And Mould India Ltd,STDSHOE,2939,https://trendlyne.com/research-reports/stock/2939/STDSHOE/,0,,,
Wonder Electricals Ltd,WEL,152656,https://trendlyne.com/research-reports/stock/152656/WEL/,10762200000,Household Appliances,Consumer Durables,543449
Aym Syntex Ltd,AYMSYNTEX,1774,https://trendlyne.com/research-reports/stock/1774/AYMSYNTEX/,10732642075,,,
Triton Corp Ltd,TRITON,2942,https://trendlyne.com/research-reports/stock/2942/TRITON/,0,,,
R M Drip And Sprinklers Systems Ltd,RMDRIP,87881,https://trendlyne.com/research-reports/stock/87881/RMDRIP/,10728900000,Plastic Products,General Industrials,544456
Sunraj Diamond Exports Ltd,SUNRAJDI,2945,https://trendlyne.com/research-reports/stock/2945/SUNRAJDI/,0,,,
Nelcast Ltd,NELCAST,925,https://trendlyne.com/research-reports/stock/925/NELCAST/,10713300000,Castings & Forgings,General Industrials,532864
Ind Bank Housing Ltd,INDBNK,2948,https://trendlyne.com/research-reports/stock/2948/INDBNK/,0,,,
Jai Mata Glass Ltd,JAIMATAG,2949,https://trendlyne.com/research-reports/stock/2949/JAIMATAG/,0,,,
Syncom Formulation India Ltd,SYNCOMF,3028,https://trendlyne.com/research-reports/stock/3028/SYNCOMF/,10622000000,Pharmaceuticals,Pharmaceuticals & Biotechnology,524470
Pacific Industries Ltd,PACIFICIND,2951,https://trendlyne.com/research-reports/stock/2951/PACIFICIND/,0,,,
Chennai Meenakshi Multispeciality Hospital Ltd,CMMHOSP,2952,https://trendlyne.com/research-reports/stock/2952/CMMHOSP/,0,,,
Universal Office Automation Ltd,UNIOFFICE,2953,https://trendlyne.com/research-reports/stock/2953/UNIOFFICE/,0,,,
Apm Industries Ltd,APMIN,2954,https://trendlyne.com/research-reports/stock/2954/APMIN/,0,,,
Krypton Industries Ltd,KRYPTONQ,2955,https://trendlyne.com/research-reports/stock/2955/KRYPTONQ/,0,,,
The Hi Tech Gears Ltd,HITECHGEAR,564,https://trendlyne.com/research-reports/stock/564/HITECHGEAR/,10556300000,Auto Parts & Equipment,Automobiles & Auto Components,522073
Martin Burn Ltd,MARBU,2957,https://trendlyne.com/research-reports/stock/2957/MARBU/,0,,,
3B Blackbio Dx Ltd,KILPEST,3781,https://trendlyne.com/research-reports/stock/3781/KILPEST/,10544300000,Agrochemicals,Chemicals & Petrochemicals,532067
Kunststoffe Industries Ltd,KUNSTOFF,2959,https://trendlyne.com/research-reports/stock/2959/KUNSTOFF/,0,,,
Diffusion Engineers Ltd,DIFFNKG,2674303,https://trendlyne.com/research-reports/stock/2674303/DIFFNKG/,10521700000,Other Industrial Goods,General Industrials,544264
Phaarmasia Ltd,PHRMASI,2961,https://trendlyne.com/research-reports/stock/2961/PHRMASI/,0,,,
Yash Innoventures Ltd,REDEXPR,2963,https://trendlyne.com/research-reports/stock/2963/REDEXPR/,0,,,
Kkalpana Plastick Ltd,KKPLASTICK,2964,https://trendlyne.com/research-reports/stock/2964/KKPLASTICK/,0,,,
Birlanu Ltd,BIRLANU,546,https://trendlyne.com/research-reports/stock/546/BIRLANU/,10506398468,,,
Flex Foods Ltd,FLEXFO,2966,https://trendlyne.com/research-reports/stock/2966/FLEXFO/,0,,,
Valiant Communications Ltd,VALIANT,3194,https://trendlyne.com/research-reports/stock/3194/VALIANT/,10505000000,Telecom Equipment,Telecommunications Equipment,526775
Fortis Malar Hospitals Ltd,FORTISMLR,2968,https://trendlyne.com/research-reports/stock/2968/FORTISMLR/,0,,,
Jmg Corporation Ltd,JMGCORP,2969,https://trendlyne.com/research-reports/stock/2969/JMGCORP/,0,,,
Svam Software Ltd,SVAMSOF,2970,https://trendlyne.com/research-reports/stock/2970/SVAMSOF/,0,,,
Bajaj Healthcare Ltd,BAJAJHCARE,4373,https://trendlyne.com/research-reports/stock/4373/BAJAJHCARE/,10474100000,Pharmaceuticals,Pharmaceuticals & Biotechnology,539872
Trans India House Impex Ltd,IOSYSTEM,2973,https://trendlyne.com/research-reports/stock/2973/IOSYSTEM/,0,,,
Oricon Enterprises Ltd,ORICONENT,1752,https://trendlyne.com/research-reports/stock/1752/ORICONENT/,10411520680,,,
Mitshi India Ltd,MITSHI,2976,https://trendlyne.com/research-reports/stock/2976/MITSHI/,0,,,
Shukra Jewellery Ltd,SHUKRADIAM,2977,https://trendlyne.com/research-reports/stock/2977/SHUKRADIAM/,0,,,
Mirc Electronics Ltd,MIRCELECTR,866,https://trendlyne.com/research-reports/stock/866/MIRCELECTR/,10398362305,,,
Vardhman Holdings Ltd,VHL,1477,https://trendlyne.com/research-reports/stock/1477/VHL/,10338988096,,,
Sovereign Diamonds Ltd,SOVERDIA,2980,https://trendlyne.com/research-reports/stock/2980/SOVERDIA/,0,,,
Gujarat Raffia Industries Ltd,GUJRAFFIA,2981,https://trendlyne.com/research-reports/stock/2981/GUJRAFFIA/,0,,,
Innovative Tech Pack Ltd,INNOVTEC,2982,https://trendlyne.com/research-reports/stock/2982/INNOVTEC/,0,,,
Super Tannery Ltd,SUPTANERY,2983,https://trendlyne.com/research-reports/stock/2983/SUPTANERY/,0,,,
Constronics Infra Ltd,523844,2984,https://trendlyne.com/research-reports/stock/2984/523844/,0,,,
Monte Carlo Fashions Ltd,MONTECARLO,1554,https://trendlyne.com/research-reports/stock/1554/MONTECARLO/,10336000000,Other Apparels & Accessories,Textiles Apparels & Accessories,538836
Ab Infrabuild Ltd,ABINFRA,149050,https://trendlyne.com/research-reports/stock/149050/ABINFRA/,10329200000,Construction & Engineering,Cement and Construction,544281
East India Drums And Barrels Manufacturing Ltd,523874,2989,https://trendlyne.com/research-reports/stock/2989/523874/,0,,,
Kross Ltd,KROSS,2613902,https://trendlyne.com/research-reports/stock/2613902/KROSS/,10314400000,Auto Parts & Equipment,Automobiles & Auto Components,544253
Avi Products India Ltd,AVIPHOT,2993,https://trendlyne.com/research-reports/stock/2993/AVIPHOT/,0,,,
Hindustan Flurocarbons Ltd,HINFLUR,2994,https://trendlyne.com/research-reports/stock/2994/HINFLUR/,0,,,
Balaji Telefilms Ltd,BALAJITELE,151,https://trendlyne.com/research-reports/stock/151/BALAJITELE/,10245600000,Broadcasting & Cable TV,Media,532382
Venlon Enterprises Ltd,VENLONPOLY,2996,https://trendlyne.com/research-reports/stock/2996/VENLONPOLY/,0,,,
Panther Industrial Products Ltd,PANIDPR,2998,https://trendlyne.com/research-reports/stock/2998/PANIDPR/,0,,,
Himatsingka Seide Ltd,HIMATSEIDE,548,https://trendlyne.com/research-reports/stock/548/HIMATSEIDE/,10183867717,,,
Haryana Leather Chemicals Ltd,HARLETH,3000,https://trendlyne.com/research-reports/stock/3000/HARLETH/,0,,,
Abans Financial Services Ltd,AFSL,1241145,https://trendlyne.com/research-reports/stock/1241145/AFSL/,10183400000,Finance (including NBFCs),Banking and Finance,543712
Pee Cee Cosma Sope Ltd,PCCOSMA,3003,https://trendlyne.com/research-reports/stock/3003/PCCOSMA/,0,,,
Tcm Ltd,TCMLMTD,3004,https://trendlyne.com/research-reports/stock/3004/TCMLMTD/,0,,,
Izmo Ltd,IZMO,795,https://trendlyne.com/research-reports/stock/795/IZMO/,10158900000,IT Consulting & Software,Software & Services,532341
B L Kashyap Sons Ltd,BLKASHYAP,205,https://trendlyne.com/research-reports/stock/205/BLKASHYAP/,10153800000,Construction & Engineering,Cement and Construction,532719
Teesta Agro Industries Ltd,TEEAI,3007,https://trendlyne.com/research-reports/stock/3007/TEEAI/,0,,,
Pentokey Organy India Ltd,PNTKYOR,3008,https://trendlyne.com/research-reports/stock/3008/PNTKYOR/,0,,,
Resonance Specialties Ltd,RESONANCE,3009,https://trendlyne.com/research-reports/stock/3009/RESONANCE/,0,,,
Aimco Pesticides Ltd,AIMCOPEST,3012,https://trendlyne.com/research-reports/stock/3012/AIMCOPEST/,0,,,
Gujarat Terce Laboratories Ltd,GUJTERC,3013,https://trendlyne.com/research-reports/stock/3013/GUJTERC/,0,,,
Kabra Drugs Ltd,KABRADG,3014,https://trendlyne.com/research-reports/stock/3014/KABRADG/,0,,,
Seya Industries Ltd,SEYAIND,3015,https://trendlyne.com/research-reports/stock/3015/SEYAIND/,0,,,
Fino Payments Bank Ltd,FINOPB,709303,https://trendlyne.com/research-reports/stock/709303/FINOPB/,10135200000,Microfinance Institutions,Banking and Finance,543386
Shree Hari Chemicals Export Ltd,SHHARICH,3017,https://trendlyne.com/research-reports/stock/3017/SHHARICH/,0,,,
Grp Ltd,GRPLTD,1566,https://trendlyne.com/research-reports/stock/1566/GRPLTD/,10132797597,,,
Biofil Chemicals Pharmaceuticals Ltd,BIOFILCHEM,3020,https://trendlyne.com/research-reports/stock/3020/BIOFILCHEM/,0,,,
Ishita Drugs Industries Ltd,ISHITADR,3021,https://trendlyne.com/research-reports/stock/3021/ISHITADR/,0,,,
Universal Starch Chem Allied Ltd,UNIVSTAR,3022,https://trendlyne.com/research-reports/stock/3022/UNIVSTAR/,0,,,
Gpt Healthcare Ltd,GPTHEALTH,2056673,https://trendlyne.com/research-reports/stock/2056673/GPTHEALTH/,10119000000,Healthcare Facilities,Healthcare,544131
Asian Petroproducts Exports Ltd,ASINPET,3024,https://trendlyne.com/research-reports/stock/3024/ASINPET/,0,,,
Camex Ltd,CAMEXLTD,3025,https://trendlyne.com/research-reports/stock/3025/CAMEXLTD/,0,,,
Evexia Lifecare Ltd,KAVITIND,3026,https://trendlyne.com/research-reports/stock/3026/KAVITIND/,0,,,
Indo Euro Indchem Ltd,INDOEURO,3027,https://trendlyne.com/research-reports/stock/3027/INDOEURO/,0,,,
Faze Three Ltd,FAZE3Q,3253,https://trendlyne.com/research-reports/stock/3253/FAZE3Q/,10115500000,Textiles,Textiles Apparels & Accessories,530079
Ak Capital Services Ltd,AKCAPIT,3343,https://trendlyne.com/research-reports/stock/3343/AKCAPIT/,10084500000,Finance (including NBFCs),Banking and Finance,530499
Svc Industries Ltd,ATVPETRO,3031,https://trendlyne.com/research-reports/stock/3031/ATVPETRO/,0,,,
Raaj Medisafe India Ltd,RAAJMEDI,3032,https://trendlyne.com/research-reports/stock/3032/RAAJMEDI/,0,,,
Reliance Industrial Infrastructure Ltd,RIIL,1137,https://trendlyne.com/research-reports/stock/1137/RIIL/,10080800000,Construction & Engineering,Cement and Construction,523445
Tulasee Bio Ethanol Ltd,TULASEEBIOE,3034,https://trendlyne.com/research-reports/stock/3034/TULASEEBIOE/,0,,,
Bacil Pharma Ltd,BACPHAR,3035,https://trendlyne.com/research-reports/stock/3035/BACPHAR/,0,,,
Shree Pushkar Chemicals Fertilisers Ltd,SHREEPUSHK,1777,https://trendlyne.com/research-reports/stock/1777/SHREEPUSHK/,10066700000,Dyes & Pigments,Chemicals & Petrochemicals,539334
Asian Star Company Ltd,ASTAR,3714,https://trendlyne.com/research-reports/stock/3714/ASTAR/,10057100000,Gems & Jewellery,Textiles Apparels & Accessories,531847
Laffans Petrochemicals Ltd,LAFFANSQ,3038,https://trendlyne.com/research-reports/stock/3038/LAFFANSQ/,0,,,
Alicon Castalloy Ltd,ALICON,56,https://trendlyne.com/research-reports/stock/56/ALICON/,10034900000,Auto Parts & Equipment,Automobiles & Auto Components,531147
Rajputana Stainless Ltd,RSL,3446584,https://trendlyne.com/research-reports/stock/3446584/RSL/,9999700000,Iron & Steel Products,Metals & Mining,544731
Andhra Sugars Ltd,ANDHRSUGAR,81,https://trendlyne.com/research-reports/stock/81/ANDHRSUGAR/,9946900000,Commodity Chemicals,Chemicals & Petrochemicals,590062
Paramount Communications Ltd,PARACABLES,1004,https://trendlyne.com/research-reports/stock/1004/PARACABLES/,9934600000,Wires & Cables,Consumer Durables,530555
Vivid Global Industries Ltd,VIVIDIND,3044,https://trendlyne.com/research-reports/stock/3044/VIVIDIND/,0,,,
Priya Ltd,PRIYADYES,3045,https://trendlyne.com/research-reports/stock/3045/PRIYADYES/,0,,,
Laxmi Dental Ltd,LAXMIDENTL,2916661,https://trendlyne.com/research-reports/stock/2916661/LAXMIDENTL/,9910200000,Healthcare Supplies,Healthcare,544339
Hemo Organic Ltd,HEMORGANIC,3048,https://trendlyne.com/research-reports/stock/3048/HEMORGANIC/,0,,,
Paushak Ltd,PAUSHAKLTD,3865,https://trendlyne.com/research-reports/stock/3865/PAUSHAKLTD/,9905900000,Specialty Chemicals,Chemicals & Petrochemicals,532742
Aeonx Digital Technology Ltd,ASHOKALCO,3050,https://trendlyne.com/research-reports/stock/3050/ASHOKALCO/,0,,,
Genesys International Corporation Ltd,GENESYS,448,https://trendlyne.com/research-reports/stock/448/GENESYS/,9900558368,,,
Bandaram Pharma Packtech Ltd,SHIVMED,3052,https://trendlyne.com/research-reports/stock/3052/SHIVMED/,0,,,
Beryl Drugs Ltd,BERLDRG,3053,https://trendlyne.com/research-reports/stock/3053/BERLDRG/,0,,,
Iel Ltd,INDXTRA,3055,https://trendlyne.com/research-reports/stock/3055/INDXTRA/,0,,,
Borosil Scientific Ltd,BOROSCI,2330143,https://trendlyne.com/research-reports/stock/2330143/BOROSCI/,9890000000,Containers & Packaging,Commercial Services & Supplies,544184
Gagan Gases Ltd,GAGAN,3057,https://trendlyne.com/research-reports/stock/3057/GAGAN/,0,,,
Parker Agrochem Exports Ltd,PARKERAC,3058,https://trendlyne.com/research-reports/stock/3058/PARKERAC/,0,,,
Ifgl Refractories Ltd,IFGLEXPOR,71289,https://trendlyne.com/research-reports/stock/71289/IFGLEXPOR/,9889200000,Electrodes & Refractories,General Industrials,540774
Sepc Ltd,SEPC,1233,https://trendlyne.com/research-reports/stock/1233/SEPC/,9884900000,Construction & Engineering,Cement and Construction,532945
Hardwyn India Ltd,HARDWYN,87741,https://trendlyne.com/research-reports/stock/87741/HARDWYN/,9876100000,Household Products,Consumer Durables,541276
Archit Organosys Ltd,ARCHITORG,3062,https://trendlyne.com/research-reports/stock/3062/ARCHITORG/,0,,,
Sikozy Realtors Ltd,SIKOZY,3063,https://trendlyne.com/research-reports/stock/3063/SIKOZY/,0,,,
Gandhi Special Tubes Ltd,GANDHITUBE,437,https://trendlyne.com/research-reports/stock/437/GANDHITUBE/,9826667828,,,
Unicommerce Esolutions Ltd,UNIECOM,2492906,https://trendlyne.com/research-reports/stock/2492906/UNIECOM/,9825500000,IT Software Products,Software & Services,544227
Welcure Drugs Pharmaceuticals Ltd,WELCURE,3066,https://trendlyne.com/research-reports/stock/3066/WELCURE/,0,,,
Bharat Immunological Biologicals Corporation Ltd,BIBCL,3067,https://trendlyne.com/research-reports/stock/3067/BIBCL/,0,,,
Basant Agro Tech India Ltd,BASANTGL,3068,https://trendlyne.com/research-reports/stock/3068/BASANTGL/,0,,,
Sandu Pharmaceuticals Ltd,SANDUPHQ,3070,https://trendlyne.com/research-reports/stock/3070/SANDUPHQ/,0,,,
Bharat Seats Ltd,BHARATSE,2930,https://trendlyne.com/research-reports/stock/2930/BHARATSE/,9817500000,Auto Parts & Equipment,Automobiles & Auto Components,523229
Shree Digvijay Cement Company Ltd,SHREDIGCEM,2117,https://trendlyne.com/research-reports/stock/2117/SHREDIGCEM/,9778594948,,,
Span Divergent Ltd,SPANDIAQ,3073,https://trendlyne.com/research-reports/stock/3073/SPANDIAQ/,0,,,
Walchandnagar Industries Ltd,WALCHANNAG,1509,https://trendlyne.com/research-reports/stock/1509/WALCHANNAG/,9772965477,,,
Rupa Company Ltd,RUPA,1158,https://trendlyne.com/research-reports/stock/1158/RUPA/,9734600000,Other Apparels & Accessories,Textiles Apparels & Accessories,533552
Link Pharma Chem Ltd,LINKPH,3076,https://trendlyne.com/research-reports/stock/3076/LINKPH/,0,,,
Decipher Labs Ltd,COMBDRG,3077,https://trendlyne.com/research-reports/stock/3077/COMBDRG/,0,,,
Emmessar Biotech Nutrition Ltd,EMMESSA,3081,https://trendlyne.com/research-reports/stock/3081/EMMESSA/,0,,,
Jaro Institute Of Technology Management And Research Ltd,JARO,3267081,https://trendlyne.com/research-reports/stock/3267081/JARO/,9699900000,Education,Diversified Consumer Services,544534
Hariom Pipe Industries Ltd,HARIOMPIPE,858893,https://trendlyne.com/research-reports/stock/858893/HARIOMPIPE/,9675700000,Iron & Steel Products,Metals & Mining,543517
Phyto Chem India Ltd,PHYTO,3085,https://trendlyne.com/research-reports/stock/3085/PHYTO/,0,,,
Dynamic Industries Ltd,DYNAMIND,3086,https://trendlyne.com/research-reports/stock/3086/DYNAMIND/,0,,,
Tarsons Products Ltd,TARSONS,731411,https://trendlyne.com/research-reports/stock/731411/TARSONS/,9663900000,Medical Equipment,Healthcare,543399
Jauss Polymers Ltd,JAUSPOL,3088,https://trendlyne.com/research-reports/stock/3088/JAUSPOL/,0,,,
Procal Electronics India Ltd,PROCAL,3089,https://trendlyne.com/research-reports/stock/3089/PROCAL/,0,,,
Dam Capital Advisors Ltd,DAMCAPITAL,2863353,https://trendlyne.com/research-reports/stock/2863353/DAMCAPITAL/,9659900000,Capital Markets,Banking and Finance,544316
Polymechplast Machines Ltd,POLYCHMP,3091,https://trendlyne.com/research-reports/stock/3091/POLYCHMP/,0,,,
Srm Contractors Ltd,SRM,2161995,https://trendlyne.com/research-reports/stock/2161995/SRM/,9586100000,Construction & Engineering,Cement and Construction,544158
Bhartiya International Ltd,BIL,191,https://trendlyne.com/research-reports/stock/191/BIL/,9548200000,Other Apparels & Accessories,Textiles Apparels & Accessories,526666
Rajoo Engineers Ltd,RAJOOENG,2899,https://trendlyne.com/research-reports/stock/2899/RAJOOENG/,9521600000,Industrial Machinery,General Industrials,522257
Uniroyal Marine Exports Ltd,UNRYLMA,3097,https://trendlyne.com/research-reports/stock/3097/UNRYLMA/,0,,,
Manor Estates Industries Ltd,KARANWO,3098,https://trendlyne.com/research-reports/stock/3098/KARANWO/,0,,,
Shervani Industrial Syndicate Ltd,SHERVANI,3099,https://trendlyne.com/research-reports/stock/3099/SHERVANI/,0,,,
Super Tex Industries Ltd,SUPERTEX,3100,https://trendlyne.com/research-reports/stock/3100/SUPERTEX/,0,,,
Shetron Ltd,SHETRON,3101,https://trendlyne.com/research-reports/stock/3101/SHETRON/,0,,,
Transgene Biotek Ltd,TRABI,3102,https://trendlyne.com/research-reports/stock/3102/TRABI/,0,,,
Mpl Plastics Ltd,MILTONPLAS,3103,https://trendlyne.com/research-reports/stock/3103/MILTONPLAS/,0,,,
Ratnaveer Precision Engineering Ltd,RATNAVEER,1646888,https://trendlyne.com/research-reports/stock/1646888/RATNAVEER/,9505700000,Iron & Steel Products,Metals & Mining,543978
Spenta International Ltd,SPENTA,3105,https://trendlyne.com/research-reports/stock/3105/SPENTA/,0,,,
Madras Fertilizers Ltd,MADRASFERT,812,https://trendlyne.com/research-reports/stock/812/MADRASFERT/,9474400000,Fertilizers,Fertilizers,590134
Salzer Electronics Ltd,SALZERELEC,1797,https://trendlyne.com/research-reports/stock/1797/SALZERELEC/,9461258142,,,
Uttam Sugar Mills Ltd,UTTAMSUGAR,1459,https://trendlyne.com/research-reports/stock/1459/UTTAMSUGAR/,9445300000,Sugar,"Food, Beverages & Tobacco",532729
Ashram Online Com Ltd,TATIASKYLN,3109,https://trendlyne.com/research-reports/stock/3109/TATIASKYLN/,0,,,
Royal Cushion Vinyl Products Ltd,ROYALCUSHN,3110,https://trendlyne.com/research-reports/stock/3110/ROYALCUSHN/,0,,,
Neogem India Ltd,NOGMIND,3111,https://trendlyne.com/research-reports/stock/3111/NOGMIND/,0,,,
Bloom Dekor Ltd,BLOOM,3113,https://trendlyne.com/research-reports/stock/3113/BLOOM/,0,,,
Morgan Ventures Ltd,MORGAN,3114,https://trendlyne.com/research-reports/stock/3114/MORGAN/,0,,,
Amrapali Industries Ltd,AMRAPLIN,3115,https://trendlyne.com/research-reports/stock/3115/AMRAPLIN/,0,,,
Sar Auto Products Ltd,SAPL,4153,https://trendlyne.com/research-reports/stock/4153/SAPL/,9434100000,Auto Parts & Equipment,Automobiles & Auto Components,538992
Mideast Portfolio Management Ltd,MIDEASTP,3117,https://trendlyne.com/research-reports/stock/3117/MIDEASTP/,0,,,
Steel Exchange India Ltd,STEELXIND,3943,https://trendlyne.com/research-reports/stock/3943/STEELXIND/,9416500000,Iron & Steel/Interm.Products,Metals & Mining,534748
Crestchem Ltd,CRSTCHM,3119,https://trendlyne.com/research-reports/stock/3119/CRSTCHM/,0,,,
Divyashakti Ltd,DIVSHKT,3122,https://trendlyne.com/research-reports/stock/3122/DIVSHKT/,0,,,
Shreyas Intermediates Ltd,SHREYASI,3123,https://trendlyne.com/research-reports/stock/3123/SHREYASI/,0,,,
Duropack Ltd,DUROPACK,3124,https://trendlyne.com/research-reports/stock/3124/DUROPACK/,0,,,
Swarnsarita Jewels India Ltd,SWARNSAR,3125,https://trendlyne.com/research-reports/stock/3125/SWARNSAR/,0,,,
Cindrella Hotels Ltd,CINDHO,3126,https://trendlyne.com/research-reports/stock/3126/CINDHO/,0,,,
Viceroy Hotels Ltd,VHLTD,1478,https://trendlyne.com/research-reports/stock/1478/VHLTD/,9411000000,Hotels,Hotels Restaurants & Tourism,523796
Kkalpana Lndustries India Ltd,KKALPANAIND,3128,https://trendlyne.com/research-reports/stock/3128/KKALPANAIND/,0,,,
Ikio Technologies Ltd,IKIO,1485423,https://trendlyne.com/research-reports/stock/1485423/IKIO/,9388800000,Consumer Electronics,Consumer Durables,543923
Welterman International Ltd,WELTI,3130,https://trendlyne.com/research-reports/stock/3130/WELTI/,0,,,
Gala Precision Engineering Ltd,GALAPREC,2588225,https://trendlyne.com/research-reports/stock/2588225/GALAPREC/,9383200000,Other Industrial Goods,General Industrials,544244
Perfectpac Ltd,PERFEPA,3132,https://trendlyne.com/research-reports/stock/3132/PERFEPA/,0,,,
Vision Cinemas Ltd,VISIONCINE,3133,https://trendlyne.com/research-reports/stock/3133/VISIONCINE/,0,,,
Avadh Sugar Energy Ltd,AVADHSUGAR,61540,https://trendlyne.com/research-reports/stock/61540/AVADHSUGAR/,9372600000,Sugar,"Food, Beverages & Tobacco",540649
Indrayani Biotech Ltd,INDRANIB,3135,https://trendlyne.com/research-reports/stock/3135/INDRANIB/,0,,,
Euro Leder Fashions Ltd,EUROLED,3136,https://trendlyne.com/research-reports/stock/3136/EUROLED/,0,,,
Winsome Breweries Ltd,WINSOMBR,3137,https://trendlyne.com/research-reports/stock/3137/WINSOMBR/,0,,,
South Asian Enterprises Ltd,SAENTER,3138,https://trendlyne.com/research-reports/stock/3138/SAENTER/,0,,,
Sky Industries Ltd,SKYIND,3139,https://trendlyne.com/research-reports/stock/3139/SKYIND/,0,,,
Phoenix International Ltd,PHOENXINTL,3140,https://trendlyne.com/research-reports/stock/3140/PHOENXINTL/,0,,,
Prime Securities Ltd,PRIMESECU,1073,https://trendlyne.com/research-reports/stock/1073/PRIMESECU/,9371745260,,,
Pratik Panels Ltd,PRATIK,3143,https://trendlyne.com/research-reports/stock/3143/PRATIK/,0,,,
Rishiroop Ltd,RISHIROOP,3144,https://trendlyne.com/research-reports/stock/3144/RISHIROOP/,0,,,
Promact Impex Ltd,PROMACT,3145,https://trendlyne.com/research-reports/stock/3145/PROMACT/,0,,,
Sterling Greenwoods Ltd,STRGRENWO,3147,https://trendlyne.com/research-reports/stock/3147/STRGRENWO/,0,,,
Dolphin Medical Services Ltd,DOLPHMED,3148,https://trendlyne.com/research-reports/stock/3148/DOLPHMED/,0,,,
Gulshan Polyols Ltd,GULPOLY,1567,https://trendlyne.com/research-reports/stock/1567/GULPOLY/,9363700000,Commodity Chemicals,Chemicals & Petrochemicals,532457
Shahi Shipping Ltd,SKSLOGLTD,3150,https://trendlyne.com/research-reports/stock/3150/SKSLOGLTD/,0,,,
Worldwide Aluminium Ltd,WWLEATH,3153,https://trendlyne.com/research-reports/stock/3153/WWLEATH/,0,,,
Square Four Projects India Ltd,SFPIL,3154,https://trendlyne.com/research-reports/stock/3154/SFPIL/,0,,,
Sgl Resources Ltd,SCANPGEOM,3156,https://trendlyne.com/research-reports/stock/3156/SCANPGEOM/,0,,,
Choksi Laboratories Ltd,CHOKSILA,3157,https://trendlyne.com/research-reports/stock/3157/CHOKSILA/,0,,,
Salguti Industries Ltd,SALGUTI,3158,https://trendlyne.com/research-reports/stock/3158/SALGUTI/,0,,,
Longview Tea Company Ltd,LONTE,3160,https://trendlyne.com/research-reports/stock/3160/LONTE/,0,,,
Crest Ventures Ltd,CREST,290,https://trendlyne.com/research-reports/stock/290/CREST/,9330862600,,,
Enterprise International Ltd,ENTRINT,3162,https://trendlyne.com/research-reports/stock/3162/ENTRINT/,0,,,
Updater Services Ltd,UDS,1712499,https://trendlyne.com/research-reports/stock/1712499/UDS/,9309200000,Misc. Commercial Services,Commercial Services & Supplies,543996
Photoquip India Ltd,PHOTOQUP,3164,https://trendlyne.com/research-reports/stock/3164/PHOTOQUP/,0,,,
Lippi Systems Ltd,LIPPISYS,3166,https://trendlyne.com/research-reports/stock/3166/LIPPISYS/,0,,,
Matrimony Com Ltd,MATRIMONY,60598,https://trendlyne.com/research-reports/stock/60598/MATRIMONY/,9304600000,Internet Software & Services,Software & Services,540704
National Plastic Industries Ltd,NATPLAS,3168,https://trendlyne.com/research-reports/stock/3168/NATPLAS/,0,,,
Mfl India Ltd,MFLINDIA,3169,https://trendlyne.com/research-reports/stock/3169/MFLINDIA/,0,,,
Ajwa Fun World Resorts Ltd,AJWAFUN,3170,https://trendlyne.com/research-reports/stock/3170/AJWAFUN/,0,,,
Royale Manor Hotels And Industries Ltd,RAYALEMA,3171,https://trendlyne.com/research-reports/stock/3171/RAYALEMA/,0,,,
Thakker S Developers Ltd,THAKDEV,3173,https://trendlyne.com/research-reports/stock/3173/THAKDEV/,0,,,
Rajdarshan Industries Ltd,ARENTERP,3174,https://trendlyne.com/research-reports/stock/3174/ARENTERP/,0,,,
Polo Hotels Ltd,POLOHOT,3176,https://trendlyne.com/research-reports/stock/3176/POLOHOT/,0,,,
Igarashi Motors India Ltd,IGARASHI,595,https://trendlyne.com/research-reports/stock/595/IGARASHI/,9274676345,,,
Elegant Marbles Grani Industries Ltd,ELEMARB,3179,https://trendlyne.com/research-reports/stock/3179/ELEMARB/,0,,,
Bits Ltd,BITS,3180,https://trendlyne.com/research-reports/stock/3180/BITS/,0,,,
Adarsh Plant Protect Ltd,ADARSHPL,3181,https://trendlyne.com/research-reports/stock/3181/ADARSHPL/,0,,,
Control Print Ltd,CONTROLPR,2906,https://trendlyne.com/research-reports/stock/2906/CONTROLPR/,9171900000,Computer Hardware,Hardware Technology & Equipment,522295
Master Trust Ltd,MASTERTR,2512,https://trendlyne.com/research-reports/stock/2512/MASTERTR/,9131478093,,,
Suraj Estate Developers Ltd,SURAJEST,1825585,https://trendlyne.com/research-reports/stock/1825585/SURAJEST/,9130000000,Realty,Realty,544054
Stl Networks Ltd,STLNETWORK,3245801,https://trendlyne.com/research-reports/stock/3245801/STLNETWORK/,9124100000,Telecom Equipment,Telecommunications Equipment,544395
Jay Bharat Maruti Ltd,JAYBARMARU,662,https://trendlyne.com/research-reports/stock/662/JAYBARMARU/,9087600000,Auto Parts & Equipment,Automobiles & Auto Components,520066
Tamil Nadu Newsprint And Papers Ltd,TNPL,1405,https://trendlyne.com/research-reports/stock/1405/TNPL/,9049300000,Paper & Paper Products,Commercial Services & Supplies,531426
Panorama Studios International Ltd,APUNKA,4283,https://trendlyne.com/research-reports/stock/4283/APUNKA/,9045000000,Movies & Entertainment,Media,539469
Gratex Industries Ltd,GRATEXI,3191,https://trendlyne.com/research-reports/stock/3191/GRATEXI/,0,,,
Velan Hotels Ltd,VELHO,3192,https://trendlyne.com/research-reports/stock/3192/VELHO/,0,,,
Howard Hotels Ltd,HOWARHO,3193,https://trendlyne.com/research-reports/stock/3193/HOWARHO/,0,,,
Avt Natural Products Ltd,AVTNPL,139,https://trendlyne.com/research-reports/stock/139/AVTNPL/,9013152442,,,
Dhanlaxmi Bank Ltd,DHANBANK,326,https://trendlyne.com/research-reports/stock/326/DHANBANK/,8967600000,Banks,Banking and Finance,532180
Mahasagar Travels Ltd,MHSGRMS,3196,https://trendlyne.com/research-reports/stock/3196/MHSGRMS/,0,,,
Union Quality Plastics Ltd,UNQTYMI,3197,https://trendlyne.com/research-reports/stock/3197/UNQTYMI/,0,,,
Raghunath International Ltd,RAGHUNAT,3198,https://trendlyne.com/research-reports/stock/3198/RAGHUNAT/,0,,,
Eimco Elecon India Ltd,EIMCOELECO,364,https://trendlyne.com/research-reports/stock/364/EIMCOELECO/,8964100000,Industrial Machinery,General Industrials,523708
Creative Newtech Ltd,CNL,97162,https://trendlyne.com/research-reports/stock/97162/CNL/,8946900000,Internet & Catalogue Retail,Retailing,544631
Rajeswari Infrastructure Ltd,RAJINFRA,3201,https://trendlyne.com/research-reports/stock/3201/RAJINFRA/,0,,,
Divine Power Energy Ltd,DPEL,2979,https://trendlyne.com/research-reports/stock/2979/DPEL/,8931400000,Other Electrical Equipment/Products,Consumer Durables,523810
Dhampur Sugar Mills Ltd,DHAMPURSUG,325,https://trendlyne.com/research-reports/stock/325/DHAMPURSUG/,8892946698,,,
Shelter Infra Projects Ltd,SIPL,3204,https://trendlyne.com/research-reports/stock/3204/SIPL/,0,,,
Ashirwad Steels Industries Ltd,ASHSI,3206,https://trendlyne.com/research-reports/stock/3206/ASHSI/,0,,,
Arex Industries Ltd,AREXMIS,3207,https://trendlyne.com/research-reports/stock/3207/AREXMIS/,0,,,
Ab Cotspin India Ltd,ABCOTS,770889,https://trendlyne.com/research-reports/stock/770889/ABCOTS/,8873300000,Textiles,Textiles Apparels & Accessories,544522
Isf Ltd,ISFL,3209,https://trendlyne.com/research-reports/stock/3209/ISFL/,0,,,
Integrated Industries Ltd,INTECH,3729,https://trendlyne.com/research-reports/stock/3729/INTECH/,8859500000,Packaged Foods,FMCG,531889
Jainco Projects India Ltd,JAINCO,3211,https://trendlyne.com/research-reports/stock/3211/JAINCO/,0,,,
Intec Capital Ltd,INTECCAP,3212,https://trendlyne.com/research-reports/stock/3212/INTECCAP/,0,,,
Bharat Global Developers Ltd,SEQUELE,2870,https://trendlyne.com/research-reports/stock/2870/SEQUELE/,8793400000,Computer Hardware,Hardware Technology & Equipment,521238
Indo Credit Capital Ltd,INDOCRED,3214,https://trendlyne.com/research-reports/stock/3214/INDOCRED/,0,,,
Market Creators Ltd,MKTCREAT,3215,https://trendlyne.com/research-reports/stock/3215/MKTCREAT/,0,,,
Himalaya Food International Ltd,HIMIN,3216,https://trendlyne.com/research-reports/stock/3216/HIMIN/,0,,,
Sonal Adhesives Ltd,SONALAD,3217,https://trendlyne.com/research-reports/stock/3217/SONALAD/,0,,,
Padmanabh Industries Ltd,PADMAIND,3218,https://trendlyne.com/research-reports/stock/3218/PADMAIND/,0,,,
Twentyfirst Century Management Services Ltd,21STCENMGM,3220,https://trendlyne.com/research-reports/stock/3220/21STCENMGM/,0,,,
Hariyana Ship Breakers Ltd,HRYNSHP,3222,https://trendlyne.com/research-reports/stock/3222/HRYNSHP/,0,,,
Wealth First Portfolio Managers Ltd,WEALTH,87800,https://trendlyne.com/research-reports/stock/87800/WEALTH/,8772800000,Other Financial Services,Banking and Finance,544536
Vaishno Cement Company Ltd,VAICC,3224,https://trendlyne.com/research-reports/stock/3224/VAICC/,0,,,
Tyroon Tea Company Ltd,TYROON,3225,https://trendlyne.com/research-reports/stock/3225/TYROON/,0,,,
Excelsoft Technologies Ltd,EXCELSOFT,3329126,https://trendlyne.com/research-reports/stock/3329126/EXCELSOFT/,8721100000,IT Consulting & Software,Software & Services,544617
Woodsvilla Ltd,WOODSVILA,3228,https://trendlyne.com/research-reports/stock/3228/WOODSVILA/,0,,,
Capital India Finance Ltd,CIFL,3413,https://trendlyne.com/research-reports/stock/3413/CIFL/,8720600000,Finance (including NBFCs),Banking and Finance,530879
Gujarat Craft Industries Ltd,GUJCRAFT,3230,https://trendlyne.com/research-reports/stock/3230/GUJCRAFT/,0,,,
Heera Ispat Ltd,HEERAISP,3231,https://trendlyne.com/research-reports/stock/3231/HEERAISP/,0,,,
Dhoot Industrial Finance Ltd,DHOOTIN,3232,https://trendlyne.com/research-reports/stock/3232/DHOOTIN/,0,,,
Crimson Metal Engineering Company Ltd,CRIMSON,3233,https://trendlyne.com/research-reports/stock/3233/CRIMSON/,0,,,
Century Enka Ltd,CENTENKA,248,https://trendlyne.com/research-reports/stock/248/CENTENKA/,8718990381,,,
Ashoka Refineries Ltd,ASHOKRE,3235,https://trendlyne.com/research-reports/stock/3235/ASHOKRE/,0,,,
Gkw Ltd,GKWLIMITED,462,https://trendlyne.com/research-reports/stock/462/GKWLIMITED/,8711090000,,,
Shree Pacetronix Ltd,SHREEPAC,3237,https://trendlyne.com/research-reports/stock/3237/SHREEPAC/,0,,,
Bluspring Enterprises Ltd,BLUSPRING,3135583,https://trendlyne.com/research-reports/stock/3135583/BLUSPRING/,8679500000,Misc. Commercial Services,Commercial Services & Supplies,544414
Samyak International Ltd,SAMYAKINT,3239,https://trendlyne.com/research-reports/stock/3239/SAMYAKINT/,0,,,
Aadi Industries Ltd,AADIIND,3240,https://trendlyne.com/research-reports/stock/3240/AADIIND/,0,,,
Santosh Fine Fab Ltd,SANTOSHF,3241,https://trendlyne.com/research-reports/stock/3241/SANTOSHF/,0,,,
Sparkle Gold Rock Ltd,SREEJAYA,3242,https://trendlyne.com/research-reports/stock/3242/SREEJAYA/,0,,,
Acknit Industries Ltd,ACKNIT,3243,https://trendlyne.com/research-reports/stock/3243/ACKNIT/,0,,,
Yuken India Ltd,YUKEN,2883,https://trendlyne.com/research-reports/stock/2883/YUKEN/,8663200000,Compressors & Pumps,General Industrials,522108
Real Eco Energy Ltd,RREALTY,3246,https://trendlyne.com/research-reports/stock/3246/RREALTY/,0,,,
Harmony Capital Services Ltd,HRMNYCP,3247,https://trendlyne.com/research-reports/stock/3247/HRMNYCP/,0,,,
Vivanza Biosciences Ltd,VIVANZA,3248,https://trendlyne.com/research-reports/stock/3248/VIVANZA/,0,,,
Yashraj Containeurs Ltd,YASHRAJC,3249,https://trendlyne.com/research-reports/stock/3249/YASHRAJC/,0,,,
Lords Ishwar Hotels Ltd,LORDSHOTL,3250,https://trendlyne.com/research-reports/stock/3250/LORDSHOTL/,0,,,
Sastasundar Ventures Ltd,SASTASUNDR,862,https://trendlyne.com/research-reports/stock/862/SASTASUNDR/,8641300000,Healthcare Services,Healthcare,533259
Hexa Tradex Ltd,HEXATRADEX,541,https://trendlyne.com/research-reports/stock/541/HEXATRADEX/,8614300000,Other Financial Services,Banking and Finance,534328
Bcl Industries Ltd,BCLIND,3016,https://trendlyne.com/research-reports/stock/3016/BCLIND/,8589300000,Edible Oils,FMCG,524332
Ace Edutrend Ltd,ACEEDU,3254,https://trendlyne.com/research-reports/stock/3254/ACEEDU/,0,,,
Pradhin Ltd,BHAGWNME,3255,https://trendlyne.com/research-reports/stock/3255/BHAGWNME/,0,,,
Anupam Finserv Ltd,VANTAGE,3256,https://trendlyne.com/research-reports/stock/3256/VANTAGE/,0,,,
Raj Packaging Industries Ltd,RAJPACK,3257,https://trendlyne.com/research-reports/stock/3257/RAJPACK/,0,,,
Natraj Proteins Ltd,NATRAJPR,3258,https://trendlyne.com/research-reports/stock/3258/NATRAJPR/,0,,,
Samrat Pharmachem Ltd,SAMRATPH,3259,https://trendlyne.com/research-reports/stock/3259/SAMRATPH/,0,,,
Npr Finance Ltd,NPRFIN,3260,https://trendlyne.com/research-reports/stock/3260/NPRFIN/,0,,,
Royal Orchid Hotels Ltd,ROHLTD,1145,https://trendlyne.com/research-reports/stock/1145/ROHLTD/,8588200000,Hotels,Hotels Restaurants & Tourism,532699
Amco India Ltd,AMCOIND,3263,https://trendlyne.com/research-reports/stock/3263/AMCOIND/,0,,,
Systematix Corporate Services Ltd,SYSTMTXC,3149,https://trendlyne.com/research-reports/stock/3149/SYSTMTXC/,8586900000,Capital Markets,Banking and Finance,526506
Kreon Finnancial Services Ltd,KREONFIN,3265,https://trendlyne.com/research-reports/stock/3265/KREONFIN/,0,,,
Gyan Developers Builders Ltd,GYANDEV,3266,https://trendlyne.com/research-reports/stock/3266/GYANDEV/,0,,,
Tribhovandas Bhimji Zaveri Ltd,TBZ,1367,https://trendlyne.com/research-reports/stock/1367/TBZ/,8568900000,Gems & Jewellery,Textiles Apparels & Accessories,534369
Vijay Textiles Ltd,VIJAYTX,3269,https://trendlyne.com/research-reports/stock/3269/VIJAYTX/,0,,,
Garodia Chemicals Ltd,GARODCH,3270,https://trendlyne.com/research-reports/stock/3270/GARODCH/,0,,,
Taal Tech Ltd,TAALENT,4734,https://trendlyne.com/research-reports/stock/4734/TAALENT/,8552400000,Airlines,Transportation,539956
Moongipa Capital Finance Ltd,MONGIPA,3272,https://trendlyne.com/research-reports/stock/3272/MONGIPA/,0,,,
Mohit Paper Mills Ltd,MOHITPPR,3273,https://trendlyne.com/research-reports/stock/3273/MOHITPPR/,0,,,
Daulat Securities Ltd,DAULAT,3274,https://trendlyne.com/research-reports/stock/3274/DAULAT/,0,,,
Oscar Global Ltd,OSCARGLO,3275,https://trendlyne.com/research-reports/stock/3275/OSCARGLO/,0,,,
Odyssey Technologies Ltd,ODYSSEY,3276,https://trendlyne.com/research-reports/stock/3276/ODYSSEY/,0,,,
Vk Global Industries Ltd,SPSINT,3277,https://trendlyne.com/research-reports/stock/3277/SPSINT/,0,,,
Rsc International Ltd,RSCINT,3278,https://trendlyne.com/research-reports/stock/3278/RSCINT/,0,,,
Surat Trade And Mercantile Ltd,SURATEX,3279,https://trendlyne.com/research-reports/stock/3279/SURATEX/,0,,,
Atharv Enterprises Ltd,ATHARVENT,3280,https://trendlyne.com/research-reports/stock/3280/ATHARVENT/,0,,,
Lotus Chocolate Company Ltd,LOTUSCHO,2950,https://trendlyne.com/research-reports/stock/2950/LOTUSCHO/,8504600000,Packaged Foods,FMCG,523475
Kallam Textiles Ltd,KALLAM,3282,https://trendlyne.com/research-reports/stock/3282/KALLAM/,0,,,
Brawn Biotech Ltd,BRAWN,3283,https://trendlyne.com/research-reports/stock/3283/BRAWN/,0,,,
Fortune International Ltd,FORINTL,3284,https://trendlyne.com/research-reports/stock/3284/FORINTL/,0,,,
Indo Rama Synthetics India Ltd,INDORAMA,615,https://trendlyne.com/research-reports/stock/615/INDORAMA/,8501844555,,,
Western Carriers India Ltd,WCIL,2629536,https://trendlyne.com/research-reports/stock/2629536/WCIL/,8496900000,Warehousing & Logistics,Transportation,544258
Subhash Silk Mills Ltd,SUBSM,3287,https://trendlyne.com/research-reports/stock/3287/SUBSM/,0,,,
Arisinfra Solutions Ltd,ARIS,2938268,https://trendlyne.com/research-reports/stock/2938268/ARIS/,8478600000,Construction Materials,Cement and Construction,544419
Kjmc Financial Services Ltd,KJMCFIN,3289,https://trendlyne.com/research-reports/stock/3289/KJMCFIN/,0,,,
Andrew Yule Company Ltd,ANDREWYU,3107,https://trendlyne.com/research-reports/stock/3107/ANDREWYU/,8478400000,Tea & Coffee,"Food, Beverages & Tobacco",526173
Bridge Securities Ltd,BRIDGESE,3292,https://trendlyne.com/research-reports/stock/3292/BRIDGESE/,0,,,
Risa International Ltd,RISAINTL,3293,https://trendlyne.com/research-reports/stock/3293/RISAINTL/,0,,,
Rajasthan Tube Manufacturing Company Ltd,RAJTUBE,3294,https://trendlyne.com/research-reports/stock/3294/RAJTUBE/,0,,,
Kay Power And Paper Ltd,KAYPOWR,3295,https://trendlyne.com/research-reports/stock/3295/KAYPOWR/,0,,,
Inter State Oil Carrier Ltd,INTSTOIL,3296,https://trendlyne.com/research-reports/stock/3296/INTSTOIL/,0,,,
Global Capital Markets Ltd,GLOBALCA,3298,https://trendlyne.com/research-reports/stock/3298/GLOBALCA/,0,,,
Sainik Finance Industries Ltd,SAINIK,3299,https://trendlyne.com/research-reports/stock/3299/SAINIK/,0,,,
Arigato Universe Ltd,SABOOBR,3300,https://trendlyne.com/research-reports/stock/3300/SABOOBR/,0,,,
Rich Universe Network Ltd,RICHUNV,3301,https://trendlyne.com/research-reports/stock/3301/RICHUNV/,0,,,
Quantum Digital Vision India Ltd,QUANTDIA,3302,https://trendlyne.com/research-reports/stock/3302/QUANTDIA/,0,,,
S P Capital Financing Ltd,SPCAPIT,3303,https://trendlyne.com/research-reports/stock/3303/SPCAPIT/,0,,,
Paos Industries Ltd,RAJAGRO,3304,https://trendlyne.com/research-reports/stock/3304/RAJAGRO/,0,,,
Zuari Agro Chemicals Ltd,ZUARI,1548,https://trendlyne.com/research-reports/stock/1548/ZUARI/,8462100000,Fertilizers,Fertilizers,534742
Mamata Machinery Ltd,MAMATA,2858205,https://trendlyne.com/research-reports/stock/2858205/MAMATA/,8425700000,Industrial Machinery,General Industrials,544318
Chandra Prabhu International Ltd,CHANDRAP,3307,https://trendlyne.com/research-reports/stock/3307/CHANDRAP/,0,,,
Deccan Cements Ltd,DECCANCE,315,https://trendlyne.com/research-reports/stock/315/DECCANCE/,8405963588,,,
Hindustan Tin Works Ltd,HINDTINWRK,3309,https://trendlyne.com/research-reports/stock/3309/HINDTINWRK/,0,,,
Godavari Drugs Ltd,GODAVARI,3310,https://trendlyne.com/research-reports/stock/3310/GODAVARI/,0,,,
The Yamuna Syndicate Ltd,YAMUNA,83167,https://trendlyne.com/research-reports/stock/83167/YAMUNA/,8393600000,Commodity Trading  & Distribution,Commercial Services & Supplies,540980
Mukesh Babu Financial Services Ltd,MUKESHB,3314,https://trendlyne.com/research-reports/stock/3314/MUKESHB/,0,,,
Scoda Tubes Ltd,SCODATUBES,3113227,https://trendlyne.com/research-reports/stock/3113227/SCODATUBES/,8381300000,Iron & Steel Products,Metals & Mining,544411
Kbs India Ltd,KBSINDIA,3317,https://trendlyne.com/research-reports/stock/3317/KBSINDIA/,0,,,
Prabhhans Industries Ltd,SEAGOLD,3318,https://trendlyne.com/research-reports/stock/3318/SEAGOLD/,0,,,
Vamshi Rubber Ltd,VAMSHIRU,3319,https://trendlyne.com/research-reports/stock/3319/VAMSHIRU/,0,,,
Vinyoflex Ltd,VINYOFL,3321,https://trendlyne.com/research-reports/stock/3321/VINYOFL/,0,,,
Jindal Capital Ltd,JINDCAP,3323,https://trendlyne.com/research-reports/stock/3323/JINDCAP/,0,,,
Epic Energy Ltd,EPIC,3324,https://trendlyne.com/research-reports/stock/3324/EPIC/,0,,,
Sumedha Fiscal Services Ltd,SUMEDHA,3325,https://trendlyne.com/research-reports/stock/3325/SUMEDHA/,0,,,
Kuwer Industries Ltd,KUWERIN,3326,https://trendlyne.com/research-reports/stock/3326/KUWERIN/,0,,,
Choksi Asia Ltd,CHOKSI,3327,https://trendlyne.com/research-reports/stock/3327/CHOKSI/,0,,,
Ashish Polyplast Ltd,ASHISHPO,3328,https://trendlyne.com/research-reports/stock/3328/ASHISHPO/,0,,,
Shiva Global Agro Industries Ltd,SHIVAAGRO,3330,https://trendlyne.com/research-reports/stock/3330/SHIVAAGRO/,0,,,
Siddha Ventures Ltd,SIDDHA,3331,https://trendlyne.com/research-reports/stock/3331/SIDDHA/,0,,,
Kiran Syntex Ltd,KIRANSY-B,3333,https://trendlyne.com/research-reports/stock/3333/KIRANSY-B/,0,,,
Sumeru Industries Ltd,SUMERUIND,3334,https://trendlyne.com/research-reports/stock/3334/SUMERUIND/,0,,,
Rungta Irrigation Ltd,RUNGTAIR,3335,https://trendlyne.com/research-reports/stock/3335/RUNGTAIR/,0,,,
Dwarikesh Sugar Industries Ltd,DWARKESH,350,https://trendlyne.com/research-reports/stock/350/DWARKESH/,8359000000,Sugar,"Food, Beverages & Tobacco",532610
Valson Industries Ltd,VALSONQ,3337,https://trendlyne.com/research-reports/stock/3337/VALSONQ/,0,,,
Saboo Sodium Chloro Ltd,SABOOSOD,3338,https://trendlyne.com/research-reports/stock/3338/SABOOSOD/,0,,,
Gsl Securities Ltd,GSLSEC,3339,https://trendlyne.com/research-reports/stock/3339/GSLSEC/,0,,,
Skm Egg Products Export India Ltd,SKMEGGPROD,1253,https://trendlyne.com/research-reports/stock/1253/SKMEGGPROD/,8358700000,Other Food & Beverages,"Food, Beverages & Tobacco",532143
United Foodbrands Ltd,UFBL,454003,https://trendlyne.com/research-reports/stock/454003/UFBL/,8310600000,Restaurants,Hotels Restaurants & Tourism,543283
Dharmaj Crop Guard Ltd,DHARMAJ,1157336,https://trendlyne.com/research-reports/stock/1157336/DHARMAJ/,8284700000,Agrochemicals,Chemicals & Petrochemicals,543687
Oriental Aromatics Ltd,OAL,2033,https://trendlyne.com/research-reports/stock/2033/OAL/,8249501249,,,
Terai Tea Company Ltd,TERAI,3346,https://trendlyne.com/research-reports/stock/3346/TERAI/,0,,,
Manraj Housing Finance Ltd,MANRAJH,3347,https://trendlyne.com/research-reports/stock/3347/MANRAJH/,0,,,
Cosco India Ltd,COSCO,3348,https://trendlyne.com/research-reports/stock/3348/COSCO/,0,,,
Popees Cares Ltd,SSLFINANCE,3349,https://trendlyne.com/research-reports/stock/3349/SSLFINANCE/,0,,,
Explicit Finance Ltd,EXPLICITFIN,3350,https://trendlyne.com/research-reports/stock/3350/EXPLICITFIN/,0,,,
Ladderup Finance Ltd,LADDERUP,3351,https://trendlyne.com/research-reports/stock/3351/LADDERUP/,0,,,
Om Infra Ltd,OMINFRAL,971,https://trendlyne.com/research-reports/stock/971/OMINFRAL/,8244600000,Construction & Engineering,Cement and Construction,531092
Ekam Leasing Finance Company Ltd,EKAMLEA,3353,https://trendlyne.com/research-reports/stock/3353/EKAMLEA/,0,,,
Swastika Investmart Ltd,SWASTIKA,3354,https://trendlyne.com/research-reports/stock/3354/SWASTIKA/,0,,,
Nahar Spinning Mills Ltd,NAHARSPING,906,https://trendlyne.com/research-reports/stock/906/NAHARSPING/,8201610687,,,
Telecanor Global Ltd,TELECANOR,3356,https://trendlyne.com/research-reports/stock/3356/TELECANOR/,0,,,
Gujarat Kidney And Super Speciality Ltd,GKSL,3363907,https://trendlyne.com/research-reports/stock/3363907/GKSL/,8181600000,Healthcare Facilities,Healthcare,544666
Carnation Industries Ltd,CARNATIN,3358,https://trendlyne.com/research-reports/stock/3358/CARNATIN/,0,,,
Sturdy Industries Ltd,STURDY,3359,https://trendlyne.com/research-reports/stock/3359/STURDY/,0,,,
Garg Furnace Ltd,GARGFUR,3360,https://trendlyne.com/research-reports/stock/3360/GARGFUR/,0,,,
Swelect Energy Systems Ltd,SWELECTES,1340,https://trendlyne.com/research-reports/stock/1340/SWELECTES/,8165300000,Heavy Electrical Equipment,General Industrials,532051
Akar Auto Industries Ltd,AKARTOOL,3362,https://trendlyne.com/research-reports/stock/3362/AKARTOOL/,0,,,
Stel Holdings Ltd,STEL,1294,https://trendlyne.com/research-reports/stock/1294/STEL/,8152700000,Holding Companies,Diversified,533316
Fredun Pharmaceuticals Ltd,FREDUN,4347,https://trendlyne.com/research-reports/stock/4347/FREDUN/,8142800000,Pharmaceuticals,Pharmaceuticals & Biotechnology,539730
Zenith Healthcare Ltd,ZENITHHE,3366,https://trendlyne.com/research-reports/stock/3366/ZENITHHE/,0,,,
York Exports Ltd,YORKEXP,3367,https://trendlyne.com/research-reports/stock/3367/YORKEXP/,0,,,
Wanbury Ltd,WANBURY,1510,https://trendlyne.com/research-reports/stock/1510/WANBURY/,8049700000,Pharmaceuticals,Pharmaceuticals & Biotechnology,524212
Lykis Ltd,LYKISLTD,3370,https://trendlyne.com/research-reports/stock/3370/LYKISLTD/,0,,,
Prime Property Development Corporation Ltd,PRIMEPRO,3371,https://trendlyne.com/research-reports/stock/3371/PRIMEPRO/,0,,,
Zenlabs Ethica Ltd,NEELKATEC,3372,https://trendlyne.com/research-reports/stock/3372/NEELKATEC/,0,,,
Anirit Ventures Ltd,FLORATX,3375,https://trendlyne.com/research-reports/stock/3375/FLORATX/,0,,,
Gowra Leasing Finance Ltd,GOWRALE,3376,https://trendlyne.com/research-reports/stock/3376/GOWRALE/,0,,,
Jagan Lamps Ltd,JAGANLAM,3377,https://trendlyne.com/research-reports/stock/3377/JAGANLAM/,0,,,
Asit C Mehta Financial Services Ltd,ASITCFIN,3379,https://trendlyne.com/research-reports/stock/3379/ASITCFIN/,0,,,
Encode Packaging India Ltd,NOVAPUB,3380,https://trendlyne.com/research-reports/stock/3380/NOVAPUB/,0,,,
Super Bakers India Ltd,SUPERBAK,3381,https://trendlyne.com/research-reports/stock/3381/SUPERBAK/,0,,,
Kellton Tech Solutions Ltd,KELLTONTEC,1982,https://trendlyne.com/research-reports/stock/1982/KELLTONTEC/,8024200000,IT Consulting & Software,Software & Services,519602
Challani Capital Ltd,INDOASIAF,3383,https://trendlyne.com/research-reports/stock/3383/INDOASIAF/,0,,,
Agarwal Fortune India Ltd,DEVKI,3384,https://trendlyne.com/research-reports/stock/3384/DEVKI/,0,,,
Klg Capital Services Ltd,KLGCAP,3385,https://trendlyne.com/research-reports/stock/3385/KLGCAP/,0,,,
Dynamic Portfolio Management Services Ltd,DYNAMICP,3387,https://trendlyne.com/research-reports/stock/3387/DYNAMICP/,0,,,
Inland Printers Ltd,INLANPR,3390,https://trendlyne.com/research-reports/stock/3390/INLANPR/,0,,,
Ceejay Finance Ltd,CEEJAY,3391,https://trendlyne.com/research-reports/stock/3391/CEEJAY/,0,,,
Suncity Synthetics Ltd,SUNCITYSY,3392,https://trendlyne.com/research-reports/stock/3392/SUNCITYSY/,0,,,
Shree Ganesh Elastoplast Ltd,SHGANEL,3393,https://trendlyne.com/research-reports/stock/3393/SHGANEL/,0,,,
Anna Infrastructures Ltd,ANNAINFRA,3394,https://trendlyne.com/research-reports/stock/3394/ANNAINFRA/,0,,,
Bnr Udyog Ltd,BNRUDY,3397,https://trendlyne.com/research-reports/stock/3397/BNRUDY/,0,,,
Sspdl Ltd,SSPDL,3400,https://trendlyne.com/research-reports/stock/3400/SSPDL/,0,,,
Daikaffil Chemicals India Ltd,DAIKAFFI,3401,https://trendlyne.com/research-reports/stock/3401/DAIKAFFI/,0,,,
Cil Securities Ltd,CILSEC,3402,https://trendlyne.com/research-reports/stock/3402/CILSEC/,0,,,
Clio Infotech Ltd,CLIOINFO,3403,https://trendlyne.com/research-reports/stock/3403/CLIOINFO/,0,,,
Arrow Greentech Ltd,ARROWGREEN,1726,https://trendlyne.com/research-reports/stock/1726/ARROWGREEN/,8004751519,,,
Borana Weaves Ltd,BORANA,3101965,https://trendlyne.com/research-reports/stock/3101965/BORANA/,7984300000,Textiles,Textiles Apparels & Accessories,544404
Hipolin Ltd,HIPOLIN,3407,https://trendlyne.com/research-reports/stock/3407/HIPOLIN/,0,,,
Gdl Leasing Finance Ltd,GDLLEAS,3408,https://trendlyne.com/research-reports/stock/3408/GDLLEAS/,0,,,
Mic Electronics Ltd,MICEL,861,https://trendlyne.com/research-reports/stock/861/MICEL/,7960600000,Electronic Components,Commercial Services & Supplies,532850
Gem Aromatics Ltd,GEMAROMA,3220743,https://trendlyne.com/research-reports/stock/3220743/GEMAROMA/,7950500000,Specialty Chemicals,Chemicals & Petrochemicals,544491
Innovision Ltd,INNOVISION,3448663,https://trendlyne.com/research-reports/stock/3448663/INNOVISION/,7945300000,Misc. Commercial Services,Commercial Services & Supplies,544732
Super Crop Safe Ltd,SUCROSA,3415,https://trendlyne.com/research-reports/stock/3415/SUCROSA/,0,,,
N G Industries Ltd,NGIND,3418,https://trendlyne.com/research-reports/stock/3418/NGIND/,0,,,
Asia Pack Ltd,ASIAPAK,3419,https://trendlyne.com/research-reports/stock/3419/ASIAPAK/,0,,,
Erp Soft Systems Ltd,ERPSOFT,3421,https://trendlyne.com/research-reports/stock/3421/ERPSOFT/,0,,,
Integrated Thermoplastic Ltd,INTETHR,3423,https://trendlyne.com/research-reports/stock/3423/INTETHR/,0,,,
Ramsons Projects Ltd,RAMSONS,3425,https://trendlyne.com/research-reports/stock/3425/RAMSONS/,0,,,
Vtm Ltd,VTMLTD,1505,https://trendlyne.com/research-reports/stock/1505/VTMLTD/,7945000000,Textiles,Textiles Apparels & Accessories,532893
Stanpacks India Ltd,STANPACK,3427,https://trendlyne.com/research-reports/stock/3427/STANPACK/,0,,,
Ram Info Ltd,RAMINFO,3429,https://trendlyne.com/research-reports/stock/3429/RAMINFO/,0,,,
Sunil Agro Foods Ltd,SUNILAGR,3430,https://trendlyne.com/research-reports/stock/3430/SUNILAGR/,0,,,
Diana Tea Company Ltd,DIANATEA,3432,https://trendlyne.com/research-reports/stock/3432/DIANATEA/,0,,,
Alfa Ica India Ltd,ALFAICA,3435,https://trendlyne.com/research-reports/stock/3435/ALFAICA/,0,,,
Niit Ltd,NIITLTD,941,https://trendlyne.com/research-reports/stock/941/NIITLTD/,7902074809,,,
India Home Loan Ltd,INDIAHOME,3437,https://trendlyne.com/research-reports/stock/3437/INDIAHOME/,0,,,
Jpt Securities Ltd,JPTSEC,3438,https://trendlyne.com/research-reports/stock/3438/JPTSEC/,0,,,
Roopa Industries Ltd,ROOPAIND,3439,https://trendlyne.com/research-reports/stock/3439/ROOPAIND/,0,,,
Sarthak Global Ltd,SARTHAKGL,3440,https://trendlyne.com/research-reports/stock/3440/SARTHAKGL/,0,,,
Unique Organics Ltd,UNIQUEO,3441,https://trendlyne.com/research-reports/stock/3441/UNIQUEO/,0,,,
Swarna Securities Ltd,SWRNASE,3442,https://trendlyne.com/research-reports/stock/3442/SWRNASE/,0,,,
Venmax Drugs Pharmaceuticals Ltd,VENMAX,3443,https://trendlyne.com/research-reports/stock/3443/VENMAX/,0,,,
Arihants Securities Ltd,ARISE,3444,https://trendlyne.com/research-reports/stock/3444/ARISE/,0,,,
Visagar Financial Services Ltd,VISAGAR,3445,https://trendlyne.com/research-reports/stock/3445/VISAGAR/,0,,,
Libord Securities Ltd,LIBORD,3446,https://trendlyne.com/research-reports/stock/3446/LIBORD/,0,,,
Bharat Textiles Proofing Industries Ltd,BHATEXT,3447,https://trendlyne.com/research-reports/stock/3447/BHATEXT/,0,,,
Regal Entertainment Consultants Ltd,REGAL,3448,https://trendlyne.com/research-reports/stock/3448/REGAL/,0,,,
Indo Borax Chemicals Ltd,INDOBORAX,3018,https://trendlyne.com/research-reports/stock/3018/INDOBORAX/,7900200000,Commodity Chemicals,Chemicals & Petrochemicals,524342
Jitf Infralogistics Ltd,JITFINFRA,61524,https://trendlyne.com/research-reports/stock/61524/JITFINFRA/,7840900000,Utilities:Non-Electrical,Utilities,540311
Dhanvantri Jeevan Rekha Ltd,ZDHJERK,3451,https://trendlyne.com/research-reports/stock/3451/ZDHJERK/,0,,,
Neelkanth Rock Minerals Ltd,NEELKAN,3453,https://trendlyne.com/research-reports/stock/3453/NEELKAN/,0,,,
Vintage Securities Ltd,VINTAGES,3454,https://trendlyne.com/research-reports/stock/3454/VINTAGES/,0,,,
New Delhi Television Ltd,NDTV,922,https://trendlyne.com/research-reports/stock/922/NDTV/,7828900000,Broadcasting & Cable TV,Media,532529
Contil India Ltd,CONTILI,3457,https://trendlyne.com/research-reports/stock/3457/CONTILI/,0,,,
Suyog Telematics Ltd,SUYOG,4007,https://trendlyne.com/research-reports/stock/4007/SUYOG/,7810000000,Other Telecom Services,Telecom Services,537259
Vascon Engineers Ltd,VASCONEQ,1471,https://trendlyne.com/research-reports/stock/1471/VASCONEQ/,7754900000,Construction & Engineering,Cement and Construction,533156
Nihar Info Global Ltd,NIHARINF,3460,https://trendlyne.com/research-reports/stock/3460/NIHARINF/,0,,,
United Credit Ltd,UNITDCR,3462,https://trendlyne.com/research-reports/stock/3462/UNITDCR/,0,,,
Ester Industries Ltd,ESTER,394,https://trendlyne.com/research-reports/stock/394/ESTER/,7735657033,,,
Gothi Plascon India Ltd,GOTHIPL,3464,https://trendlyne.com/research-reports/stock/3464/GOTHIPL/,0,,,
Eldeco Housing Industries Ltd,ELDEHSG,2937,https://trendlyne.com/research-reports/stock/2937/ELDEHSG/,7684000000,Realty,Realty,523329
Quick Heal Technologies Ltd,QUICKHEAL,1958,https://trendlyne.com/research-reports/stock/1958/QUICKHEAL/,7683300000,IT Software Products,Software & Services,539678
Kati Patang Lifestyle Ltd,VIRTUALS,3468,https://trendlyne.com/research-reports/stock/3468/VIRTUALS/,0,,,
Mena Mani Industries Ltd,ANARINDUS,3469,https://trendlyne.com/research-reports/stock/3469/ANARINDUS/,0,,,
Inani Marbles Industries Ltd,INANI,3470,https://trendlyne.com/research-reports/stock/3470/INANI/,0,,,
Gemstone Investments Ltd,GEMSI,3472,https://trendlyne.com/research-reports/stock/3472/GEMSI/,0,,,
Oriental Rail Infrastructure Ltd,ORVENPR,3717,https://trendlyne.com/research-reports/stock/3717/ORVENPR/,7643800000,Other Industrial Products,General Industrials,531859
Epsom Properties Ltd,EPSOMPRO,3475,https://trendlyne.com/research-reports/stock/3475/EPSOMPRO/,0,,,
Alfavision Overseas India Ltd,ALFAVIO,3476,https://trendlyne.com/research-reports/stock/3476/ALFAVIO/,0,,,
Organic Coatings Ltd,ORGCOAT,3477,https://trendlyne.com/research-reports/stock/3477/ORGCOAT/,0,,,
Catvision Ltd,CATVISION,3478,https://trendlyne.com/research-reports/stock/3478/CATVISION/,0,,,
Gic Housing Finance Ltd,GICHSGFIN,454,https://trendlyne.com/research-reports/stock/454/GICHSGFIN/,7640096958,,,
Kemistar Corporation Ltd,KEMISTAR,3481,https://trendlyne.com/research-reports/stock/3481/KEMISTAR/,0,,,
Skp Securities Ltd,SKPSEC,3483,https://trendlyne.com/research-reports/stock/3483/SKPSEC/,0,,,
Advent Hotels International Ltd,ADVENTHTL,3328314,https://trendlyne.com/research-reports/stock/3328314/ADVENTHTL/,7624300000,Hotels,Hotels Restaurants & Tourism,544446
Mefcom Capital Markets Ltd,MEFCOMCAP,3487,https://trendlyne.com/research-reports/stock/3487/MEFCOMCAP/,0,,,
Hemang Resources Ltd,HEMANG,3488,https://trendlyne.com/research-reports/stock/3488/HEMANG/,0,,,
Maan Aluminium Ltd,MAANALU,809,https://trendlyne.com/research-reports/stock/809/MAANALU/,7615700000,Aluminium and Aluminium Products,Metals & Mining,532906
Tavernier Resources Ltd,TAVERNIER,3490,https://trendlyne.com/research-reports/stock/3490/TAVERNIER/,0,,,
Filtron Engineers Ltd,FILTRON,3491,https://trendlyne.com/research-reports/stock/3491/FILTRON/,0,,,
Glance Finance Ltd,GLANCE,3494,https://trendlyne.com/research-reports/stock/3494/GLANCE/,0,,,
Gretex Corporate Services Ltd,GCSL,608074,https://trendlyne.com/research-reports/stock/608074/GCSL/,7588800000,Other Financial Services,Banking and Finance,543324
Tradewell Holdings Ltd,BRANDREAL,3496,https://trendlyne.com/research-reports/stock/3496/BRANDREAL/,0,,,
Spright Agro Ltd,KANSAFB,3497,https://trendlyne.com/research-reports/stock/3497/KANSAFB/,0,,,
Colinz Laboratories Ltd,COLINZ,3500,https://trendlyne.com/research-reports/stock/3500/COLINZ/,0,,,
Nalin Lease Finance Ltd,NALINLEA,3502,https://trendlyne.com/research-reports/stock/3502/NALINLEA/,0,,,
Rts Power Corporation Ltd,RTSPOWR,3503,https://trendlyne.com/research-reports/stock/3503/RTSPOWR/,0,,,
Irm Energy Ltd,IRMENERGY,1748143,https://trendlyne.com/research-reports/stock/1748143/IRMENERGY/,7588200000,Utilities:Non-Electrical,Utilities,544004
Shyama Computronics And Services Ltd,SHYAMAINFO,3506,https://trendlyne.com/research-reports/stock/3506/SHYAMAINFO/,0,,,
Anjani Synthetics Ltd,ANJANI,3507,https://trendlyne.com/research-reports/stock/3507/ANJANI/,0,,,
Allcargo Logistics Ltd,ALLCARGO,59,https://trendlyne.com/research-reports/stock/59/ALLCARGO/,7587100000,Warehousing & Logistics,Transportation,532749
Deco Mica Ltd,DECOMIC,3509,https://trendlyne.com/research-reports/stock/3509/DECOMIC/,0,,,
Rander Corporation Ltd,RANDER,3510,https://trendlyne.com/research-reports/stock/3510/RANDER/,0,,,
Rasi Electrodes Ltd,RASIELEC,3511,https://trendlyne.com/research-reports/stock/3511/RASIELEC/,0,,,
Citi Port Financial Services Ltd,CITIPOR,3512,https://trendlyne.com/research-reports/stock/3512/CITIPOR/,0,,,
Kokuyo Camlin Ltd,KOKUYOCMLN,754,https://trendlyne.com/research-reports/stock/754/KOKUYOCMLN/,7586000000,Commodity Printing/Stationery,Commercial Services & Supplies,523207
Prima Industries Ltd,PRIMAIN,3515,https://trendlyne.com/research-reports/stock/3515/PRIMAIN/,0,,,
Max India Ltd,MAXIND,283181,https://trendlyne.com/research-reports/stock/283181/MAXIND/,7579600000,Holding Companies,Diversified,543223
Optimus Finance Ltd,OPTIFIN,3519,https://trendlyne.com/research-reports/stock/3519/OPTIFIN/,0,,,
Paragon Finance Ltd,PARAGONF,3520,https://trendlyne.com/research-reports/stock/3520/PARAGONF/,0,,,
Pratiksha Chemicals Ltd,PRATIKSH,3521,https://trendlyne.com/research-reports/stock/3521/PRATIKSH/,0,,,
Esha Media Research Ltd,ESHAMEDIA,3522,https://trendlyne.com/research-reports/stock/3522/ESHAMEDIA/,0,,,
Electrotherm India Ltd,ELECTHERM,369,https://trendlyne.com/research-reports/stock/369/ELECTHERM/,7577500000,Iron & Steel Products,Metals & Mining,526608
Progrex Ventures Ltd,PROGRESV,3524,https://trendlyne.com/research-reports/stock/3524/PROGRESV/,0,,,
B2B Software Technologies Ltd,B2BSOFT,3525,https://trendlyne.com/research-reports/stock/3525/B2BSOFT/,0,,,
Nikki Global Finance Ltd,NIKKIGL,3527,https://trendlyne.com/research-reports/stock/3527/NIKKIGL/,0,,,
Radhe Developers India Ltd,RADHEDE,3528,https://trendlyne.com/research-reports/stock/3528/RADHEDE/,0,,,
Kinetic Trust Ltd,KINETRU,3529,https://trendlyne.com/research-reports/stock/3529/KINETRU/,0,,,
Elixir Capital Ltd,ELIXIR,3530,https://trendlyne.com/research-reports/stock/3530/ELIXIR/,0,,,
Synergy Green Industries Ltd,SGIL,108132,https://trendlyne.com/research-reports/stock/108132/SGIL/,7549200000,Other Industrial Products,General Industrials,541929
Pankaj Polymers Ltd,PANKAJPO,3532,https://trendlyne.com/research-reports/stock/3532/PANKAJPO/,0,,,
Indef Manufacturing Ltd,BAJAJINDEF,2996881,https://trendlyne.com/research-reports/stock/2996881/BAJAJINDEF/,7547800000,Industrial Machinery,General Industrials,544364
Cindrella Financial Services Ltd,CINDRELL,3534,https://trendlyne.com/research-reports/stock/3534/CINDRELL/,0,,,
Dhampur Bio Organics Ltd,DBOL,1034034,https://trendlyne.com/research-reports/stock/1034034/DBOL/,7546900000,Sugar,"Food, Beverages & Tobacco",543593
Lead Financial Services Ltd,LEADFIN,3536,https://trendlyne.com/research-reports/stock/3536/LEADFIN/,0,,,
Krishival Foods Ltd,KRISHIVAL,854170,https://trendlyne.com/research-reports/stock/854170/KRISHIVAL/,7539400000,Other Food & Beverages,"Food, Beverages & Tobacco",544416
Artefact Projects Ltd,ARTEFACT,3538,https://trendlyne.com/research-reports/stock/3538/ARTEFACT/,0,,,
Amit International Ltd,AMITINT,3539,https://trendlyne.com/research-reports/stock/3539/AMITINT/,0,,,
Tusaldah Ltd,HIGHSTREE,3540,https://trendlyne.com/research-reports/stock/3540/HIGHSTREE/,0,,,
Nutech Global Ltd,NUTECGLOB,3541,https://trendlyne.com/research-reports/stock/3541/NUTECGLOB/,0,,,
India Power Corporation Ltd,DPSCLTD,341,https://trendlyne.com/research-reports/stock/341/DPSCLTD/,7517655816,,,
Tamilnadu Petroproducts Ltd,TNPETRO,1404,https://trendlyne.com/research-reports/stock/1404/TNPETRO/,7511624172,,,
Ncl Industries Ltd,NCLIND,919,https://trendlyne.com/research-reports/stock/919/NCLIND/,7452275240,,,
Integra Capital Ltd,INTCAPM,3545,https://trendlyne.com/research-reports/stock/3545/INTCAPM/,0,,,
Maruti Global Industries Ltd,MARUTISE,3546,https://trendlyne.com/research-reports/stock/3546/MARUTISE/,0,,,
Jayatma Industries Ltd,SANTASPN,3547,https://trendlyne.com/research-reports/stock/3547/SANTASPN/,0,,,
Roselabs Finance Ltd,ROSELABS,3548,https://trendlyne.com/research-reports/stock/3548/ROSELABS/,0,,,
Charms Industries Ltd,CHARMS,3549,https://trendlyne.com/research-reports/stock/3549/CHARMS/,0,,,
Kretto Syscon Ltd,IDEAOPT,3550,https://trendlyne.com/research-reports/stock/3550/IDEAOPT/,0,,,
Milestone Global Ltd,MILESTONE,3553,https://trendlyne.com/research-reports/stock/3553/MILESTONE/,0,,,
Bervin Investment Leasing Ltd,BERVINL,3554,https://trendlyne.com/research-reports/stock/3554/BERVINL/,0,,,
Ashtasidhhi Industries Ltd,GUJINV,3555,https://trendlyne.com/research-reports/stock/3555/GUJINV/,0,,,
Eastern Treads Ltd,EASTRED,3557,https://trendlyne.com/research-reports/stock/3557/EASTRED/,0,,,
Peeti Securities Ltd,PEETISEC,3558,https://trendlyne.com/research-reports/stock/3558/PEETISEC/,0,,,
Dhunseri Ventures Ltd,DVL,342,https://trendlyne.com/research-reports/stock/342/DVL/,7447000000,Other Financial Services,Banking and Finance,523736
Aryaman Financial Services Ltd,ARYAMAN,3291,https://trendlyne.com/research-reports/stock/3291/ARYAMAN/,7402100000,Finance (including NBFCs),Banking and Finance,530245
Golechha Global Finance Ltd,GOLECHA,3561,https://trendlyne.com/research-reports/stock/3561/GOLECHA/,0,,,
Manali Petrochemicals Ltd,MANALIPETC,826,https://trendlyne.com/research-reports/stock/826/MANALIPETC/,7398868845,,,
Sparc Electrex Ltd,SPARCSYS,3564,https://trendlyne.com/research-reports/stock/3564/SPARCSYS/,0,,,
Centenial Surgical Suture Ltd,CSURGSU,3565,https://trendlyne.com/research-reports/stock/3565/CSURGSU/,0,,,
Hasti Finance Ltd,HASTIFIN,3566,https://trendlyne.com/research-reports/stock/3566/HASTIFIN/,0,,,
Krystal Integrated Services Ltd,KRYSTAL,2123980,https://trendlyne.com/research-reports/stock/2123980/KRYSTAL/,7391900000,Misc. Commercial Services,Commercial Services & Supplies,544149
Padam Cotton Yarns Ltd,PADAMCO,3568,https://trendlyne.com/research-reports/stock/3568/PADAMCO/,0,,,
Pagaria Energy Ltd,WOMENNET,3569,https://trendlyne.com/research-reports/stock/3569/WOMENNET/,0,,,
Polycon International Ltd,POLYCON,3570,https://trendlyne.com/research-reports/stock/3570/POLYCON/,0,,,
Source Natural Foods Herbal Supplements Ltd,SOURCENTRL,3571,https://trendlyne.com/research-reports/stock/3571/SOURCENTRL/,0,,,
Lws Knitwear Ltd,LWSKNIT,3572,https://trendlyne.com/research-reports/stock/3572/LWSKNIT/,0,,,
Ans Industries Ltd,ANSINDUS,3573,https://trendlyne.com/research-reports/stock/3573/ANSINDUS/,0,,,
Alchemist Corporation Ltd,ALCHCORP,3574,https://trendlyne.com/research-reports/stock/3574/ALCHCORP/,0,,,
Tuni Textile Mills Ltd,TUNITEX,3576,https://trendlyne.com/research-reports/stock/3576/TUNITEX/,0,,,
Kiran Print Pack Ltd,KIRANPR,3577,https://trendlyne.com/research-reports/stock/3577/KIRANPR/,0,,,
Narendra Properties Ltd,NARPROP,3578,https://trendlyne.com/research-reports/stock/3578/NARPROP/,0,,,
Mega Corporation Ltd,MEGACOR,3579,https://trendlyne.com/research-reports/stock/3579/MEGACOR/,0,,,
Sungold Capital Ltd,SUNGOLD,3582,https://trendlyne.com/research-reports/stock/3582/SUNGOLD/,0,,,
Saffron Industries Ltd,SAFFRON,3583,https://trendlyne.com/research-reports/stock/3583/SAFFRON/,0,,,
Prakash Woollen Synthetic Mills Ltd,PWASML,3584,https://trendlyne.com/research-reports/stock/3584/PWASML/,0,,,
Vardhman Concrete Ltd,VARDHMAN,3585,https://trendlyne.com/research-reports/stock/3585/VARDHMAN/,0,,,
Sigachi Industries Ltd,SIGACHI,709302,https://trendlyne.com/research-reports/stock/709302/SIGACHI/,7386300000,Pharmaceuticals,Pharmaceuticals & Biotechnology,543389
Polylink Polymers India Ltd,POLYLINK,3590,https://trendlyne.com/research-reports/stock/3590/POLYLINK/,0,,,
Minaxi Textiles Ltd,MINAXI,3591,https://trendlyne.com/research-reports/stock/3591/MINAXI/,0,,,
Continental Controls Ltd,CONTICON,3592,https://trendlyne.com/research-reports/stock/3592/CONTICON/,0,,,
Nouveau Global Ventures Ltd,NOUVEAU,3594,https://trendlyne.com/research-reports/stock/3594/NOUVEAU/,0,,,
Duke Offshore Ltd,DUKEOFS,3596,https://trendlyne.com/research-reports/stock/3596/DUKEOFS/,0,,,
Cybele Industries Ltd,CYBELEIND,3597,https://trendlyne.com/research-reports/stock/3597/CYBELEIND/,0,,,
Filmcity Media Ltd,FILME,3599,https://trendlyne.com/research-reports/stock/3599/FILME/,0,,,
Cg Vak Software Exports Ltd,CGVAK,3600,https://trendlyne.com/research-reports/stock/3600/CGVAK/,0,,,
Navkar Urbanstructure Ltd,NAVKARURB,3601,https://trendlyne.com/research-reports/stock/3601/NAVKARURB/,0,,,
Omkar Overseas Ltd,OMKAR,3602,https://trendlyne.com/research-reports/stock/3602/OMKAR/,0,,,
Sybly Industries Ltd,SYBLY,3603,https://trendlyne.com/research-reports/stock/3603/SYBLY/,0,,,
Esaar India Ltd,ESARIND,3604,https://trendlyne.com/research-reports/stock/3604/ESARIND/,0,,,
Maris Spinners Ltd,MARIS,3605,https://trendlyne.com/research-reports/stock/3605/MARIS/,0,,,
Indergiri Finance Ltd,INDERGR,3606,https://trendlyne.com/research-reports/stock/3606/INDERGR/,0,,,
Shukra Bullions Ltd,SKRABUL,3607,https://trendlyne.com/research-reports/stock/3607/SKRABUL/,0,,,
Step Two Corporation Ltd,STEP2COR,3608,https://trendlyne.com/research-reports/stock/3608/STEP2COR/,0,,,
Mahan Industries Ltd,MAHANIN,3609,https://trendlyne.com/research-reports/stock/3609/MAHANIN/,0,,,
Vikas Proppant Granite Ltd,VIKASPROP,3610,https://trendlyne.com/research-reports/stock/3610/VIKASPROP/,0,,,
Desh Rakshak Aushdhalaya Ltd,DESHRAK,3612,https://trendlyne.com/research-reports/stock/3612/DESHRAK/,0,,,
Prostarm Info Systems Ltd,PROSTARM,3110329,https://trendlyne.com/research-reports/stock/3110329/PROSTARM/,7382300000,Other Electrical Equipment/Products,Consumer Durables,544410
Accedere Ltd,ECOM,3614,https://trendlyne.com/research-reports/stock/3614/ECOM/,0,,,
Rishabh Digha Steel Allied Products Ltd,RISHDIGA,3615,https://trendlyne.com/research-reports/stock/3615/RISHDIGA/,0,,,
Sunrakshakk Industries India Ltd,AKSPINTEX,4244,https://trendlyne.com/research-reports/stock/4244/AKSPINTEX/,7378100000,Textiles,Textiles Apparels & Accessories,539300
Kobo Biotech Ltd,AVONLIFE,3617,https://trendlyne.com/research-reports/stock/3617/AVONLIFE/,0,,,
Smt Engineering Ltd,ADARSH,4060,https://trendlyne.com/research-reports/stock/4060/ADARSH/,7364600000,Commodity Trading  & Distribution,Commercial Services & Supplies,538563
Rtcl Ltd,RAGHUTOB,3619,https://trendlyne.com/research-reports/stock/3619/RAGHUTOB/,0,,,
Disha Resources Ltd,ARIAC,3620,https://trendlyne.com/research-reports/stock/3620/ARIAC/,0,,,
Sterling Tools Ltd,STERTOOLS,1296,https://trendlyne.com/research-reports/stock/1296/STERTOOLS/,7317200000,Auto Parts & Equipment,Automobiles & Auto Components,530759
Amit Securities Ltd,AMITSEC,3622,https://trendlyne.com/research-reports/stock/3622/AMITSEC/,0,,,
Tridev Infraestates Ltd,ASHUTPM,3625,https://trendlyne.com/research-reports/stock/3625/ASHUTPM/,0,,,
Innovana Thinklabs Ltd,INNOVANA,87789,https://trendlyne.com/research-reports/stock/87789/INNOVANA/,7313600000,IT Software Products,Software & Services,544302
Vas Infrastructure Ltd,VASINFRA,3627,https://trendlyne.com/research-reports/stock/3627/VASINFRA/,0,,,
Kmf Builders Developers Ltd,KMFBLDR,3628,https://trendlyne.com/research-reports/stock/3628/KMFBLDR/,0,,,
Beryl Securities Ltd,BERYLSE,3630,https://trendlyne.com/research-reports/stock/3630/BERYLSE/,0,,,
Rap Corp Ltd,RAP,3631,https://trendlyne.com/research-reports/stock/3631/RAP/,0,,,
Devine Impex Ltd,DEVINE,3632,https://trendlyne.com/research-reports/stock/3632/DEVINE/,0,,,
Bampsl Securities Ltd,BAMPSL,3633,https://trendlyne.com/research-reports/stock/3633/BAMPSL/,0,,,
Genpharmasec Ltd,ADIRASA,3634,https://trendlyne.com/research-reports/stock/3634/ADIRASA/,0,,,
Incon Engineers Ltd,INCON,3635,https://trendlyne.com/research-reports/stock/3635/INCON/,0,,,
Gogia Capital Growth Ltd,GOGIACAP,3637,https://trendlyne.com/research-reports/stock/3637/GOGIACAP/,0,,,
Gorani Industries Ltd,GORANIN,3639,https://trendlyne.com/research-reports/stock/3639/GORANIN/,0,,,
Themis Medicare Ltd,THEMISMED,1386,https://trendlyne.com/research-reports/stock/1386/THEMISMED/,7296200000,Pharmaceuticals,Pharmaceuticals & Biotechnology,530199
Meyer Apparel Ltd,GIVO,3643,https://trendlyne.com/research-reports/stock/3643/GIVO/,0,,,
Orosil Smiths India Ltd,OROSMITHS,3646,https://trendlyne.com/research-reports/stock/3646/OROSMITHS/,0,,,
Tejassvi Aaharam Ltd,STERSPN,3647,https://trendlyne.com/research-reports/stock/3647/STERSPN/,0,,,
Silver Oak India Ltd,SILVOAK,3648,https://trendlyne.com/research-reports/stock/3648/SILVOAK/,0,,,
Ganesh Consumer Products Ltd,GANESHCP,3264360,https://trendlyne.com/research-reports/stock/3264360/GANESHCP/,7286400000,Packaged Foods,FMCG,544528
Tokyo Finance Ltd,TOKYOFIN,3650,https://trendlyne.com/research-reports/stock/3650/TOKYOFIN/,0,,,
National General Industries Ltd,NATGENI,3653,https://trendlyne.com/research-reports/stock/3653/NATGENI/,0,,,
Kabra Extrusion Technik Ltd,KABRAEXTRU,708,https://trendlyne.com/research-reports/stock/708/KABRAEXTRU/,7246400000,Industrial Machinery,General Industrials,524109
Sree Rayalaseema Hi Strength Hypo Ltd,SRHHYPOLTD,1285,https://trendlyne.com/research-reports/stock/1285/SRHHYPOLTD/,7231500000,Commodity Chemicals,Chemicals & Petrochemicals,532842
Hittco Tools Ltd,HITTCO,3657,https://trendlyne.com/research-reports/stock/3657/HITTCO/,0,,,
Yuvraaj Hygiene Products Ltd,YUVRAAJHPL,3658,https://trendlyne.com/research-reports/stock/3658/YUVRAAJHPL/,0,,,
Rr Metalmakers India Ltd,SHGOVTR,3659,https://trendlyne.com/research-reports/stock/3659/SHGOVTR/,0,,,
Karnawati Innovation Ltd,BISIL,3660,https://trendlyne.com/research-reports/stock/3660/BISIL/,0,,,
Inani Securities Ltd,INANISEC,3661,https://trendlyne.com/research-reports/stock/3661/INANISEC/,0,,,
Munjal Auto Industries Ltd,MUNJALAU,893,https://trendlyne.com/research-reports/stock/893/MUNJALAU/,7221000000,Auto Parts & Equipment,Automobiles & Auto Components,520059
Morganite Crucible India Ltd,MORGANITE,2924,https://trendlyne.com/research-reports/stock/2924/MORGANITE/,7202400000,Other Industrial Goods,General Industrials,523160
Aris International Ltd,ARISINT,3665,https://trendlyne.com/research-reports/stock/3665/ARISINT/,0,,,
Mayur Leather Products Ltd,MAYUR,3666,https://trendlyne.com/research-reports/stock/3666/MAYUR/,0,,,
Amerise Biosciences Ltd,AMARDEE,3667,https://trendlyne.com/research-reports/stock/3667/AMARDEE/,0,,,
Mps Pharma Ltd,ADVIKLA,3669,https://trendlyne.com/research-reports/stock/3669/ADVIKLA/,0,,,
Ambika Cotton Mills Ltd,AMBIKCO,70,https://trendlyne.com/research-reports/stock/70/AMBIKCO/,7184900000,Textiles,Textiles Apparels & Accessories,531978
Tricom Fruit Products Ltd,TRICOMFRU,3676,https://trendlyne.com/research-reports/stock/3676/TRICOMFRU/,0,,,
Stanley Lifestyles Ltd,STANLEY,2350518,https://trendlyne.com/research-reports/stock/2350518/STANLEY/,7169300000,Furniture-Furnishing,Diversified Consumer Services,544202
Gacm Technologies Ltd,GATECH,3678,https://trendlyne.com/research-reports/stock/3678/GATECH/,0,,,
Nintec Systems Ltd,NINSYS,4369,https://trendlyne.com/research-reports/stock/4369/NINSYS/,7137800000,IT Consulting & Software,Software & Services,539843
Greencrest Financial Services Ltd,GREENCREST,3683,https://trendlyne.com/research-reports/stock/3683/GREENCREST/,0,,,
Ecos India Mobility Hospitality Ltd,ECOSMOBLTY,2571013,https://trendlyne.com/research-reports/stock/2571013/ECOSMOBLTY/,7123200000,Transport Related Services,Transportation,544239
Gini Silk Mills Ltd,GINISILK,3686,https://trendlyne.com/research-reports/stock/3686/GINISILK/,0,,,
Biogen Pharmachem Industries Ltd,SUNTECHNO,3687,https://trendlyne.com/research-reports/stock/3687/SUNTECHNO/,0,,,
Gk Consultants Ltd,GKCONS,3688,https://trendlyne.com/research-reports/stock/3688/GKCONS/,0,,,
Ifb Agro Industries Ltd,IFBAGRO,591,https://trendlyne.com/research-reports/stock/591/IFBAGRO/,7092776564,,,
Unjha Formulations Ltd,UNJHAFOR,3690,https://trendlyne.com/research-reports/stock/3690/UNJHAFOR/,0,,,
Pfl Infotech Ltd,PFLINFOTC,3691,https://trendlyne.com/research-reports/stock/3691/PFLINFOTC/,0,,,
Manoj Vaibhav Gems N Jewellers Ltd,MVGJL,1698174,https://trendlyne.com/research-reports/stock/1698174/MVGJL/,7088700000,Gems & Jewellery,Textiles Apparels & Accessories,543995
Kachchh Minerals Ltd,KACHCHH,3693,https://trendlyne.com/research-reports/stock/3693/KACHCHH/,0,,,
Kaiser Corporation Ltd,KACL,3694,https://trendlyne.com/research-reports/stock/3694/KACL/,0,,,
Kcl Infra Projects Ltd,KCLINFRA,3696,https://trendlyne.com/research-reports/stock/3696/KCLINFRA/,0,,,
Seshachal Technologies Ltd,SESHACHAL,3698,https://trendlyne.com/research-reports/stock/3698/SESHACHAL/,0,,,
Scan Projects Ltd,SCANPRO,3699,https://trendlyne.com/research-reports/stock/3699/SCANPRO/,0,,,
Prerna Infrabuild Ltd,PRERINFRA,3700,https://trendlyne.com/research-reports/stock/3700/PRERINFRA/,0,,,
Metal Coatings India Ltd,METALCO,3701,https://trendlyne.com/research-reports/stock/3701/METALCO/,0,,,
Sgn Telecoms Ltd,SGNTE,3702,https://trendlyne.com/research-reports/stock/3702/SGNTE/,0,,,
Ganga Papers India Ltd,GANGAPA,3703,https://trendlyne.com/research-reports/stock/3703/GANGAPA/,0,,,
Tirupati Sarjan Ltd,TIRSARJ,3704,https://trendlyne.com/research-reports/stock/3704/TIRSARJ/,0,,,
Munoth Financial Services Ltd,MUNOTHFI,3706,https://trendlyne.com/research-reports/stock/3706/MUNOTHFI/,0,,,
Rodium Realty Ltd,RODIUM,3707,https://trendlyne.com/research-reports/stock/3707/RODIUM/,0,,,
Nagarjuna Agri Tech Ltd,NAGTECH,3710,https://trendlyne.com/research-reports/stock/3710/NAGTECH/,0,,,
Iec Education Ltd,IECEDU,3711,https://trendlyne.com/research-reports/stock/3711/IECEDU/,0,,,
Indus Finance Ltd,INDUSFINL,3712,https://trendlyne.com/research-reports/stock/3712/INDUSFINL/,0,,,
Prozone Realty Ltd,PROZONER,1078,https://trendlyne.com/research-reports/stock/1078/PROZONER/,7053300000,Realty,Realty,534675
Heranba Industries Ltd,HERANBA,428722,https://trendlyne.com/research-reports/stock/428722/HERANBA/,7035200000,Agrochemicals,Chemicals & Petrochemicals,543266
Indo Amines Ltd,INDOAMIN,3064,https://trendlyne.com/research-reports/stock/3064/INDOAMIN/,7027200000,Commodity Chemicals,Chemicals & Petrochemicals,524648
Joindre Capital Services Ltd,JOINDRE,3718,https://trendlyne.com/research-reports/stock/3718/JOINDRE/,0,,,
Bodal Chemicals Ltd,BODALCHEM,211,https://trendlyne.com/research-reports/stock/211/BODALCHEM/,7015100000,Dyes & Pigments,Chemicals & Petrochemicals,524370
Unitech International Ltd,UNITINT,3721,https://trendlyne.com/research-reports/stock/3721/UNITINT/,0,,,
Sacheta Metals Ltd,SACHEMT,3722,https://trendlyne.com/research-reports/stock/3722/SACHEMT/,0,,,
Popular Estate Management Ltd,POPULARES,3723,https://trendlyne.com/research-reports/stock/3723/POPULARES/,0,,,
Anjani Finance Ltd,ANJANIFIN,3724,https://trendlyne.com/research-reports/stock/3724/ANJANIFIN/,0,,,
Tacent Projects Ltd,RAHME,3727,https://trendlyne.com/research-reports/stock/3727/RAHME/,0,,,
Rexnord Electronics And Controls Ltd,REXNORD,3728,https://trendlyne.com/research-reports/stock/3728/REXNORD/,0,,,
Ghcl Textiles Ltd,GHCLTEXTIL,1496867,https://trendlyne.com/research-reports/stock/1496867/GHCLTEXTIL/,6973900000,Textiles,Textiles Apparels & Accessories,543918
Sawaca Enterprises Ltd,SAWABUSI,3730,https://trendlyne.com/research-reports/stock/3730/SAWABUSI/,0,,,
Ccl International Ltd,CCLINTER,3732,https://trendlyne.com/research-reports/stock/3732/CCLINTER/,0,,,
Croissance Ltd,SWAGRUHA,3734,https://trendlyne.com/research-reports/stock/3734/SWAGRUHA/,0,,,
Vls Finance Ltd,VLSFINANCE,1497,https://trendlyne.com/research-reports/stock/1497/VLSFINANCE/,6957590813,,,
Galaxy Agrico Exports Ltd,GALAGEX,3736,https://trendlyne.com/research-reports/stock/3736/GALAGEX/,0,,,
Gopal Iron Steels Co Gujarat Ltd,GOPAIST,3737,https://trendlyne.com/research-reports/stock/3737/GOPAIST/,0,,,
Dhampure Specialty Sugars Ltd,DHAMPURE,3740,https://trendlyne.com/research-reports/stock/3740/DHAMPURE/,0,,,
52 Weeks Entertainment Ltd,SHAQUAK,3741,https://trendlyne.com/research-reports/stock/3741/SHAQUAK/,0,,,
Golden Carpets Ltd,GOLCA,3742,https://trendlyne.com/research-reports/stock/3742/GOLCA/,0,,,
Innocorp Ltd,INNOCORP,3743,https://trendlyne.com/research-reports/stock/3743/INNOCORP/,0,,,
Lexoraa Industries Ltd,SERVOTEC,3745,https://trendlyne.com/research-reports/stock/3745/SERVOTEC/,0,,,
Vertex Securities Ltd,VERTEX,3747,https://trendlyne.com/research-reports/stock/3747/VERTEX/,0,,,
Riba Textiles Ltd,RIBATEX,3748,https://trendlyne.com/research-reports/stock/3748/RIBATEX/,0,,,
Shree Metalloys Ltd,SHREMETAL,3749,https://trendlyne.com/research-reports/stock/3749/SHREMETAL/,0,,,
Iitl Projects Ltd,IITLPROJ,3751,https://trendlyne.com/research-reports/stock/3751/IITLPROJ/,0,,,
Chartered Logistics Ltd,CHLOGIST,3754,https://trendlyne.com/research-reports/stock/3754/CHLOGIST/,0,,,
Hind Aluminium Industries Ltd,HINDALUMI,3755,https://trendlyne.com/research-reports/stock/3755/HINDALUMI/,0,,,
Senthil Infotek Ltd,SENINFO,3756,https://trendlyne.com/research-reports/stock/3756/SENINFO/,0,,,
Spectrum Foods Ltd,SPECFOOD,3757,https://trendlyne.com/research-reports/stock/3757/SPECFOOD/,0,,,
Deccan Polypacks Ltd,DECPO,3758,https://trendlyne.com/research-reports/stock/3758/DECPO/,0,,,
Amraworld Agrico Ltd,AMRAAGRI,3759,https://trendlyne.com/research-reports/stock/3759/AMRAAGRI/,0,,,
Auto Pins India Ltd,AUTOPINS,3760,https://trendlyne.com/research-reports/stock/3760/AUTOPINS/,0,,,
Odyssey Corporation Ltd,ODYCORP,3761,https://trendlyne.com/research-reports/stock/3761/ODYCORP/,0,,,
Inducto Steel Ltd,INDCTST,3762,https://trendlyne.com/research-reports/stock/3762/INDCTST/,0,,,
Shreevatsaa Finance Leasing Ltd,SHVFL,3763,https://trendlyne.com/research-reports/stock/3763/SHVFL/,0,,,
Magadh Sugar Energy Ltd,MAGADSUGAR,61541,https://trendlyne.com/research-reports/stock/61541/MAGADSUGAR/,6953500000,Sugar,"Food, Beverages & Tobacco",540650
Gravity India Ltd,GRAVITY,3765,https://trendlyne.com/research-reports/stock/3765/GRAVITY/,0,,,
Arihant Capital Markets Ltd,ARIHANTCAP,2473,https://trendlyne.com/research-reports/stock/2473/ARIHANTCAP/,6944228036,,,
Regaal Resources Ltd,REGAAL,3214019,https://trendlyne.com/research-reports/stock/3214019/REGAAL/,6932800000,Other Agricultural Products,"Food, Beverages & Tobacco",544485
Zuari Industries Ltd,ZUARIIND,1549,https://trendlyne.com/research-reports/stock/1549/ZUARIIND/,6932761623,,,
Ruby Mills Ltd,RUBYMILLS,1154,https://trendlyne.com/research-reports/stock/1154/RUBYMILLS/,6928767898,,,
Hindustan Bio Sciences Ltd,HINDBIO,3776,https://trendlyne.com/research-reports/stock/3776/HINDBIO/,0,,,
Frontline Corporation Ltd,FRONTCORP,3777,https://trendlyne.com/research-reports/stock/3777/FRONTCORP/,0,,,
Wallfort Financial Services Ltd,WALLFORT,3778,https://trendlyne.com/research-reports/stock/3778/WALLFORT/,0,,,
Pudumjee Paper Products Ltd,PDMJEPAPER,2003,https://trendlyne.com/research-reports/stock/2003/PDMJEPAPER/,6885800000,Paper & Paper Products,Commercial Services & Supplies,539785
Abhinav Capital Services Ltd,ABHICAP,3780,https://trendlyne.com/research-reports/stock/3780/ABHICAP/,0,,,
Tvs Electronics Ltd,TVSELECT,1429,https://trendlyne.com/research-reports/stock/1429/TVSELECT/,6875400000,Electronic Components,Commercial Services & Supplies,532513
Rajapalayam Mills Ltd,RAJPALAYAM,1096,https://trendlyne.com/research-reports/stock/1096/RAJPALAYAM/,6812300000,Textiles,Textiles Apparels & Accessories,532503
Interworld Digital Ltd,INTERDIGI,3783,https://trendlyne.com/research-reports/stock/3783/INTERDIGI/,0,,,
Monind Ltd,MONNETIN,3784,https://trendlyne.com/research-reports/stock/3784/MONNETIN/,0,,,
Beml Land Assets Ltd,BLAL,1437398,https://trendlyne.com/research-reports/stock/1437398/BLAL/,6797600000,Realty,Realty,543898
Epuja Spiritech Ltd,SAGARPROD,3787,https://trendlyne.com/research-reports/stock/3787/SAGARPROD/,0,,,
Indo City Infotech Ltd,INDOCITY,3788,https://trendlyne.com/research-reports/stock/3788/INDOCITY/,0,,,
Likhitha Infrastructure Ltd,LIKHITHA,303126,https://trendlyne.com/research-reports/stock/303126/LIKHITHA/,6796100000,Construction & Engineering,Cement and Construction,543240
Mega Fin India Ltd,MEGFI,3790,https://trendlyne.com/research-reports/stock/3790/MEGFI/,0,,,
Brijlaxmi Leasing Finance Ltd,BRIJLEAS,3791,https://trendlyne.com/research-reports/stock/3791/BRIJLEAS/,0,,,
Reliable Ventures India Ltd,RELIABVEN,3793,https://trendlyne.com/research-reports/stock/3793/RELIABVEN/,0,,,
G Tech Info Training Ltd,GTEIT,3795,https://trendlyne.com/research-reports/stock/3795/GTEIT/,0,,,
Mohite Industries Ltd,MOHITE,3796,https://trendlyne.com/research-reports/stock/3796/MOHITE/,0,,,
H S India Ltd,HOTLSILV,3797,https://trendlyne.com/research-reports/stock/3797/HOTLSILV/,0,,,
Johnson Pharmacare Ltd,SUNSHINE,3798,https://trendlyne.com/research-reports/stock/3798/SUNSHINE/,0,,,
Minolta Finance Ltd,MINOLTAF,3799,https://trendlyne.com/research-reports/stock/3799/MINOLTAF/,0,,,
Omkar Pharmachem Ltd,OMKARPH,3801,https://trendlyne.com/research-reports/stock/3801/OMKARPH/,0,,,
Gayatri Sugars Ltd,GAYATRI,3802,https://trendlyne.com/research-reports/stock/3802/GAYATRI/,0,,,
Gtpl Hathway Ltd,GTPL,54901,https://trendlyne.com/research-reports/stock/54901/GTPL/,6779300000,Broadcasting & Cable TV,Media,540602
Cmx Holdings Ltd,SIELFNS,3804,https://trendlyne.com/research-reports/stock/3804/SIELFNS/,0,,,
Beekay Steel Industries Ltd,BEEKAY,4165,https://trendlyne.com/research-reports/stock/4165/BEEKAY/,6779200000,Iron & Steel/Interm.Products,Metals & Mining,539018
Ksolves India Ltd,KSOLVES,235161,https://trendlyne.com/research-reports/stock/235161/KSOLVES/,6776200000,IT Consulting & Software,Software & Services,543599
Orchasp Ltd,ORCHASP,3807,https://trendlyne.com/research-reports/stock/3807/ORCHASP/,0,,,
Consolidated Finvest Holdings Ltd,CONSOFINVT,280,https://trendlyne.com/research-reports/stock/280/CONSOFINVT/,6765584923,,,
Tcfc Finance Ltd,TCFCFINQ,3809,https://trendlyne.com/research-reports/stock/3809/TCFCFINQ/,0,,,
Kjmc Corporate Advisors India Ltd,KJMCCORP,3810,https://trendlyne.com/research-reports/stock/3810/KJMCCORP/,0,,,
Rama Steel Tubes Ltd,RAMASTEEL,1767,https://trendlyne.com/research-reports/stock/1767/RAMASTEEL/,6756800000,Iron & Steel Products,Metals & Mining,539309
Enkei Wheels India Ltd,ENKEIWHEL,3912,https://trendlyne.com/research-reports/stock/3912/ENKEIWHEL/,6745100000,Auto Parts & Equipment,Automobiles & Auto Components,533477
Uniphos Enterprises Ltd,UNIENTER,1446,https://trendlyne.com/research-reports/stock/1446/UNIENTER/,6742070888,,,
Sandesh Ltd,SANDESH,1177,https://trendlyne.com/research-reports/stock/1177/SANDESH/,6734100000,Publishing,Commercial Services & Supplies,526725
Hb Portfolio Ltd,HBPOR,3817,https://trendlyne.com/research-reports/stock/3817/HBPOR/,0,,,
Radhika Jeweltech Ltd,RADHIKAJWE,61517,https://trendlyne.com/research-reports/stock/61517/RADHIKAJWE/,6678800000,Gems & Jewellery,Textiles Apparels & Accessories,540125
Baron Infotech Ltd,BARONINF,3819,https://trendlyne.com/research-reports/stock/3819/BARONINF/,0,,,
Omni Ax S Software Ltd,OMNIAX,3820,https://trendlyne.com/research-reports/stock/3820/OMNIAX/,0,,,
Consolidated Construction Consortium Ltd,CCCL,242,https://trendlyne.com/research-reports/stock/242/CCCL/,6656700000,Construction & Engineering,Cement and Construction,532902
Padmalaya Telefilms Ltd,PADMALAYAT,3823,https://trendlyne.com/research-reports/stock/3823/PADMALAYAT/,0,,,
Virgo Global Ltd,VIRGOGLOB,3824,https://trendlyne.com/research-reports/stock/3824/VIRGOGLOB/,0,,,
Picturehouse Media Ltd,PICTUREHS,3825,https://trendlyne.com/research-reports/stock/3825/PICTUREHS/,0,,,
Hit Kit Global Solutions Ltd,HITKITGLO,3826,https://trendlyne.com/research-reports/stock/3826/HITKITGLO/,0,,,
Bigbloc Construction Ltd,BIGBLOC,4747,https://trendlyne.com/research-reports/stock/4747/BIGBLOC/,6630000000,Cement & Cement Products,Cement and Construction,540061
Sunshield Chemicals Ltd,SUNSHIEL,3406,https://trendlyne.com/research-reports/stock/3406/SUNSHIEL/,6621600000,Specialty Chemicals,Chemicals & Petrochemicals,530845
Wep Solutions Ltd,WEPSOLN,3831,https://trendlyne.com/research-reports/stock/3831/WEPSOLN/,0,,,
Universal Arts Ltd,UNIVARTS,3832,https://trendlyne.com/research-reports/stock/3832/UNIVARTS/,0,,,
First Fintec Ltd,FIRSTOBJ,3833,https://trendlyne.com/research-reports/stock/3833/FIRSTOBJ/,0,,,
Baba Arts Ltd,BABA,3834,https://trendlyne.com/research-reports/stock/3834/BABA/,0,,,
Mangal Electrical Industries Ltd,MEIL,3222182,https://trendlyne.com/research-reports/stock/3222182/MEIL/,6592500000,Heavy Electrical Equipment,General Industrials,544492
Konndor Industries Ltd,ARMSPAPER,3836,https://trendlyne.com/research-reports/stock/3836/ARMSPAPER/,0,,,
Usg Tech Solutions Ltd,USGTECH,3837,https://trendlyne.com/research-reports/stock/3837/USGTECH/,0,,,
Fourth Generation Information Systems Ltd,4THGEN,3838,https://trendlyne.com/research-reports/stock/3838/4THGEN/,0,,,
Saven Technologies Ltd,7TEC,3839,https://trendlyne.com/research-reports/stock/3839/7TEC/,0,,,
Popular Vehicles And Services Ltd,PVSL,2123982,https://trendlyne.com/research-reports/stock/2123982/PVSL/,6575900000,Specialty Retail,Retailing,544144
Precot Ltd,PRECOT,1066,https://trendlyne.com/research-reports/stock/1066/PRECOT/,6575400000,Textiles,Textiles Apparels & Accessories,521184
Transcorp International Ltd,TRANSCOR,3842,https://trendlyne.com/research-reports/stock/3842/TRANSCOR/,0,,,
Genus Prime Infra Ltd,GULCHEM,3844,https://trendlyne.com/research-reports/stock/3844/GULCHEM/,0,,,
Sanmit Infra Ltd,SANINFRA,3845,https://trendlyne.com/research-reports/stock/3845/SANINFRA/,0,,,
T Spiritual World Ltd,TSPIRITUAL,3847,https://trendlyne.com/research-reports/stock/3847/TSPIRITUAL/,0,,,
Shalimar Wires Industries Ltd,SHALIWIR,3848,https://trendlyne.com/research-reports/stock/3848/SHALIWIR/,0,,,
Vakrangee Ltd,VAKRANGEE,1464,https://trendlyne.com/research-reports/stock/1464/VAKRANGEE/,6553310639,,,
Denta Water And Infra Solutions Ltd,DENTA,2934615,https://trendlyne.com/research-reports/stock/2934615/DENTA/,6543100000,Utilities:Non-Electrical,Utilities,544345
Sarla Performance Fibers Ltd,SARLAPOLY,1186,https://trendlyne.com/research-reports/stock/1186/SARLAPOLY/,6528300000,Textiles,Textiles Apparels & Accessories,526885
Automotive Stampings And Assemblies Ltd,ASAL,109,https://trendlyne.com/research-reports/stock/109/ASAL/,6518700000,Auto Parts & Equipment,Automobiles & Auto Components,520119
Beeyu Overseas Ltd,BEEYU,3858,https://trendlyne.com/research-reports/stock/3858/BEEYU/,0,,,
Facor Alloys Ltd,FACORALL,3859,https://trendlyne.com/research-reports/stock/3859/FACORALL/,0,,,
Cella Space Ltd,SREESAKHTI,3862,https://trendlyne.com/research-reports/stock/3862/SREESAKHTI/,0,,,
Valiant Organics Ltd,VALIANTORG,52902,https://trendlyne.com/research-reports/stock/52902/VALIANTORG/,6510400000,Agrochemicals,Chemicals & Petrochemicals,540145
Mpdl Ltd,MONNETPRO,3864,https://trendlyne.com/research-reports/stock/3864/MONNETPRO/,0,,,
Kothari Petrochemicals Ltd,KOTHARIPET,760,https://trendlyne.com/research-reports/stock/760/KOTHARIPET/,6481300000,Petrochemicals,Chemicals & Petrochemicals,532096
Inditrade Capital Ltd,INDICAP,3866,https://trendlyne.com/research-reports/stock/3866/INDICAP/,0,,,
Jagjanani Textiles Ltd,JAGJANANI,3868,https://trendlyne.com/research-reports/stock/3868/JAGJANANI/,0,,,
Eco Recycling Ltd,ECORECO,3364,https://trendlyne.com/research-reports/stock/3364/ECORECO/,6479900000,Waste Management,Utilities,530643
Premier Polyfilm Ltd,PREMIERPOL,1069,https://trendlyne.com/research-reports/stock/1069/PREMIERPOL/,6477274670,,,
Haryana Capfin Ltd,HARYNACAP,3873,https://trendlyne.com/research-reports/stock/3873/HARYNACAP/,0,,,
Rdb Infrastructure And Power Ltd,RDBRIL,3907,https://trendlyne.com/research-reports/stock/3907/RDBRIL/,6476500000,Realty,Realty,533285
Parle Industries Ltd,PARLESOFT,3878,https://trendlyne.com/research-reports/stock/3878/PARLESOFT/,0,,,
Rathi Bars Ltd,RATHIBAR,3879,https://trendlyne.com/research-reports/stock/3879/RATHIBAR/,0,,,
Porwal Auto Components Ltd,PORWAL,3881,https://trendlyne.com/research-reports/stock/3881/PORWAL/,0,,,
Pvp Ventures Ltd,PVP,1086,https://trendlyne.com/research-reports/stock/1086/PVP/,6472231278,,,
Gokak Textiles Ltd,GOKAKTEX,3883,https://trendlyne.com/research-reports/stock/3883/GOKAKTEX/,0,,,
Telogica Ltd,AISHWARYA,3885,https://trendlyne.com/research-reports/stock/3885/AISHWARYA/,0,,,
South West Pinnacle Exploration Ltd,SOUTHWEST,87832,https://trendlyne.com/research-reports/stock/87832/SOUTHWEST/,6470700000,Coal & Mining,Metals & Mining,543986
Bhageria Industries Ltd,BHAGERIA,1980,https://trendlyne.com/research-reports/stock/1980/BHAGERIA/,6451000000,Dyes & Pigments,Chemicals & Petrochemicals,530803
Fairchem Organics Ltd,FAIRCHEMOR,381980,https://trendlyne.com/research-reports/stock/381980/FAIRCHEMOR/,6447900000,Commodity Chemicals,Chemicals & Petrochemicals,543252
Simplex Mills Company Ltd,SIMPLXMIL,3890,https://trendlyne.com/research-reports/stock/3890/SIMPLXMIL/,0,,,
Simplex Papers Ltd,SIMPLXPAP,3891,https://trendlyne.com/research-reports/stock/3891/SIMPLXPAP/,0,,,
Fabtech Technologies Ltd,FABTECH,3273757,https://trendlyne.com/research-reports/stock/3273757/FABTECH/,6404900000,Misc. Commercial Services,Commercial Services & Supplies,544558
Vedavaag Systems Ltd,VEDAVAAG,3893,https://trendlyne.com/research-reports/stock/3893/VEDAVAAG/,0,,,
Voith Paper Fabrics India Ltd,PORRITSPEN,2884,https://trendlyne.com/research-reports/stock/2884/PORRITSPEN/,6339600000,Textiles,Textiles Apparels & Accessories,522122
Premier Energy And Infrastructure Ltd,PEIL,3896,https://trendlyne.com/research-reports/stock/3896/PEIL/,0,,,
Suryaamba Spinning Mills Ltd,SURYAAMBA,3897,https://trendlyne.com/research-reports/stock/3897/SURYAAMBA/,0,,,
Shraddha Prime Projects Ltd,TOWASOK,3692,https://trendlyne.com/research-reports/stock/3692/TOWASOK/,6322800000,Realty,Realty,531771
Shree Precoated Steels Ltd,SHPRE,3899,https://trendlyne.com/research-reports/stock/3899/SHPRE/,0,,,
Yunik Managing Advisors Ltd,ESSARSEC,3900,https://trendlyne.com/research-reports/stock/3900/ESSARSEC/,0,,,
Axtel Industries Ltd,AXTEL,2986,https://trendlyne.com/research-reports/stock/2986/AXTEL/,6284200000,Industrial Machinery,General Industrials,523850
Mallcom India Ltd,MALLCOM,4265,https://trendlyne.com/research-reports/stock/4265/MALLCOM/,6259000000,Other Apparels & Accessories,Textiles Apparels & Accessories,539400
Aditya Birla Money Ltd,BIRLAMONEY,201,https://trendlyne.com/research-reports/stock/201/BIRLAMONEY/,6246000000,Capital Markets,Banking and Finance,532974
Sea Tv Network Ltd,SEATV,3906,https://trendlyne.com/research-reports/stock/3906/SEATV/,0,,,
State Trading Corporation Of India Ltd,STCINDIA,1293,https://trendlyne.com/research-reports/stock/1293/STCINDIA/,6239399872,,,
Advance Agrolife Ltd,ADVANCE,3272271,https://trendlyne.com/research-reports/stock/3272271/ADVANCE/,6189400000,Agrochemicals,Chemicals & Petrochemicals,544562
Vms Industries Ltd,VMS,3911,https://trendlyne.com/research-reports/stock/3911/VMS/,0,,,
Mukka Proteins Ltd,MUKKA,1841601,https://trendlyne.com/research-reports/stock/1841601/MUKKA/,6186000000,Other Food & Beverages,"Food, Beverages & Tobacco",544135
Lesha Industries Ltd,LESHAIND,3914,https://trendlyne.com/research-reports/stock/3914/LESHAIND/,0,,,
Shree Rama Multi Tech Ltd,SHREERAMA,1227,https://trendlyne.com/research-reports/stock/1227/SHREERAMA/,6171600000,Containers & Packaging,Commercial Services & Supplies,532310
Transindia Real Estate Ltd,TREL,1611703,https://trendlyne.com/research-reports/stock/1611703/TREL/,6130100000,Realty,Realty,543955
Fervent Synergies Ltd,FERVENTSYN,3918,https://trendlyne.com/research-reports/stock/3918/FERVENTSYN/,0,,,
Commercial Syn Bags Ltd,COMSYN,4742,https://trendlyne.com/research-reports/stock/4742/COMSYN/,6118300000,Containers & Packaging,Commercial Services & Supplies,539986
Kuantum Papers Ltd,KUANTUM,3882,https://trendlyne.com/research-reports/stock/3882/KUANTUM/,6104100000,Paper & Paper Products,Commercial Services & Supplies,532937
Futuristic Solutions Ltd,FUTSOL,3921,https://trendlyne.com/research-reports/stock/3921/FUTSOL/,0,,,
Alliance Integrated Metaliks Ltd,AIML,3922,https://trendlyne.com/research-reports/stock/3922/AIML/,0,,,
Olympic Cards Ltd,OLPCL,3924,https://trendlyne.com/research-reports/stock/3924/OLPCL/,0,,,
Maxheights Infrastructure Ltd,MAXHEIGHTS,3925,https://trendlyne.com/research-reports/stock/3925/MAXHEIGHTS/,0,,,
Looks Health Services Ltd,LOOKS,3926,https://trendlyne.com/research-reports/stock/3926/LOOKS/,0,,,
Taneja Aerospace Aviation Ltd,TANEJAERO,2893,https://trendlyne.com/research-reports/stock/2893/TANEJAERO/,6103500000,Aerospace & Defence,General Industrials,522229
Take Solutions Ltd,TAKE,1346,https://trendlyne.com/research-reports/stock/1346/TAKE/,6096400000,Healthcare Services,Healthcare,532890
Allcargo Terminals Ltd,ATL,1611704,https://trendlyne.com/research-reports/stock/1611704/ATL/,6091700000,Warehousing & Logistics,Transportation,543954
Jupiter Infomedia Ltd,JUPITERIN,3932,https://trendlyne.com/research-reports/stock/3932/JUPITERIN/,0,,,
Vinayak Polycon International Ltd,VINAYAKPOL,3933,https://trendlyne.com/research-reports/stock/3933/VINAYAKPOL/,0,,,
Jointeca Education Solutions Ltd,JOINTECAED,3934,https://trendlyne.com/research-reports/stock/3934/JOINTECAED/,0,,,
Xchanging Solutions Ltd,XCHANGING,1532,https://trendlyne.com/research-reports/stock/1532/XCHANGING/,6089300000,IT Consulting & Software,Software & Services,532616
Comfort Commotrade Ltd,COMCL,3936,https://trendlyne.com/research-reports/stock/3936/COMCL/,0,,,
Shanti Guru Industries Ltd,RCRL,3938,https://trendlyne.com/research-reports/stock/3938/RCRL/,0,,,
Caspian Corporate Services Ltd,INTELLADV,3940,https://trendlyne.com/research-reports/stock/3940/INTELLADV/,0,,,
Menon Bearings Ltd,MENONBE,1576,https://trendlyne.com/research-reports/stock/1576/MENONBE/,6085900000,Auto Parts & Equipment,Automobiles & Auto Components,523828
Virtual Global Education Ltd,VIRTUALG,3942,https://trendlyne.com/research-reports/stock/3942/VIRTUALG/,0,,,
Rswm Ltd,RSWM,1152,https://trendlyne.com/research-reports/stock/1152/RSWM/,6076117236,,,
Trio Mercantile Trading Ltd,TRIOMERC,3944,https://trendlyne.com/research-reports/stock/3944/TRIOMERC/,0,,,
Shree Ganesh Remedies Ltd,SGRL,71332,https://trendlyne.com/research-reports/stock/71332/SGRL/,6071500000,Pharmaceuticals,Pharmaceuticals & Biotechnology,540737
Covidh Technologies Ltd,COVIDH,3948,https://trendlyne.com/research-reports/stock/3948/COVIDH/,0,,,
Tv Today Network Ltd,TVTODAY,1432,https://trendlyne.com/research-reports/stock/1432/TVTODAY/,6060500000,Broadcasting & Cable TV,Media,532515
Mukta Agriculture Ltd,MUKTA,3953,https://trendlyne.com/research-reports/stock/3953/MUKTA/,0,,,
Comfort Fincap Ltd,COMFINCAP,3955,https://trendlyne.com/research-reports/stock/3955/COMFINCAP/,0,,,
Bothra Metals Alloys Ltd,BMAL,3957,https://trendlyne.com/research-reports/stock/3957/BMAL/,0,,,
Lakhotia Polyesters India Ltd,LAKHOTIA,3958,https://trendlyne.com/research-reports/stock/3958/LAKHOTIA/,0,,,
Gcm Securities Ltd,GCMSECU,3959,https://trendlyne.com/research-reports/stock/3959/GCMSECU/,0,,,
Prime Capital Market Ltd,PRIMECAPM,3962,https://trendlyne.com/research-reports/stock/3962/PRIMECAPM/,0,,,
Supreme Infrastructure India Ltd,SUPREMEINF,1325,https://trendlyne.com/research-reports/stock/1325/SUPREMEINF/,6045200000,Construction & Engineering,Cement and Construction,532904
Binny Mills Ltd,BINNYMILLS,3964,https://trendlyne.com/research-reports/stock/3964/BINNYMILLS/,0,,,
Iirm Holdings India Ltd,SUDEV,82937,https://trendlyne.com/research-reports/stock/82937/SUDEV/,6022600000,Commodity Trading  & Distribution,Commercial Services & Supplies,526530
Sdc Techmedia Ltd,OTML,3966,https://trendlyne.com/research-reports/stock/3966/OTML/,0,,,
Objectone Information Systems Ltd,OONE,3967,https://trendlyne.com/research-reports/stock/3967/OONE/,0,,,
Anlon Healthcare Ltd,AHCL,3230211,https://trendlyne.com/research-reports/stock/3230211/AHCL/,6014100000,Pharmaceuticals,Pharmaceuticals & Biotechnology,544497
Indo Farm Equipment Ltd,INDOFARM,2881420,https://trendlyne.com/research-reports/stock/2881420/INDOFARM/,5968000000,Commercial Vehicles,Automobiles & Auto Components,544328
Ampvolts Ltd,QUEST,3972,https://trendlyne.com/research-reports/stock/3972/QUEST/,0,,,
Khoobsurat Ltd,KHOOBSURAT,3973,https://trendlyne.com/research-reports/stock/3973/KHOOBSURAT/,0,,,
Money Masters Leasing Finance Ltd,MMLF,3974,https://trendlyne.com/research-reports/stock/3974/MMLF/,0,,,
Jaiprakash Associates Ltd,JPASSOCIAT,692,https://trendlyne.com/research-reports/stock/692/JPASSOCIAT/,5940100000,Construction & Engineering,Cement and Construction,532532
Gcm Commodity Derivatives Ltd,GCMCOMM,3976,https://trendlyne.com/research-reports/stock/3976/GCMCOMM/,0,,,
Julien Agro Infratech Ltd,SILINFRA,3977,https://trendlyne.com/research-reports/stock/3977/SILINFRA/,0,,,
Saurashtra Cements Ltd,SAURASHCEM,2116,https://trendlyne.com/research-reports/stock/2116/SAURASHCEM/,5938289329,,,
Oswal Green Tech Ltd,OSWALGREEN,196,https://trendlyne.com/research-reports/stock/196/OSWALGREEN/,5898900000,Other Financial Services,Banking and Finance,539290
Novelix Pharmaceuticals Ltd,TRIMURTHI,3984,https://trendlyne.com/research-reports/stock/3984/TRIMURTHI/,0,,,
Pvv Infra Ltd,PVVINFRA,3987,https://trendlyne.com/research-reports/stock/3987/PVVINFRA/,0,,,
Vcu Data Management Ltd,VCU,3989,https://trendlyne.com/research-reports/stock/3989/VCU/,0,,,
Ind Renewable Energy Ltd,INDRENEW,3990,https://trendlyne.com/research-reports/stock/3990/INDRENEW/,0,,,
Yuranus Infrastructure Ltd,YURANUS,3997,https://trendlyne.com/research-reports/stock/3997/YURANUS/,0,,,
B P Capital Ltd,BPCAP,3999,https://trendlyne.com/research-reports/stock/3999/BPCAP/,0,,,
Hazoor Multi Projects Ltd,HAZOOR,3850,https://trendlyne.com/research-reports/stock/3850/HAZOOR/,5885800000,Roads & Highways,Cement and Construction,532467
Arnold Holdings Ltd,ARNOLD,4002,https://trendlyne.com/research-reports/stock/4002/ARNOLD/,0,,,
Sunil Healthcare Ltd,SUNLOC,4005,https://trendlyne.com/research-reports/stock/4005/SUNLOC/,0,,,
Linc Ltd,LINC,1571,https://trendlyne.com/research-reports/stock/1571/LINC/,5881700000,Commodity Printing/Stationery,Commercial Services & Supplies,531241
Concord Enviro Systems Ltd,CEWATER,2866112,https://trendlyne.com/research-reports/stock/2866112/CEWATER/,5861200000,Waste Management,Utilities,544315
Denis Chem Lab Ltd,DENISCHEM,4012,https://trendlyne.com/research-reports/stock/4012/DENISCHEM/,0,,,
Polymac Thermoformers Ltd,POLYMAC,4013,https://trendlyne.com/research-reports/stock/4013/POLYMAC/,0,,,
Unishire Urban Infra Ltd,UNISHIRE,4014,https://trendlyne.com/research-reports/stock/4014/UNISHIRE/,0,,,
Snowman Logistics Ltd,SNOWMAN,1260,https://trendlyne.com/research-reports/stock/1260/SNOWMAN/,5833000000,Warehousing & Logistics,Transportation,538635
Laddu Gopal Online Services Ltd,ETT,4016,https://trendlyne.com/research-reports/stock/4016/ETT/,0,,,
Modis Navnirman Ltd,MODIS,939989,https://trendlyne.com/research-reports/stock/939989/MODIS/,5832300000,Realty,Realty,543539
B C Power Controls Ltd,BCP,4018,https://trendlyne.com/research-reports/stock/4018/BCP/,0,,,
Karnimata Cold Storage Ltd,KCSL,4019,https://trendlyne.com/research-reports/stock/4019/KCSL/,0,,,
Sal Steel Ltd,SALSTEEL,1172,https://trendlyne.com/research-reports/stock/1172/SALSTEEL/,5813800000,Iron & Steel/Interm.Products,Metals & Mining,532604
Kse Ltd,KSE,770,https://trendlyne.com/research-reports/stock/770/KSE/,5804800000,Other Food & Beverages,"Food, Beverages & Tobacco",519421
Gloster Ltd,GLOSTERLTD,126604,https://trendlyne.com/research-reports/stock/126604/GLOSTERLTD/,5803200000,Jute & Jute Products,Forest Materials,542351
Kopran Ltd,KOPRAN,757,https://trendlyne.com/research-reports/stock/757/KOPRAN/,5793300000,Pharmaceuticals,Pharmaceuticals & Biotechnology,524280
Raunaq International Ltd,RAUNAQEPC,4025,https://trendlyne.com/research-reports/stock/4025/RAUNAQEPC/,0,,,
Infronics Systems Ltd,INFRONICS,4027,https://trendlyne.com/research-reports/stock/4027/INFRONICS/,0,,,
Haria Apparels Ltd,HARIAAPL,4029,https://trendlyne.com/research-reports/stock/4029/HARIAAPL/,0,,,
Shri Vasuprada Plantations Ltd,JOONKTOLL,4030,https://trendlyne.com/research-reports/stock/4030/JOONKTOLL/,0,,,
Kirloskar Electric Company Ltd,KECL,728,https://trendlyne.com/research-reports/stock/728/KECL/,5774000000,Other Electrical Equipment/Products,Consumer Durables,533193
Sharp Investments Ltd,SHARPINV,4034,https://trendlyne.com/research-reports/stock/4034/SHARPINV/,0,,,
Response Informatics Ltd,RESPONSINF,4035,https://trendlyne.com/research-reports/stock/4035/RESPONSINF/,0,,,
Gcm Capital Advisors Ltd,GCMCAPI,4036,https://trendlyne.com/research-reports/stock/4036/GCMCAPI/,0,,,
A F Enterprises Ltd,AFEL,4037,https://trendlyne.com/research-reports/stock/4037/AFEL/,0,,,
Agarwal Industrial Corporation Ltd,AGARIND,38,https://trendlyne.com/research-reports/stock/38/AGARIND/,5744500000,Petrochemicals,Chemicals & Petrochemicals,531921
West Leisure Resorts Ltd,WESTLEIRES,4039,https://trendlyne.com/research-reports/stock/4039/WESTLEIRES/,0,,,
Nam Securities Ltd,NAM,4040,https://trendlyne.com/research-reports/stock/4040/NAM/,0,,,
Maestros Electronics Telecommunications Systems Ltd,METSL,4041,https://trendlyne.com/research-reports/stock/4041/METSL/,0,,,
Jackson Investments Ltd,JACKSON,4043,https://trendlyne.com/research-reports/stock/4043/JACKSON/,0,,,
Satia Industries Ltd,SATIA,4213,https://trendlyne.com/research-reports/stock/4213/SATIA/,5736000000,Paper & Paper Products,Commercial Services & Supplies,539201
Worth Investment And Trading Company Ltd,538451,4047,https://trendlyne.com/research-reports/stock/4047/538451/,0,,,
Thirani Projects Ltd,TPROJECT,4048,https://trendlyne.com/research-reports/stock/4048/TPROJECT/,0,,,
Amarnath Securities Ltd,AMARSEC,4049,https://trendlyne.com/research-reports/stock/4049/AMARSEC/,0,,,
Nahar Poly Films Ltd,NAHARPOLY,905,https://trendlyne.com/research-reports/stock/905/NAHARPOLY/,5705600000,Plastic Products,General Industrials,523391
Tarini International Ltd,TARINI,4051,https://trendlyne.com/research-reports/stock/4051/TARINI/,0,,,
Shivamshree Businesses Ltd,SBL,4052,https://trendlyne.com/research-reports/stock/4052/SBL/,0,,,
Yaan Enterprises Ltd,CROWNTOURS,4053,https://trendlyne.com/research-reports/stock/4053/CROWNTOURS/,0,,,
Annvrridhhi Ventures Ltd,JTAPARIA,4054,https://trendlyne.com/research-reports/stock/4054/JTAPARIA/,0,,,
Ramchandra Leasing And Finance Ltd,RLFL,4055,https://trendlyne.com/research-reports/stock/4055/RLFL/,0,,,
Ganesh Benzoplast Ltd,GANESHBE,2040,https://trendlyne.com/research-reports/stock/2040/GANESHBE/,5702281972,,,
Cheviot Company Ltd,CHEVIOT,3199,https://trendlyne.com/research-reports/stock/3199/CHEVIOT/,5657000000,Jute & Jute Products,Forest Materials,526817
James Warren Tea Ltd,JAMESWARREN,4061,https://trendlyne.com/research-reports/stock/4061/JAMESWARREN/,0,,,
Vistar Amar Ltd,SHUBHRA,4062,https://trendlyne.com/research-reports/stock/4062/SHUBHRA/,0,,,
Fruition Venture Ltd,FRUTION,4064,https://trendlyne.com/research-reports/stock/4064/FRUTION/,0,,,
Cemantic Infra Tech Ltd,QUANTBUILD,4070,https://trendlyne.com/research-reports/stock/4070/QUANTBUILD/,0,,,
Tti Enterprise Ltd,TTIENT,4071,https://trendlyne.com/research-reports/stock/4071/TTIENT/,0,,,
Adc India Communications Ltd,KRONECOMM,2943,https://trendlyne.com/research-reports/stock/2943/KRONECOMM/,5649300000,Telecom Equipment,Telecommunications Equipment,523411
Toyam Sports Ltd,OJASASSET,4073,https://trendlyne.com/research-reports/stock/4073/OJASASSET/,0,,,
Gajanan Securities Services Ltd,GAJANANSEC,4074,https://trendlyne.com/research-reports/stock/4074/GAJANANSEC/,0,,,
Unison Metals Ltd,UNISON,4075,https://trendlyne.com/research-reports/stock/4075/UNISON/,0,,,
Real Touch Finance Ltd,RTFL,4076,https://trendlyne.com/research-reports/stock/4076/RTFL/,0,,,
Vasundhara Rasayans Ltd,VRL,4077,https://trendlyne.com/research-reports/stock/4077/VRL/,0,,,
Qgo Finance Ltd,PARNAMI,4078,https://trendlyne.com/research-reports/stock/4078/PARNAMI/,0,,,
Purshottam Investofin Ltd,PURSHOTTAM,4079,https://trendlyne.com/research-reports/stock/4079/PURSHOTTAM/,0,,,
Elin Electronics Ltd,ELIN,1257485,https://trendlyne.com/research-reports/stock/1257485/ELIN/,5631600000,Household Appliances,Consumer Durables,543725
City Online Services Ltd,CITYONLINE,4083,https://trendlyne.com/research-reports/stock/4083/CITYONLINE/,0,,,
Ultracab India Ltd,ULTRACAB,4086,https://trendlyne.com/research-reports/stock/4086/ULTRACAB/,0,,,
Rajasthan Cylinders Containers Ltd,RCCL,4087,https://trendlyne.com/research-reports/stock/4087/RCCL/,0,,,
Econo Trade India Ltd,ETIL,4088,https://trendlyne.com/research-reports/stock/4088/ETIL/,0,,,
Allied Digital Services Ltd,ADSL,32,https://trendlyne.com/research-reports/stock/32/ADSL/,5597200000,IT Consulting & Software,Software & Services,532875
Dcm Shriram International Ltd,DCMSIL,3429605,https://trendlyne.com/research-reports/stock/3429605/DCMSIL/,5581400000,Aerospace & Defence,General Industrials,544702
Csl Finance Ltd,CSLFINANCE,3251,https://trendlyne.com/research-reports/stock/3251/CSLFINANCE/,5569700000,Finance (including NBFCs),Banking and Finance,530067
Gaudium Ivf And Women Health Ltd,GAUDIUMIVF,3429959,https://trendlyne.com/research-reports/stock/3429959/GAUDIUMIVF/,5568900000,Misc. Commercial Services,Commercial Services & Supplies,544709
Hanman Fit Ltd,POWERGYM,4093,https://trendlyne.com/research-reports/stock/4093/POWERGYM/,0,,,
Vibrant Global Capital Ltd,VGCL,4094,https://trendlyne.com/research-reports/stock/4094/VGCL/,0,,,
Ceinsys Tech Ltd,ADCC,4096,https://trendlyne.com/research-reports/stock/4096/ADCC/,0,,,
Panabyte Technologies Ltd,RUBYTEL,4097,https://trendlyne.com/research-reports/stock/4097/RUBYTEL/,0,,,
Jla Infraville Shoppers Ltd,JSHL,4098,https://trendlyne.com/research-reports/stock/4098/JSHL/,0,,,
Crane Infrastructure Ltd,CRANEINFRA,4099,https://trendlyne.com/research-reports/stock/4099/CRANEINFRA/,0,,,
Oswal Agro Mills Ltd,OSWALAGRO,2068,https://trendlyne.com/research-reports/stock/2068/OSWALAGRO/,5517049089,,,
Kalyan Capitals Ltd,AKASHDEEP,4103,https://trendlyne.com/research-reports/stock/4103/AKASHDEEP/,0,,,
Patel Retail Ltd,PATELRMART,3215195,https://trendlyne.com/research-reports/stock/3215195/PATELRMART/,5505100000,Department Stores,Retailing,544487
Goenka Business Finance Ltd,GBFL,4105,https://trendlyne.com/research-reports/stock/4105/GBFL/,0,,,
Gilada Finance Investments Ltd,GILADAFINS,4106,https://trendlyne.com/research-reports/stock/4106/GILADAFINS/,0,,,
Jet Solar Ltd,JETINFRA,4109,https://trendlyne.com/research-reports/stock/4109/JETINFRA/,0,,,
W S Industries India Ltd,WSI,1529,https://trendlyne.com/research-reports/stock/1529/WSI/,5479641728,,,
Aanchal Ispat Ltd,AANCHALISP,4111,https://trendlyne.com/research-reports/stock/4111/AANCHALISP/,0,,,
Gujarat Apollo Industries Ltd,GUJAPOLLO,511,https://trendlyne.com/research-reports/stock/511/GUJAPOLLO/,5471400000,Industrial Machinery,General Industrials,522217
Kaizen Agro Infrabuild Ltd,ANUBHAV,4113,https://trendlyne.com/research-reports/stock/4113/ANUBHAV/,0,,,
Jmj Fintech Ltd,MEL,4114,https://trendlyne.com/research-reports/stock/4114/MEL/,0,,,
Peninsula Land Ltd,PENINLAND,1021,https://trendlyne.com/research-reports/stock/1021/PENINLAND/,5470198272,,,
Indo Cotspin Ltd,ICL,4116,https://trendlyne.com/research-reports/stock/4116/ICL/,0,,,
Scintilla Commercial Credit Ltd,SCC,4117,https://trendlyne.com/research-reports/stock/4117/SCC/,0,,,
Panafic Industrials Ltd,PANAFIC,4119,https://trendlyne.com/research-reports/stock/4119/PANAFIC/,0,,,
My Money Securities Ltd,MYMONEY,4121,https://trendlyne.com/research-reports/stock/4121/MYMONEY/,0,,,
Continental Securities Ltd,CSL,4123,https://trendlyne.com/research-reports/stock/4123/CSL/,0,,,
Nexus Surgical And Medicare Ltd,NEXUSCOMMO,4125,https://trendlyne.com/research-reports/stock/4125/NEXUSCOMMO/,0,,,
Everest Industries Ltd,EVERESTIND,399,https://trendlyne.com/research-reports/stock/399/EVERESTIND/,5453586782,,,
Galada Finance Ltd,GALADAFIN,4128,https://trendlyne.com/research-reports/stock/4128/GALADAFIN/,0,,,
Innovassynth Investments Ltd,INOVSYNTH,3910,https://trendlyne.com/research-reports/stock/3910/INOVSYNTH/,5438400000,Investment Companies,Others,533315
Hindustan Composites Ltd,HINDCOMPOS,550,https://trendlyne.com/research-reports/stock/550/HINDCOMPOS/,5386254480,,,
Kamdhenu Ltd,KAMDHENU,741,https://trendlyne.com/research-reports/stock/741/KAMDHENU/,5384000000,Iron & Steel/Interm.Products,Metals & Mining,532741
Octal Credit Capital Ltd,OCTAL,4132,https://trendlyne.com/research-reports/stock/4132/OCTAL/,0,,,
Mihika Industries Ltd,MIHIKA,4133,https://trendlyne.com/research-reports/stock/4133/MIHIKA/,0,,,
Shriram Asset Management Company Ltd,SRAMSET,3560,https://trendlyne.com/research-reports/stock/3560/SRAMSET/,5365900000,Asset Management Cos.,Banking and Finance,531359
Shri Niwas Leasing And Finance Ltd,SHRINIWAS,4135,https://trendlyne.com/research-reports/stock/4135/SHRINIWAS/,0,,,
Skyline Ventures India Ltd,SKILVEN,4136,https://trendlyne.com/research-reports/stock/4136/SKILVEN/,0,,,
India Finsec Ltd,IFINSEC,3969,https://trendlyne.com/research-reports/stock/3969/IFINSEC/,5364000000,Finance (including NBFCs),Banking and Finance,535667
Raghuvansh Agrofarms Ltd,RAFL,4138,https://trendlyne.com/research-reports/stock/4138/RAFL/,0,,,
Cosyn Ltd,COSYN,4139,https://trendlyne.com/research-reports/stock/4139/COSYN/,0,,,
Sofcom Systems Ltd,SOFCOM,4140,https://trendlyne.com/research-reports/stock/4140/SOFCOM/,0,,,
Naturite Agro Products Ltd,NAPL,4141,https://trendlyne.com/research-reports/stock/4141/NAPL/,0,,,
Karnavati Finance Ltd,KARNAVATI,4142,https://trendlyne.com/research-reports/stock/4142/KARNAVATI/,0,,,
Abhishek Finlease Ltd,ABHIFIN,4143,https://trendlyne.com/research-reports/stock/4143/ABHIFIN/,0,,,
Emkay Global Financial Services Ltd,EMKAY,376,https://trendlyne.com/research-reports/stock/376/EMKAY/,5361700000,Capital Markets,Banking and Finance,532737
Polo Queen Industrial And Fintech Ltd,PQIF,71325,https://trendlyne.com/research-reports/stock/71325/PQIF/,5351900000,Personal Products,FMCG,540717
Abhinav Leasing Finance Ltd,ALFL,4146,https://trendlyne.com/research-reports/stock/4146/ALFL/,0,,,
Mercury Laboratories Ltd,MERCURYLAB,4148,https://trendlyne.com/research-reports/stock/4148/MERCURYLAB/,0,,,
Concord Drugs Ltd,CONCORD,4149,https://trendlyne.com/research-reports/stock/4149/CONCORD/,0,,,
Davangere Sugar Company Ltd,DAVANGERE,450808,https://trendlyne.com/research-reports/stock/450808/DAVANGERE/,5348200000,Sugar,"Food, Beverages & Tobacco",543267
Shree Securities Ltd,SHREESEC,4151,https://trendlyne.com/research-reports/stock/4151/SHREESEC/,0,,,
Shish Industries Ltd,SHISHIND,71318,https://trendlyne.com/research-reports/stock/71318/SHISHIND/,5328400000,Plastic Products,General Industrials,540693
Manba Finance Ltd,MANBA,2656550,https://trendlyne.com/research-reports/stock/2656550/MANBA/,5317300000,Finance (including NBFCs),Banking and Finance,544262
Purohit Construction Ltd,PUROHITCON,4154,https://trendlyne.com/research-reports/stock/4154/PUROHITCON/,0,,,
Jayatma Enterprises Ltd,JAYATMA,4155,https://trendlyne.com/research-reports/stock/4155/JAYATMA/,0,,,
20 Microns Ltd,20MICRONS,8,https://trendlyne.com/research-reports/stock/8/20MICRONS/,5289400000,Coal & Mining,Metals & Mining,533022
Chennai Ferrous Industries Ltd,CHENFERRO,4159,https://trendlyne.com/research-reports/stock/4159/CHENFERRO/,0,,,
Megri Soft Ltd,MEGRISOFT,4160,https://trendlyne.com/research-reports/stock/4160/MEGRISOFT/,0,,,
Gita Renewable Energy Ltd,GITARENEW,4161,https://trendlyne.com/research-reports/stock/4161/GITARENEW/,0,,,
Kalpa Commercial Ltd,KALPACOMME,4162,https://trendlyne.com/research-reports/stock/4162/KALPACOMME/,0,,,
Neil Industries Ltd,NEIL,4163,https://trendlyne.com/research-reports/stock/4163/NEIL/,0,,,
Star Housing Finance Ltd,ASHFL,4164,https://trendlyne.com/research-reports/stock/4164/ASHFL/,0,,,
Pyramid Technoplast Ltd,PYRAMID,82938,https://trendlyne.com/research-reports/stock/82938/PYRAMID/,5276000000,Containers & Packaging,Commercial Services & Supplies,543969
Sspn Finance Ltd,SSPNFIN,4166,https://trendlyne.com/research-reports/stock/4166/SSPNFIN/,0,,,
Fraser Company Ltd,FRASER,4168,https://trendlyne.com/research-reports/stock/4168/FRASER/,0,,,
Tirupati Innovar Ltd,TTIL,4169,https://trendlyne.com/research-reports/stock/4169/TTIL/,0,,,
Ganesha Ecoverse Ltd,MAHABIR,4170,https://trendlyne.com/research-reports/stock/4170/MAHABIR/,0,,,
Artson Ltd,ARTSONENGG,2885,https://trendlyne.com/research-reports/stock/2885/ARTSONENGG/,5274000000,Industrial Machinery,General Industrials,522134
Rajputana Investment Finance Ltd,539090,4172,https://trendlyne.com/research-reports/stock/4172/539090/,0,,,
Consecutive Investments Trading Company Ltd,CITL,4173,https://trendlyne.com/research-reports/stock/4173/CITL/,0,,,
Aananda Lakshmi Spinning Mills Ltd,AANANDALAK,4174,https://trendlyne.com/research-reports/stock/4174/AANANDALAK/,0,,,
Ur Sugar Industries Ltd,YOGYA,4175,https://trendlyne.com/research-reports/stock/4175/YOGYA/,0,,,
Filtra Consultants Engineers Ltd,FILTRA,4176,https://trendlyne.com/research-reports/stock/4176/FILTRA/,0,,,
Athena Constructions Ltd,ATHCON,4177,https://trendlyne.com/research-reports/stock/4177/ATHCON/,0,,,
Northlink Fiscal Capital Services Ltd,NORTHLINK,4178,https://trendlyne.com/research-reports/stock/4178/NORTHLINK/,0,,,
Sheshadri Industries Ltd,SHESHAINDS,4179,https://trendlyne.com/research-reports/stock/4179/SHESHAINDS/,0,,,
Aryaman Capital Markets Ltd,ARYACAPM,4092,https://trendlyne.com/research-reports/stock/4092/ARYACAPM/,5269900000,Other Financial Services,Banking and Finance,538716
Paul Merchants Ltd,539113,4181,https://trendlyne.com/research-reports/stock/4181/539113/,0,,,
Nila Spaces Ltd,NILASPACES,121729,https://trendlyne.com/research-reports/stock/121729/NILASPACES/,5262400000,Realty,Realty,542231
Sujala Trading Holdings Ltd,SUJALA,4185,https://trendlyne.com/research-reports/stock/4185/SUJALA/,0,,,
Jain Marmo Industries Ltd,JAINMARMO,4186,https://trendlyne.com/research-reports/stock/4186/JAINMARMO/,0,,,
Grameva Ltd,BFFL,4187,https://trendlyne.com/research-reports/stock/4187/BFFL/,0,,,
Palco Metals Ltd,PALCO,4188,https://trendlyne.com/research-reports/stock/4188/PALCO/,0,,,
V B Industries Ltd,VBIND,4189,https://trendlyne.com/research-reports/stock/4189/VBIND/,0,,,
Sarvottam Finvest Ltd,SARVOTTAM,4190,https://trendlyne.com/research-reports/stock/4190/SARVOTTAM/,0,,,
Onward Technologies Ltd,ONWARDTEC,976,https://trendlyne.com/research-reports/stock/976/ONWARDTEC/,5255527611,,,
Panth Infinity Ltd,PANTH,4194,https://trendlyne.com/research-reports/stock/4194/PANTH/,0,,,
R B Denims Ltd,RNBDENIMS,4031,https://trendlyne.com/research-reports/stock/4031/RNBDENIMS/,5239200000,Textiles,Textiles Apparels & Accessories,538119
Integrated Capital Services Ltd,ICSL,4196,https://trendlyne.com/research-reports/stock/4196/ICSL/,0,,,
Repro India Ltd,REPRO,1133,https://trendlyne.com/research-reports/stock/1133/REPRO/,5143500000,Publishing,Commercial Services & Supplies,532687
Chemcon Speciality Chemicals Ltd,CHEMCON,297908,https://trendlyne.com/research-reports/stock/297908/CHEMCON/,5130100000,Specialty Chemicals,Chemicals & Petrochemicals,543233
Helpage Finlease Ltd,HELPAGE,4201,https://trendlyne.com/research-reports/stock/4201/HELPAGE/,0,,,
Urja Global Ltd,URJA,3236,https://trendlyne.com/research-reports/stock/3236/URJA/,5120700000,Heavy Electrical Equipment,General Industrials,526987
Hawa Engineers Ltd,HAWAENG,4203,https://trendlyne.com/research-reports/stock/4203/HAWAENG/,0,,,
Hercules Investments Ltd,HERCULES,538,https://trendlyne.com/research-reports/stock/538/HERCULES/,5115095017,,,
Adhbhut Infrastructure Ltd,ADHBHUTIN,4205,https://trendlyne.com/research-reports/stock/4205/ADHBHUTIN/,0,,,
Decillion Finance Ltd,DFL,4206,https://trendlyne.com/research-reports/stock/4206/DFL/,0,,,
Praveg Ltd,SWORDNSH,61509,https://trendlyne.com/research-reports/stock/61509/SWORDNSH/,5109200000,Advertising & Media,Media,531637
Hlv Ltd,HLVLTD,571,https://trendlyne.com/research-reports/stock/571/HLVLTD/,5063115911,,,
Capfin India Ltd,CAPFIN,4210,https://trendlyne.com/research-reports/stock/4210/CAPFIN/,0,,,
Geecee Ventures Ltd,GEECEE,445,https://trendlyne.com/research-reports/stock/445/GEECEE/,5062500000,Realty,Realty,532764
Sical Logistics Ltd,SICALLOG,1236,https://trendlyne.com/research-reports/stock/1236/SICALLOG/,5026400000,Warehousing & Logistics,Transportation,520086
Genomic Valley Biotech Ltd,GVBL,4214,https://trendlyne.com/research-reports/stock/4214/GVBL/,0,,,
Garment Mantra Lifestyle Ltd,JUNCTION,4215,https://trendlyne.com/research-reports/stock/4215/JUNCTION/,0,,,
Srestha Finvest Ltd,SRESTHA,4216,https://trendlyne.com/research-reports/stock/4216/SRESTHA/,0,,,
The Investment Trust Of India Ltd,THEINVEST,3238,https://trendlyne.com/research-reports/stock/3238/THEINVEST/,5025700000,Finance (including NBFCs),Banking and Finance,530023
Ritco Logistics Ltd,RITCO,127123,https://trendlyne.com/research-reports/stock/127123/RITCO/,5024700000,Warehousing & Logistics,Transportation,542383
Mishka Exim Ltd,MISHKA,4219,https://trendlyne.com/research-reports/stock/4219/MISHKA/,0,,,
Virat Industries Ltd,VIRAT,3344,https://trendlyne.com/research-reports/stock/3344/VIRAT/,5020700000,Other Apparels & Accessories,Textiles Apparels & Accessories,530521
Growington Ventures India Ltd,VMV,4221,https://trendlyne.com/research-reports/stock/4221/VMV/,0,,,
Hckk Ventures Ltd,SIICL,4223,https://trendlyne.com/research-reports/stock/4223/SIICL/,0,,,
Cropster Agro Ltd,ZPPOLYSA,2917,https://trendlyne.com/research-reports/stock/2917/ZPPOLYSA/,5014800000,Containers & Packaging,Commercial Services & Supplies,523105
Visaka Industries Ltd,VISAKAIND,1490,https://trendlyne.com/research-reports/stock/1490/VISAKAIND/,4987282853,,,
Gala Global Products Ltd,GPCL,4227,https://trendlyne.com/research-reports/stock/4227/GPCL/,0,,,
Jyotirgamya Enterprises Ltd,JEL,4231,https://trendlyne.com/research-reports/stock/4231/JEL/,0,,,
Jayant Agro Organics Ltd,JAYAGROGN,661,https://trendlyne.com/research-reports/stock/661/JAYAGROGN/,4983900000,Edible Oils,FMCG,524330
Samsrita Labs Ltd,PCPROD,4236,https://trendlyne.com/research-reports/stock/4236/PCPROD/,0,,,
Pecos Hotels Pubs Ltd,PECOS,4237,https://trendlyne.com/research-reports/stock/4237/PECOS/,0,,,
Sukhjit Starch Chemicals Ltd,SUKHJITS,3040,https://trendlyne.com/research-reports/stock/3040/SUKHJITS/,4976200000,Other Agricultural Products,"Food, Beverages & Tobacco",524542
Alstone Textiles India Ltd,ALSTONE,4240,https://trendlyne.com/research-reports/stock/4240/ALSTONE/,0,,,
Symbiox Investment Trading Co Ltd,SYMBIOX,4241,https://trendlyne.com/research-reports/stock/4241/SYMBIOX/,0,,,
Ptl Enterprises Ltd,PTL,1082,https://trendlyne.com/research-reports/stock/1082/PTL/,4932366798,,,
Vasudhagama Enterprises Ltd,OZONEWORLD,4243,https://trendlyne.com/research-reports/stock/4243/OZONEWORLD/,0,,,
Niyogin Fintech Ltd,M3GLOBAL,4101,https://trendlyne.com/research-reports/stock/4101/M3GLOBAL/,4927000000,Finance (including NBFCs),Banking and Finance,538772
Thinkink Picturez Ltd,OYEEEE,4247,https://trendlyne.com/research-reports/stock/4247/OYEEEE/,0,,,
Universal Autofoundry Ltd,UNIAUTO,4249,https://trendlyne.com/research-reports/stock/4249/UNIAUTO/,0,,,
Callista Industries Ltd,CHPLIND,4250,https://trendlyne.com/research-reports/stock/4250/CHPLIND/,0,,,
Rbz Jewellers Ltd,RBZJEWEL,1839019,https://trendlyne.com/research-reports/stock/1839019/RBZJEWEL/,4912400000,Gems & Jewellery,Textiles Apparels & Accessories,544060
Sal Automotive Ltd,SWARAJAUTO,4253,https://trendlyne.com/research-reports/stock/4253/SWARAJAUTO/,0,,,
Polyspin Exports Ltd,POLYSPIN,4254,https://trendlyne.com/research-reports/stock/4254/POLYSPIN/,0,,,
Ht Media Ltd,HTMEDIA,575,https://trendlyne.com/research-reports/stock/575/HTMEDIA/,4873700000,Publishing,Commercial Services & Supplies,532662
Mahaveer Infoway Ltd,MINFY,4258,https://trendlyne.com/research-reports/stock/4258/MINFY/,0,,,
Krishna Capital Securities Ltd,KRISHNACAP,4259,https://trendlyne.com/research-reports/stock/4259/KRISHNACAP/,0,,,
Acme Resources Ltd,ACME,4260,https://trendlyne.com/research-reports/stock/4260/ACME/,0,,,
Vishal Bearings Ltd,VISHALBL,4263,https://trendlyne.com/research-reports/stock/4263/VISHALBL/,0,,,
Bhagyanagar India Ltd,BHAGYANGR,183,https://trendlyne.com/research-reports/stock/183/BHAGYANGR/,4869933714,,,
Kilitch Drugs I Ltd,KILITCH,742,https://trendlyne.com/research-reports/stock/742/KILITCH/,4847400000,Pharmaceuticals,Pharmaceuticals & Biotechnology,524500
Naksh Precious Metals Ltd,VAL,4267,https://trendlyne.com/research-reports/stock/4267/VAL/,0,,,
Decorous Investment Trading Co Ltd,DITCO,4269,https://trendlyne.com/research-reports/stock/4269/DITCO/,0,,,
Swagtam Trading Services Ltd,SWAGTAM,4270,https://trendlyne.com/research-reports/stock/4270/SWAGTAM/,0,,,
Essar Shipping Ltd,ESSARSHPNG,391,https://trendlyne.com/research-reports/stock/391/ESSARSHPNG/,4835000000,Shipping,Transportation,533704
Kuber Udyog Ltd,KUBERJI,4272,https://trendlyne.com/research-reports/stock/4272/KUBERJI/,0,,,
Neeraj Paper Marketing Ltd,NEERAJ,4273,https://trendlyne.com/research-reports/stock/4273/NEERAJ/,0,,,
Tejnaksh Healthcare Ltd,TEJNAKSH,4275,https://trendlyne.com/research-reports/stock/4275/TEJNAKSH/,0,,,
Richfield Financial Services Ltd,RFSL,4278,https://trendlyne.com/research-reports/stock/4278/RFSL/,0,,,
Igc Industries Ltd,IGC,4280,https://trendlyne.com/research-reports/stock/4280/IGC/,0,,,
Ecofinity Atomix Ltd,DASL,4281,https://trendlyne.com/research-reports/stock/4281/DASL/,0,,,
Typhoon Financial Services Ltd,TFSL,4282,https://trendlyne.com/research-reports/stock/4282/TFSL/,0,,,
Chemfab Alkalis Ltd,CHEMFAB,87857,https://trendlyne.com/research-reports/stock/87857/CHEMFAB/,4813800000,Commodity Chemicals,Chemicals & Petrochemicals,541269
Shree Ganesh Bio Tech India Ltd,SHREEGANES,4284,https://trendlyne.com/research-reports/stock/4284/SHREEGANES/,0,,,
Best Agrolife Ltd,BESTAGRO,4331,https://trendlyne.com/research-reports/stock/4331/BESTAGRO/,4805800000,Agrochemicals,Chemicals & Petrochemicals,539660
Geetanjali Credit And Capital Ltd,GEETANJ,4287,https://trendlyne.com/research-reports/stock/4287/GEETANJ/,0,,,
Garbi Finvest Ltd,GOLDENPROP,4290,https://trendlyne.com/research-reports/stock/4290/GOLDENPROP/,0,,,
Smart Finsec Ltd,SMARTFIN,4292,https://trendlyne.com/research-reports/stock/4292/SMARTFIN/,0,,,
Rajkot Investment Trust Ltd,RAJKOTINV,4293,https://trendlyne.com/research-reports/stock/4293/RAJKOTINV/,0,,,
Adcon Capital Services Ltd,ADCON,4294,https://trendlyne.com/research-reports/stock/4294/ADCON/,0,,,
Sejal Glass Ltd,SEJALLTD,1205,https://trendlyne.com/research-reports/stock/1205/SEJALLTD/,4800500000,Construction Materials,Cement and Construction,532993
S Chand Company Ltd,SCHAND,53537,https://trendlyne.com/research-reports/stock/53537/SCHAND/,4794600000,Publishing,Commercial Services & Supplies,540497
Sattva Sukun Lifecare Ltd,MAYUKH,4297,https://trendlyne.com/research-reports/stock/4297/MAYUKH/,0,,,
Grovy India Ltd,GROVY,4300,https://trendlyne.com/research-reports/stock/4300/GROVY/,0,,,
Suncare Traders Ltd,SCTL,4302,https://trendlyne.com/research-reports/stock/4302/SCTL/,0,,,
Creative Castings Ltd,539527,4303,https://trendlyne.com/research-reports/stock/4303/539527/,0,,,
Entertainment Network India Ltd,ENIL,381,https://trendlyne.com/research-reports/stock/381/ENIL/,4774700000,Broadcasting & Cable TV,Media,532700
Welspun Investments Commercials Ltd,WELINV,1516,https://trendlyne.com/research-reports/stock/1516/WELINV/,4756000000,Other Financial Services,Banking and Finance,533252
Abhishek Infraventures Ltd,ABHIINFRA,4307,https://trendlyne.com/research-reports/stock/4307/ABHIINFRA/,0,,,
Apoorva Leasing Finance Investment Co Ltd,APOORVA,4308,https://trendlyne.com/research-reports/stock/4308/APOORVA/,0,,,
Sayaji Hotels Ltd,SAYAJIHOTL,1191,https://trendlyne.com/research-reports/stock/1191/SAYAJIHOTL/,4752600000,Hotels,Hotels Restaurants & Tourism,523710
F Mec International Financial Services Ltd,FMEC,4310,https://trendlyne.com/research-reports/stock/4310/FMEC/,0,,,
Deep Diamond India Ltd,DDIL,4311,https://trendlyne.com/research-reports/stock/4311/DDIL/,0,,,
Remedium Lifecare Ltd,ROXY,4313,https://trendlyne.com/research-reports/stock/4313/ROXY/,0,,,
Aarnav Fashions Ltd,KAYEL,4314,https://trendlyne.com/research-reports/stock/4314/KAYEL/,0,,,
Sunshine Capital Ltd,SCL,4316,https://trendlyne.com/research-reports/stock/4316/SCL/,0,,,
Sharanam Infraproject And Trading Ltd,SIPTL,4317,https://trendlyne.com/research-reports/stock/4317/SIPTL/,0,,,
Shivansh Finserve Ltd,SHIVA,4318,https://trendlyne.com/research-reports/stock/4318/SHIVA/,0,,,
Kamat Hotels India Ltd,KAMATHOTEL,714,https://trendlyne.com/research-reports/stock/714/KAMATHOTEL/,4728000000,Hotels,Hotels Restaurants & Tourism,526668
Delta Industrial Resources Ltd,DELTA,4321,https://trendlyne.com/research-reports/stock/4321/DELTA/,0,,,
Credo Brands Marketing Ltd,MUFTI,1839759,https://trendlyne.com/research-reports/stock/1839759/MUFTI/,4725000000,Specialty Retail,Retailing,544058
Kotia Enterprises Ltd,IPPL,4323,https://trendlyne.com/research-reports/stock/4323/IPPL/,0,,,
Speciality Restaurants Ltd,SPECIALITY,1272,https://trendlyne.com/research-reports/stock/1272/SPECIALITY/,4702500000,Restaurants,Hotels Restaurants & Tourism,534425
Iris Regtech Solutions Ltd,IRIS,71330,https://trendlyne.com/research-reports/stock/71330/IRIS/,4700900000,IT Software Products,Software & Services,540735
Bcl Enterprises Ltd,BCLENTERPR,4327,https://trendlyne.com/research-reports/stock/4327/BCLENTERPR/,0,,,
Vikram Kamats Hospitality Ltd,VIDLI,4330,https://trendlyne.com/research-reports/stock/4330/VIDLI/,0,,,
Dish Tv India Ltd,DISHTV,335,https://trendlyne.com/research-reports/stock/335/DISHTV/,4676800000,Broadcasting & Cable TV,Media,532839
Mercury Ev Tech Ltd,MERCURY,82726,https://trendlyne.com/research-reports/stock/82726/MERCURY/,4671400000,Cars & Utility Vehicles,Automobiles & Auto Components,531357
Bfl Asset Finvest Ltd,BFLDEV,4333,https://trendlyne.com/research-reports/stock/4333/BFLDEV/,0,,,
Rgf Capital Markets Ltd,RGF,4334,https://trendlyne.com/research-reports/stock/4334/RGF/,0,,,
Radhagobind Commercial Ltd,RCL,4335,https://trendlyne.com/research-reports/stock/4335/RCL/,0,,,
Kapil Raj Finance Ltd,KAPILRAJ,4336,https://trendlyne.com/research-reports/stock/4336/KAPILRAJ/,0,,,
Onmobile Global Ltd,ONMOBILE,975,https://trendlyne.com/research-reports/stock/975/ONMOBILE/,4665400000,Other Telecom Services,Telecom Services,532944
Munjal Showa Ltd,MUNJALSHOW,894,https://trendlyne.com/research-reports/stock/894/MUNJALSHOW/,4659000000,Auto Parts & Equipment,Automobiles & Auto Components,520043
Interactive Financial Services Ltd,IFINSER,4343,https://trendlyne.com/research-reports/stock/4343/IFINSER/,0,,,
Hiliks Technologies Ltd,AIRL,4345,https://trendlyne.com/research-reports/stock/4345/AIRL/,0,,,
Tpl Plastech Ltd,TPLPLASTEH,1725,https://trendlyne.com/research-reports/stock/1725/TPLPLASTEH/,4655200000,Plastic Products,General Industrials,526582
Coffee Day Enterprises Ltd,COFFEEDAY,1785,https://trendlyne.com/research-reports/stock/1785/COFFEEDAY/,4651800000,Restaurants,Hotels Restaurants & Tourism,539436
Relicab Cable Manufacturing Ltd,RELICAB,4348,https://trendlyne.com/research-reports/stock/4348/RELICAB/,0,,,
Vantage Knowledge Academy Ltd,VKAL,4349,https://trendlyne.com/research-reports/stock/4349/VKAL/,0,,,
Modern Engineering Projects Ltd,MODCL,4350,https://trendlyne.com/research-reports/stock/4350/MODCL/,0,,,
Madhuveer Com 18 Network Ltd,TOHELPH,3735,https://trendlyne.com/research-reports/stock/3735/TOHELPH/,4648900000,Movies & Entertainment,Media,531910
Darjeeling Ropeway Company Ltd,DARJEELING,4352,https://trendlyne.com/research-reports/stock/4352/DARJEELING/,0,,,
Nile Ltd,NILE,3261,https://trendlyne.com/research-reports/stock/3261/NILE/,4641500000,Other Non-Ferrous Metals,Metals & Mining,530129
Dhunseri Investments Ltd,DHUNINV,330,https://trendlyne.com/research-reports/stock/330/DHUNINV/,4633000000,Other Financial Services,Banking and Finance,533336
Umiya Tubes Ltd,UMIYA,4357,https://trendlyne.com/research-reports/stock/4357/UMIYA/,0,,,
Chd Chemicals Ltd,CHDCHEM,4358,https://trendlyne.com/research-reports/stock/4358/CHDCHEM/,0,,,
Le Lavoir Ltd,RADHEY,4359,https://trendlyne.com/research-reports/stock/4359/RADHEY/,0,,,
Advani Hotels Resorts India Ltd,ADVANIHOTR,33,https://trendlyne.com/research-reports/stock/33/ADVANIHOTR/,4628400000,Hotels,Hotels Restaurants & Tourism,523269
Superior Finlease Ltd,SUPERIOR,4363,https://trendlyne.com/research-reports/stock/4363/SUPERIOR/,0,,,
Mishtann Foods Ltd,MISHTANN,4319,https://trendlyne.com/research-reports/stock/4319/MISHTANN/,4612200000,Other Agricultural Products,"Food, Beverages & Tobacco",539594
Eraaya Lifespaces Ltd,TOBUENT,3449,https://trendlyne.com/research-reports/stock/3449/TOBUENT/,4608600000,Hotels,Hotels Restaurants & Tourism,531035
Bmw Ventures Ltd,BMWVENTLTD,3268385,https://trendlyne.com/research-reports/stock/3268385/BMWVENTLTD/,4602000000,Iron & Steel Products,Metals & Mining,544543
Kiran Vyapar Ltd,KIRANVYPAR,4017,https://trendlyne.com/research-reports/stock/4017/KIRANVYPAR/,4597400000,Investment Companies,Others,537750
Vikram Thermo India Ltd,VIKRAMTH,3341,https://trendlyne.com/research-reports/stock/3341/VIKRAMTH/,4592300000,Pharmaceuticals,Pharmaceuticals & Biotechnology,530477
Rsd Finance Ltd,RSDFIN,4375,https://trendlyne.com/research-reports/stock/4375/RSDFIN/,0,,,
Darshan Orna Ltd,DARSHANORNA,4376,https://trendlyne.com/research-reports/stock/4376/DARSHANORNA/,0,,,
Orient Ceratech Ltd,ORIENTCER,981,https://trendlyne.com/research-reports/stock/981/ORIENTCER/,4570217531,,,
Hisar Metal Industries Ltd,HISARMETAL,4380,https://trendlyne.com/research-reports/stock/4380/HISARMETAL/,0,,,
Tirupati Foam Ltd,TIRFOAM,4381,https://trendlyne.com/research-reports/stock/4381/TIRFOAM/,0,,,
Donear Industries Ltd,DONEAR,340,https://trendlyne.com/research-reports/stock/340/DONEAR/,4568887837,,,
Sutlej Textiles Industries Ltd,SUTLEJTEX,1335,https://trendlyne.com/research-reports/stock/1335/SUTLEJTEX/,4557700000,Textiles,Textiles Apparels & Accessories,532782
Pro Clb Global Ltd,PROVEST,4395,https://trendlyne.com/research-reports/stock/4395/PROVEST/,0,,,
Pocl Enterprises Ltd,POEL,4207,https://trendlyne.com/research-reports/stock/4207/POEL/,4551400000,Commodity Chemicals,Chemicals & Petrochemicals,539195
Kanco Tea Industries Ltd,KANCOTEA,4400,https://trendlyne.com/research-reports/stock/4400/KANCOTEA/,0,,,
Bharat Bhushan Finance Commodity Brokers Ltd,BHARAT,4403,https://trendlyne.com/research-reports/stock/4403/BHARAT/,0,,,
Rajnish Retail Ltd,15070030,4404,https://trendlyne.com/research-reports/stock/4404/15070030/,0,,,
Peoples Investments Ltd,PEOPLIN,4406,https://trendlyne.com/research-reports/stock/4406/PEOPLIN/,0,,,
Kartik Investments Trust Ltd,KARTKIN,4407,https://trendlyne.com/research-reports/stock/4407/KARTKIN/,0,,,
Elcid Investments Ltd,ELCIDIN,4417,https://trendlyne.com/research-reports/stock/4417/ELCIDIN/,0,,,
Trustwave Securities Ltd,STRLGUA,4431,https://trendlyne.com/research-reports/stock/4431/STRLGUA/,0,,,
Oswal Leasing Ltd,OSWALEA,4433,https://trendlyne.com/research-reports/stock/4433/OSWALEA/,0,,,
Bombay Oxygen Investments Ltd,BOMOXY-B1,4434,https://trendlyne.com/research-reports/stock/4434/BOMOXY-B1/,0,,,
R J Shah Company Ltd,RJSHAH,4435,https://trendlyne.com/research-reports/stock/4435/RJSHAH/,0,,,
M Lakhamsi Industries Ltd,SPECMKT,4440,https://trendlyne.com/research-reports/stock/4440/SPECMKT/,0,,,
Mercury Trade Links Ltd,MERCTRD,4444,https://trendlyne.com/research-reports/stock/4444/MERCTRD/,0,,,
Pulsar International Ltd,PULSRIN,4447,https://trendlyne.com/research-reports/stock/4447/PULSRIN/,0,,,
Tamil Nadu Steel Tubes Ltd,TNSTLTU,4448,https://trendlyne.com/research-reports/stock/4448/TNSTLTU/,0,,,
Rishab Special Yarns Ltd,RISHYRN,4449,https://trendlyne.com/research-reports/stock/4449/RISHYRN/,0,,,
International Data Management Ltd,IDM,4450,https://trendlyne.com/research-reports/stock/4450/IDM/,0,,,
Integra Switchgear Ltd,INTEGSW,4451,https://trendlyne.com/research-reports/stock/4451/INTEGSW/,0,,,
Prashant India Ltd,PRSNTIN,4452,https://trendlyne.com/research-reports/stock/4452/PRSNTIN/,0,,,
Sarda Proteins Ltd,SRDAPRT,4454,https://trendlyne.com/research-reports/stock/4454/SRDAPRT/,0,,,
Shiva Suitings Ltd,SHVSUIT,4455,https://trendlyne.com/research-reports/stock/4455/SHVSUIT/,0,,,
B A Packaging India Ltd,BAPACK,4457,https://trendlyne.com/research-reports/stock/4457/BAPACK/,0,,,
Satiate Agri Ltd,SHABCHM,4459,https://trendlyne.com/research-reports/stock/4459/SHABCHM/,0,,,
Shree Rama Newsprint Ltd,RAMANEWS,1102,https://trendlyne.com/research-reports/stock/1102/RAMANEWS/,4539011242,,,
Suraj Ltd,SURAJLTD,3649,https://trendlyne.com/research-reports/stock/3649/SURAJLTD/,4533000000,Iron & Steel Products,Metals & Mining,531638
Ace Engitech Ltd,PRESOFI,4464,https://trendlyne.com/research-reports/stock/4464/PRESOFI/,0,,,
Hindustan Media Ventures Ltd,HMVL,567,https://trendlyne.com/research-reports/stock/567/HMVL/,4532300000,Publishing,Commercial Services & Supplies,533217
Mayur Floorings Ltd,MAYURFL,4468,https://trendlyne.com/research-reports/stock/4468/MAYURFL/,0,,,
Systematix Securities Ltd,SYTIXSE,4470,https://trendlyne.com/research-reports/stock/4470/SYTIXSE/,0,,,
Suvidha Infraestate Corporation Ltd,SICL,4472,https://trendlyne.com/research-reports/stock/4472/SICL/,0,,,
Trinity League India Ltd,TRINITYLEA,4474,https://trendlyne.com/research-reports/stock/4474/TRINITYLEA/,0,,,
Hindustan Appliances Ltd,HINDAPL,4475,https://trendlyne.com/research-reports/stock/4475/HINDAPL/,0,,,
Sai Capital Ltd,SAICAPI,4476,https://trendlyne.com/research-reports/stock/4476/SAICAPI/,0,,,
Djs Stock Shares Ltd,DJSSS,4512,https://trendlyne.com/research-reports/stock/4512/DJSSS/,0,,,
Shree Hanuman Sugar Industries Ltd,HANSUGAR,4514,https://trendlyne.com/research-reports/stock/4514/HANSUGAR/,0,,,
Rushil Decor Ltd,RUSHIL,1159,https://trendlyne.com/research-reports/stock/1159/RUSHIL/,4521600000,Forest Products,Forest Materials,533470
Mediaone Global Entertainment Ltd,MEDIAONE,4534,https://trendlyne.com/research-reports/stock/4534/MEDIAONE/,0,,,
Integrated Hitech Ltd,INTEGHIT,4537,https://trendlyne.com/research-reports/stock/4537/INTEGHIT/,0,,,
Vista Pharmaceuticals Ltd,VISTAPH,4538,https://trendlyne.com/research-reports/stock/4538/VISTAPH/,0,,,
Kabsons Industries Ltd,KABSON,4540,https://trendlyne.com/research-reports/stock/4540/KABSON/,0,,,
Khyati Multimedia Entertainment Ltd,KHYATI,4541,https://trendlyne.com/research-reports/stock/4541/KHYATI/,0,,,
Diligent Industries Ltd,DILIGENT,4542,https://trendlyne.com/research-reports/stock/4542/DILIGENT/,0,,,
Dc Infotech And Communication Ltd,DCI,176648,https://trendlyne.com/research-reports/stock/176648/DCI/,4507800000,IT Networking Equipment,Hardware Technology & Equipment,543636
Zee Media Corporation Ltd,ZEEMEDIA,1539,https://trendlyne.com/research-reports/stock/1539/ZEEMEDIA/,4496800000,Broadcasting & Cable TV,Media,532794
Brahmaputra Infrastructure Ltd,BRAHMINFRA,3970,https://trendlyne.com/research-reports/stock/3970/BRAHMINFRA/,4496400000,Construction & Engineering,Cement and Construction,535693
Aries Agro Ltd,ARIES,99,https://trendlyne.com/research-reports/stock/99/ARIES/,4472800000,Agrochemicals,Chemicals & Petrochemicals,532935
Ltimindtree Ltd,LTIM,4596,https://trendlyne.com/research-reports/stock/4596/LTIM/,0,,,
Ps It Infrastructure Services Ltd,PSITINFRA,4607,https://trendlyne.com/research-reports/stock/4607/PSITINFRA/,0,,,
Dic India Ltd,DICIND,332,https://trendlyne.com/research-reports/stock/332/DICIND/,4471997706,,,
Yash Chemex Ltd,YASHCHEM,4612,https://trendlyne.com/research-reports/stock/4612/YASHCHEM/,0,,,
Ugar Sugar Works Ltd,UGARSUGAR,1441,https://trendlyne.com/research-reports/stock/1441/UGARSUGAR/,4470700000,Sugar,"Food, Beverages & Tobacco",530363
Jenburkt Pharmaceuticals Ltd,JENBURPH,3074,https://trendlyne.com/research-reports/stock/3074/JENBURPH/,4470500000,Pharmaceuticals,Pharmaceuticals & Biotechnology,524731
Aptech Ltd,APTECHT,95,https://trendlyne.com/research-reports/stock/95/APTECHT/,4459800000,IT Training Services,Software & Services,532475
Gfl Ltd,GFLLIMITED,512,https://trendlyne.com/research-reports/stock/512/GFLLIMITED/,4451061277,,,
Abm Knowledgeware Ltd,ABMKNO,3480,https://trendlyne.com/research-reports/stock/3480/ABMKNO/,4430500000,IT Software Products,Software & Services,531161
Kronox Lab Sciences Ltd,KRONOX,2312039,https://trendlyne.com/research-reports/stock/2312039/KRONOX/,4412400000,Specialty Chemicals,Chemicals & Petrochemicals,544187
Subex Ltd,SUBEXLTD,1301,https://trendlyne.com/research-reports/stock/1301/SUBEXLTD/,4411700000,IT Software Products,Software & Services,532348
Zr2 Bioenergy Ltd,GUJCMDS,4717,https://trendlyne.com/research-reports/stock/4717/GUJCMDS/,0,,,
Swadeshi Industries Leasing Ltd,SWADEIN,4718,https://trendlyne.com/research-reports/stock/4718/SWADEIN/,0,,,
Supra Trends Ltd,SUPRATRE,4720,https://trendlyne.com/research-reports/stock/4720/SUPRATRE/,0,,,
Kapil Cotex Ltd,KAPILCO,4721,https://trendlyne.com/research-reports/stock/4721/KAPILCO/,0,,,
Prism Medico And Pharmacy Ltd,PRISMMEDI,4722,https://trendlyne.com/research-reports/stock/4722/PRISMMEDI/,0,,,
Gujarat Toolroom Ltd,GUJTLRM,4723,https://trendlyne.com/research-reports/stock/4723/GUJTLRM/,0,,,
Maitri Enterprises Ltd,PARTHAL,4724,https://trendlyne.com/research-reports/stock/4724/PARTHAL/,0,,,
Ramasigns Industries Ltd,RAMMA,4725,https://trendlyne.com/research-reports/stock/4725/RAMMA/,0,,,
Ib Infotech Enterprises Ltd,IBINFO,4726,https://trendlyne.com/research-reports/stock/4726/IBINFO/,0,,,
Goyal Associates Ltd,GOYALASS,4727,https://trendlyne.com/research-reports/stock/4727/GOYALASS/,0,,,
Occl Ltd,OCCLLTD,2747267,https://trendlyne.com/research-reports/stock/2747267/OCCLLTD/,4369200000,Commodity Chemicals,Chemicals & Petrochemicals,544278
Vision Corporation Ltd,VISIONCO,4730,https://trendlyne.com/research-reports/stock/4730/VISIONCO/,0,,,
Mudunuru Ltd,MUDUNURU,4733,https://trendlyne.com/research-reports/stock/4733/MUDUNURU/,0,,,
Shiva Cement Ltd,SHIVACEM,3813,https://trendlyne.com/research-reports/stock/3813/SHIVACEM/,4357200000,Cement & Cement Products,Cement and Construction,532323
Zeal Aqua Ltd,11200005,4735,https://trendlyne.com/research-reports/stock/4735/11200005/,0,,,
Digjam Ltd,DIGJAMLMTD,4736,https://trendlyne.com/research-reports/stock/4736/DIGJAMLMTD/,0,,,
Advance Syntex Ltd,ASYL,4738,https://trendlyne.com/research-reports/stock/4738/ASYL/,0,,,
Vishal Fabrics Ltd,VISHAL,4072,https://trendlyne.com/research-reports/stock/4072/VISHAL/,4343100000,Textiles,Textiles Apparels & Accessories,538598
Prakash Pipes Ltd,PPL,148189,https://trendlyne.com/research-reports/stock/148189/PPL/,4332100000,Plastic Products,General Industrials,542684
Titaanium Ten Enterprises Ltd,TITAANIUM,4741,https://trendlyne.com/research-reports/stock/4741/TITAANIUM/,0,,,
Universus Photo Imagings Ltd,UNIVPHOTO,186585,https://trendlyne.com/research-reports/stock/186585/UNIVPHOTO/,4323400000,Photographic Products,General Industrials,542933
Hindustan Motors Ltd,HINDMOTORS,553,https://trendlyne.com/research-reports/stock/553/HINDMOTORS/,4317160884,,,
East West Freight Carriers Ltd,BULL,4744,https://trendlyne.com/research-reports/stock/4744/BULL/,0,,,
Ladam Affordable Housing Ltd,LAHL,4745,https://trendlyne.com/research-reports/stock/4745/LAHL/,0,,,
Sarveshwar Foods Ltd,SARVESHWAR,87720,https://trendlyne.com/research-reports/stock/87720/SARVESHWAR/,4310700000,Other Agricultural Products,"Food, Beverages & Tobacco",543688
Ecs Biztech Ltd,ECS,4748,https://trendlyne.com/research-reports/stock/4748/ECS/,0,,,
Shiva Granito Export Ltd,SHIVAEXPO,4750,https://trendlyne.com/research-reports/stock/4750/SHIVAEXPO/,0,,,
Wim Plast Ltd,WIMPLAST,3163,https://trendlyne.com/research-reports/stock/3163/WIMPLAST/,4299000000,Plastic Products,General Industrials,526586
Vishnu Prakash R Punglia Ltd,VPRPL,1636180,https://trendlyne.com/research-reports/stock/1636180/VPRPL/,4296500000,Construction & Engineering,Cement and Construction,543974
Lokesh Machines Ltd,LOKESHMACH,796,https://trendlyne.com/research-reports/stock/796/LOKESHMACH/,4283900000,Industrial Machinery,General Industrials,532740
Shah Metacorp Ltd,SHAH,432,https://trendlyne.com/research-reports/stock/432/SHAH/,4257900000,Iron & Steel/Interm.Products,Metals & Mining,533275
Sil Investments Ltd,SILINV,1240,https://trendlyne.com/research-reports/stock/1240/SILINV/,4256900000,Other Financial Services,Banking and Finance,521194
Amanta Healthcare Ltd,AMANTA,3234203,https://trendlyne.com/research-reports/stock/3234203/AMANTA/,4196300000,Pharmaceuticals,Pharmaceuticals & Biotechnology,544502
Captain Polyplast Ltd,CPL,4000,https://trendlyne.com/research-reports/stock/4000/CPL/,4195000000,Plastic Products,General Industrials,536974
Bse Ltd,BSE,52884,https://trendlyne.com/research-reports/stock/52884/BSE/,0,,,
Sreeleathers Ltd,SREEL,1281,https://trendlyne.com/research-reports/stock/1281/SREEL/,4184800000,Footwear,Retailing,535601
Colorchips New Media Ltd,MIENT,52894,https://trendlyne.com/research-reports/stock/52894/MIENT/,0,,,
Sab Events Governance Now Media Ltd,SABEVENTS,52896,https://trendlyne.com/research-reports/stock/52896/SABEVENTS/,0,,,
Tv Vision Ltd,TVVISION,52897,https://trendlyne.com/research-reports/stock/52897/TVVISION/,0,,,
Tiaan Consumer Ltd,RCSL,52898,https://trendlyne.com/research-reports/stock/52898/RCSL/,0,,,
Ishaan Infrastructures Shelters Ltd,IISL,52899,https://trendlyne.com/research-reports/stock/52899/IISL/,0,,,
Sagarsoft India Ltd,SAGARSOFT,52900,https://trendlyne.com/research-reports/stock/52900/SAGARSOFT/,0,,,
Dra Consultants Ltd,DRA,52901,https://trendlyne.com/research-reports/stock/52901/DRA/,0,,,
Laxmi India Finance Ltd,LAXMIINDIA,3193015,https://trendlyne.com/research-reports/stock/3193015/LAXMIINDIA/,4183000000,Finance (including NBFCs),Banking and Finance,544465
Mewar Hi Tech Engineering Ltd,MHEL,52903,https://trendlyne.com/research-reports/stock/52903/MHEL/,0,,,
Moneyboxx Finance Ltd,MONEYBOXX,4046,https://trendlyne.com/research-reports/stock/4046/MONEYBOXX/,4178800000,Finance (including NBFCs),Banking and Finance,538446
Southern Infoconsultants Ltd,SOUTHERNIN,52906,https://trendlyne.com/research-reports/stock/52906/SOUTHERNIN/,0,,,
Ndl Ventures Ltd,NDLVENTURE,559,https://trendlyne.com/research-reports/stock/559/NDLVENTURE/,4148680393,,,
Unipro Technologies Ltd,UPROTECH,52908,https://trendlyne.com/research-reports/stock/52908/UPROTECH/,0,,,
Franklin Industries Ltd,MURAD,52909,https://trendlyne.com/research-reports/stock/52909/MURAD/,0,,,
Manomay Tex India Ltd,MANOMAY,82996,https://trendlyne.com/research-reports/stock/82996/MANOMAY/,4147600000,Textiles,Textiles Apparels & Accessories,540396
Andhra Cements Ltd,ACL,80,https://trendlyne.com/research-reports/stock/80/ACL/,4144100000,Cement & Cement Products,Cement and Construction,532141
Indogulf Cropsciences Ltd,IGCL,3152009,https://trendlyne.com/research-reports/stock/3152009/IGCL/,4130400000,Agrochemicals,Chemicals & Petrochemicals,544432
Heads Up Ventures Ltd,HEADSUP,52913,https://trendlyne.com/research-reports/stock/52913/HEADSUP/,0,,,
Radiant Cash Management Services Ltd,RADIANTCMS,1255350,https://trendlyne.com/research-reports/stock/1255350/RADIANTCMS/,4101900000,Other Financial Services,Banking and Finance,543732
Rmc Switchgears Ltd,RMC,61525,https://trendlyne.com/research-reports/stock/61525/RMC/,4083900000,Other Electrical Equipment/Products,Consumer Durables,540358
Kotyark Industries Ltd,KOTYARK,700365,https://trendlyne.com/research-reports/stock/700365/KOTYARK/,4074100000,Utilities:Non-Electrical,Utilities,544726
R K Swamy Ltd,RKSWAMY,2102499,https://trendlyne.com/research-reports/stock/2102499/RKSWAMY/,4063400000,Advertising & Media,Media,544136
Central Depository Services India Ltd,CDSL,53219,https://trendlyne.com/research-reports/stock/53219/CDSL/,0,,,
Orbit Exports Ltd,ORBTEXP,979,https://trendlyne.com/research-reports/stock/979/ORBTEXP/,4039504101,,,
Sigma Solve Ltd,SIGMA,307950,https://trendlyne.com/research-reports/stock/307950/SIGMA/,4026700000,IT Consulting & Software,Software & Services,543917
Rama Phosphates Ltd,RAMAPHO,2995,https://trendlyne.com/research-reports/stock/2995/RAMAPHO/,4022700000,Fertilizers,Fertilizers,524037
Mirza International Ltd,MIRZAINT,867,https://trendlyne.com/research-reports/stock/867/MIRZAINT/,4016100000,Footwear,Retailing,526642
Liberty Shoes Ltd,LIBERTSHOE,789,https://trendlyne.com/research-reports/stock/789/LIBERTSHOE/,4004200000,Footwear,Retailing,526596
Kaya Ltd,KAYA,1761,https://trendlyne.com/research-reports/stock/1761/KAYA/,3996600000,Special Consumer Services,Diversified Consumer Services,539276
Nahar Industrial Enterprises Ltd,NAHARINDUS,904,https://trendlyne.com/research-reports/stock/904/NAHARINDUS/,3984780539,,,
Artemis Electricals And Projects Ltd,AEPL,141322,https://trendlyne.com/research-reports/stock/141322/AEPL/,3981400000,Household Appliances,Consumer Durables,542670
Captain Technocast Ltd,CAPTAIN,82790,https://trendlyne.com/research-reports/stock/82790/CAPTAIN/,3970600000,Other Industrial Goods,General Industrials,540652
True Green Bio Energy Ltd,CNOVAPETRO,274,https://trendlyne.com/research-reports/stock/274/CNOVAPETRO/,3967600000,Textiles,Textiles Apparels & Accessories,533407
Glottis Ltd,GLOTTIS,3273762,https://trendlyne.com/research-reports/stock/3273762/GLOTTIS/,3963200000,Warehousing & Logistics,Transportation,544557
Pasupati Acrylon Ltd,PASUPTAC,2087,https://trendlyne.com/research-reports/stock/2087/PASUPTAC/,3960184593,,,
Tera Software Ltd,TERASOFT,3919,https://trendlyne.com/research-reports/stock/3919/TERASOFT/,3948100000,IT Consulting & Software,Software & Services,533982
Agro Phos India Ltd,AGROPHOS,57464,https://trendlyne.com/research-reports/stock/57464/AGROPHOS/,0,,,
Steel City Securities Ltd,STEELCITY,57465,https://trendlyne.com/research-reports/stock/57465/STEELCITY/,0,,,
Nandani Creation Ltd,JAIPURKURT,57466,https://trendlyne.com/research-reports/stock/57466/JAIPURKURT/,0,,,
Laxmi Cotspin Ltd,LAXMICOT,57467,https://trendlyne.com/research-reports/stock/57467/LAXMICOT/,0,,,
Hindusthan Urban Infrastructure Ltd,HUIL,4739,https://trendlyne.com/research-reports/stock/4739/HUIL/,3943400000,Electronic Components,Commercial Services & Supplies,539984
Sinclairs Hotels Ltd,SINCLAIR,2911,https://trendlyne.com/research-reports/stock/2911/SINCLAIR/,3901900000,Hotels,Hotels Restaurants & Tourism,523023
Haleos Labs Ltd,HALEOSLABS,82281,https://trendlyne.com/research-reports/stock/82281/HALEOSLABS/,3893100000,Pharmaceuticals,Pharmaceuticals & Biotechnology,540679
Visa Steel Ltd,VISASTEEL,1491,https://trendlyne.com/research-reports/stock/1491/VISASTEEL/,3877400000,Iron & Steel/Interm.Products,Metals & Mining,532721
Xtglobal Infotech Ltd,XTGLOBAL,3508,https://trendlyne.com/research-reports/stock/3508/XTGLOBAL/,3876200000,IT Consulting & Software,Software & Services,531225
Emami Paper Mills Ltd,EMAMIPAP,3902,https://trendlyne.com/research-reports/stock/3902/EMAMIPAP/,3875600000,Paper & Paper Products,Commercial Services & Supplies,533208
Gvk Power Infrastructure Ltd,GVKPIL,519,https://trendlyne.com/research-reports/stock/519/GVKPIL/,3869100000,Construction & Engineering,Cement and Construction,532708
Srg Housing Finance Ltd,SRGHFL,3935,https://trendlyne.com/research-reports/stock/3935/SRGHFL/,3835200000,Housing Finance,Banking and Finance,534680
Orient Bell Ltd,ORIENTBELL,984,https://trendlyne.com/research-reports/stock/984/ORIENTBELL/,3819300000,Ceramics,Consumer Durables,530365
Sulabh Engineers Services Ltd,SULABEN,61503,https://trendlyne.com/research-reports/stock/61503/SULABEN/,0,,,
Sylph Industries Ltd,SYLPH,61504,https://trendlyne.com/research-reports/stock/61504/SYLPH/,0,,,
Espire Hospitality Ltd,WELLESLEY,3766,https://trendlyne.com/research-reports/stock/3766/WELLESLEY/,3802300000,Hotels,Hotels Restaurants & Tourism,532016
Patidar Buildcon Ltd,PATIDAR,61506,https://trendlyne.com/research-reports/stock/61506/PATIDAR/,0,,,
Checkpoint Trends Ltd,RUBRAME,61507,https://trendlyne.com/research-reports/stock/61507/RUBRAME/,0,,,
Hcl Infosystems Ltd,HCL-INSYS,530,https://trendlyne.com/research-reports/stock/530/HCL-INSYS/,3799082557,,,
Suratwwala Business Group Ltd,SBGLP,258450,https://trendlyne.com/research-reports/stock/258450/SBGLP/,3787400000,Realty,Realty,543218
Chembond Chemicals Ltd,CHEMBONDCH,3191490,https://trendlyne.com/research-reports/stock/3191490/CHEMBONDCH/,3782700000,Specialty Chemicals,Chemicals & Petrochemicals,544450
Vani Commercials Ltd,VANICOM,61512,https://trendlyne.com/research-reports/stock/61512/VANICOM/,0,,,
Gokul Refoils Solvent Ltd,GOKUL,481,https://trendlyne.com/research-reports/stock/481/GOKUL/,3781600000,Edible Oils,FMCG,532980
Stellant Securities India Ltd,STELLANT,3093,https://trendlyne.com/research-reports/stock/3093/STELLANT/,3775800000,Other Financial Services,Banking and Finance,526071
Shivalik Rasayan Ltd,SHIVALIK,4195,https://trendlyne.com/research-reports/stock/4195/SHIVALIK/,3774700000,Agrochemicals,Chemicals & Petrochemicals,539148
De Nora India Ltd,DENORA,324,https://trendlyne.com/research-reports/stock/324/DENORA/,3759800000,Electrodes & Refractories,General Industrials,590031
Shashijit Infraprojects Ltd,SHASHIJIT,61518,https://trendlyne.com/research-reports/stock/61518/SHASHIJIT/,0,,,
Albert David Ltd,ALBERTDAVD,2999,https://trendlyne.com/research-reports/stock/2999/ALBERTDAVD/,3735900000,Pharmaceuticals,Pharmaceuticals & Biotechnology,524075
New Light Industries Ltd,NEWLIGHT,61520,https://trendlyne.com/research-reports/stock/61520/NEWLIGHT/,0,,,
Flora Corporation Ltd,FLORACORP,61521,https://trendlyne.com/research-reports/stock/61521/FLORACORP/,0,,,
Super Fine Knitters Ltd,SKL,61522,https://trendlyne.com/research-reports/stock/61522/SKL/,0,,,
Tolins Tyres Ltd,TOLINS,2610661,https://trendlyne.com/research-reports/stock/2610661/TOLINS/,3734800000,Auto Tyres & Rubber Products,Automobiles & Auto Components,544254
Likhami Consulting Ltd,LIKHAMI,82987,https://trendlyne.com/research-reports/stock/82987/LIKHAMI/,3733700000,Consulting Services,Commercial Services & Supplies,539927
Danube Industries Ltd,DWEKAM,61526,https://trendlyne.com/research-reports/stock/61526/DWEKAM/,0,,,
Sarthak Metals Ltd,SMLT,61527,https://trendlyne.com/research-reports/stock/61527/SMLT/,0,,,
Zodiac Energy Ltd,ZODIAC,87823,https://trendlyne.com/research-reports/stock/87823/ZODIAC/,3698300000,Power - Electric Utilities,Utilities,543416
Oceanic Foods Ltd,OCEANIC,61530,https://trendlyne.com/research-reports/stock/61530/OCEANIC/,0,,,
Meera Industries Ltd,MEERA,61531,https://trendlyne.com/research-reports/stock/61531/MEERA/,0,,,
Bhakti Gems And Jewellery Ltd,BGJL,61532,https://trendlyne.com/research-reports/stock/61532/BGJL/,0,,,
Yug Decor Ltd,YUG,61533,https://trendlyne.com/research-reports/stock/61533/YUG/,0,,,
Kothari Products Ltd,KOTHARIPRO,761,https://trendlyne.com/research-reports/stock/761/KOTHARIPRO/,3697700000,Commodity Trading  & Distribution,Commercial Services & Supplies,530299
G G Engineering Ltd,GGENG,61535,https://trendlyne.com/research-reports/stock/61535/GGENG/,0,,,
Mangalam Global Enterprise Ltd,MGEL,173441,https://trendlyne.com/research-reports/stock/173441/MGEL/,3681100000,Other Agricultural Products,"Food, Beverages & Tobacco",544273
Palash Securities Ltd,PALASHSECU,61539,https://trendlyne.com/research-reports/stock/61539/PALASHSECU/,0,,,
Kriti Industries India Ltd,KRITI,767,https://trendlyne.com/research-reports/stock/767/KRITI/,3680800000,Plastic Products,General Industrials,526423
Aerpace Industries Ltd,ICVLSTEELS,3941,https://trendlyne.com/research-reports/stock/3941/ICVLSTEELS/,3671700000,Iron & Steel/Interm.Products,Metals & Mining,534733
Mcleod Russel India Ltd,MCLEODRUSS,852,https://trendlyne.com/research-reports/stock/852/MCLEODRUSS/,3660100000,Tea & Coffee,"Food, Beverages & Tobacco",532654
Thomas Scott India Ltd,THOMASCOTT,1390,https://trendlyne.com/research-reports/stock/1390/THOMASCOTT/,3648400000,Other Apparels & Accessories,Textiles Apparels & Accessories,533941
Euro Panel Products Ltd,EUROBOND,746928,https://trendlyne.com/research-reports/stock/746928/EUROBOND/,3638000000,Aluminium and Aluminium Products,Metals & Mining,544461
Mawana Sugars Ltd,MAWANASUG,844,https://trendlyne.com/research-reports/stock/844/MAWANASUG/,3632000000,Sugar,"Food, Beverages & Tobacco",523371
Nutricircle Ltd,NUTRICIRCLE,3286,https://trendlyne.com/research-reports/stock/3286/NUTRICIRCLE/,3612000000,Other Food & Beverages,"Food, Beverages & Tobacco",530219
Nahar Capital Financial Services Ltd,NAHARCAP,903,https://trendlyne.com/research-reports/stock/903/NAHARCAP/,3610000000,Investment Companies,Others,532952
Zim Laboratories Ltd,ZIMLAB,94300,https://trendlyne.com/research-reports/stock/94300/ZIMLAB/,3609700000,Pharmaceuticals,Pharmaceuticals & Biotechnology,541400
Banswara Syntex Ltd,BANSWRAS,164,https://trendlyne.com/research-reports/stock/164/BANSWRAS/,3606349997,,,
Twamev Construction And Infrastructure Ltd,TICL,1351,https://trendlyne.com/research-reports/stock/1351/TICL/,3605300000,Construction & Engineering,Cement and Construction,532738
Dreamfolks Services Ltd,DREAMFOLKS,1010015,https://trendlyne.com/research-reports/stock/1010015/DREAMFOLKS/,3601000000,Travel Support Services,Diversified Consumer Services,543591
Mazda Ltd,MAZDA,2978,https://trendlyne.com/research-reports/stock/2978/MAZDA/,3572100000,Industrial Machinery,General Industrials,523792
Astron Paper Board Mill Ltd,ASTRON,65396,https://trendlyne.com/research-reports/stock/65396/ASTRON/,0,,,
Swiss Military Consumer Goods Ltd,NETWORK,2956,https://trendlyne.com/research-reports/stock/2956/NETWORK/,3564600000,Commodity Trading  & Distribution,Commercial Services & Supplies,523558
Nandan Denim Ltd,NDL,921,https://trendlyne.com/research-reports/stock/921/NDL/,3560400000,Textiles,Textiles Apparels & Accessories,532641
Akash Infra Projects Ltd,AKASH,69030,https://trendlyne.com/research-reports/stock/69030/AKASH/,0,,,
Rajasthan Securities Ltd,RAJGASES,3213,https://trendlyne.com/research-reports/stock/3213/RAJGASES/,3548500000,Oil Marketing & Distribution,Oil & Gas,526873
Abm International Ltd,ABMINTLLTD,71261,https://trendlyne.com/research-reports/stock/71261/ABMINTLLTD/,0,,,
Aspinwall And Company Ltd,ASPINWALL,71268,https://trendlyne.com/research-reports/stock/71268/ASPINWALL/,0,,,
Batliboi Ltd,BATLIBOI,2873,https://trendlyne.com/research-reports/stock/2873/BATLIBOI/,3531000000,Industrial Machinery,General Industrials,522004
The Grob Tea Company Ltd,GROBTEA,71286,https://trendlyne.com/research-reports/stock/71286/GROBTEA/,0,,,
Lords Chloro Alkali Ltd,LORDSCHLO,2063,https://trendlyne.com/research-reports/stock/2063/LORDSCHLO/,3525857683,,,
B B Triplewall Containers Ltd,BBTCL,111715,https://trendlyne.com/research-reports/stock/111715/BBTCL/,3518500000,Containers & Packaging,Commercial Services & Supplies,543668
Lasa Supergenerics Ltd,LASA,71295,https://trendlyne.com/research-reports/stock/71295/LASA/,0,,,
Nbi Industrial Finance Company Ltd,NBIFIN,71303,https://trendlyne.com/research-reports/stock/71303/NBIFIN/,0,,,
Naga Dhunseri Group Ltd,NDGL,71304,https://trendlyne.com/research-reports/stock/71304/NDGL/,0,,,
Shalimar Paints Ltd,SHALPAINTS,1212,https://trendlyne.com/research-reports/stock/1212/SHALPAINTS/,3513358243,,,
Arc Finance Ltd,ARCFIN,71315,https://trendlyne.com/research-reports/stock/71315/ARCFIN/,0,,,
Softtech Engineers Ltd,SOFTTECH,97142,https://trendlyne.com/research-reports/stock/97142/SOFTTECH/,3492900000,IT Software Products,Software & Services,543470
Ang Lifesciences India Ltd,ANG,71319,https://trendlyne.com/research-reports/stock/71319/ANG/,0,,,
Property Share Investment Trust Propshare Platina Reit,PSITREIT,2814457,https://trendlyne.com/research-reports/stock/2814457/PSITREIT/,3488400000,REITs-InvITs,Realty,544295
Vinyl Chemicals I Ltd,VINYLINDIA,1487,https://trendlyne.com/research-reports/stock/1487/VINYLINDIA/,3481500000,Commodity Trading  & Distribution,Commercial Services & Supplies,524129
Trident Texofab Ltd,TTFL,71327,https://trendlyne.com/research-reports/stock/71327/TTFL/,0,,,
Rubfila International Ltd,RUBFILA,2078,https://trendlyne.com/research-reports/stock/2078/RUBFILA/,3454128304,,,
Akme Fintrade India Ltd,AFIL,2350517,https://trendlyne.com/research-reports/stock/2350517/AFIL/,3435300000,Finance (including NBFCs),Banking and Finance,544200
Vraj Iron Steel Ltd,VRAJ,2367957,https://trendlyne.com/research-reports/stock/2367957/VRAJ/,3430500000,Iron & Steel/Interm.Products,Metals & Mining,544204
Dhabriya Polywood Ltd,DHABRIYA,4091,https://trendlyne.com/research-reports/stock/4091/DHABRIYA/,3429100000,Plastic Products,General Industrials,538715
Poojawestern Metaliks Ltd,POOJA,72452,https://trendlyne.com/research-reports/stock/72452/POOJA/,0,,,
Birla Cable Ltd,BIRLACABLE,200,https://trendlyne.com/research-reports/stock/200/BIRLACABLE/,3422999954,,,
Orient Paper Industries Ltd,ORIENTPPR,988,https://trendlyne.com/research-reports/stock/988/ORIENTPPR/,3420430470,,,
Sheetal Cool Products Ltd,SCPL,71335,https://trendlyne.com/research-reports/stock/71335/SCPL/,3389900000,Packaged Foods,FMCG,540757
Trejhara Solutions Ltd,TREJHARA,121730,https://trendlyne.com/research-reports/stock/121730/TREJHARA/,3373200000,IT Consulting & Software,Software & Services,542233
Cybertech Systems Software Ltd,CYBERTECH,300,https://trendlyne.com/research-reports/stock/300/CYBERTECH/,3367100000,IT Consulting & Software,Software & Services,532173
Plastiblends India Ltd,PLASTIBLEN,1046,https://trendlyne.com/research-reports/stock/1046/PLASTIBLEN/,3366100000,Specialty Chemicals,Chemicals & Petrochemicals,523648
Coromandel Engineering Company Ltd,COROENGG,283,https://trendlyne.com/research-reports/stock/283/COROENGG/,3362400000,Realty,Realty,533167
Highway Infrastructure Ltd,HILINFRA,3196801,https://trendlyne.com/research-reports/stock/3196801/HILINFRA/,3362300000,Roads & Highways,Cement and Construction,544477
Mold Tek Technologies Ltd,MOLDTECH,3118,https://trendlyne.com/research-reports/stock/3118/MOLDTECH/,3362100000,Construction & Engineering,Cement and Construction,526263
Dharan Infra Epc Ltd,DHARAN,80503,https://trendlyne.com/research-reports/stock/80503/DHARAN/,0,,,
Mbl Infrastructure Ltd,MBLINFRA,849,https://trendlyne.com/research-reports/stock/849/MBLINFRA/,3361700000,Construction & Engineering,Cement and Construction,533152
Bella Casa Fashion Retail Ltd,BELLACASA,4264,https://trendlyne.com/research-reports/stock/4264/BELLACASA/,3341100000,Textiles,Textiles Apparels & Accessories,539399
Vipul Organics Ltd,VIPULDYE,3363,https://trendlyne.com/research-reports/stock/3363/VIPULDYE/,3340300000,Specialty Chemicals,Chemicals & Petrochemicals,530627
Sintercom India Ltd,SINTERCOM,82125,https://trendlyne.com/research-reports/stock/82125/SINTERCOM/,0,,,
Digispice Technologies Ltd,DIGISPICE,1276,https://trendlyne.com/research-reports/stock/1276/DIGISPICE/,3338620369,,,
Vardhman Polytex Ltd,VARDMNPOLY,1468,https://trendlyne.com/research-reports/stock/1468/VARDMNPOLY/,3328000873,,,
Trescon Ltd,PUSHPANJALI,82178,https://trendlyne.com/research-reports/stock/82178/PUSHPANJALI/,0,,,
Svarnim Trade Udyog Ltd,SVARNIM,82188,https://trendlyne.com/research-reports/stock/82188/SVARNIM/,0,,,
Harig Crankshafts Ltd,HARIGCRANK,82200,https://trendlyne.com/research-reports/stock/82200/HARIGCRANK/,0,,,
Sreechem Resins Ltd,SREECHEM,82216,https://trendlyne.com/research-reports/stock/82216/SREECHEM/,0,,,
Elegant Floriculture Agrotech I Ltd,ELEGANT,82223,https://trendlyne.com/research-reports/stock/82223/ELEGANT/,0,,,
Mrc Agrotech Ltd,MRC,82228,https://trendlyne.com/research-reports/stock/82228/MRC/,0,,,
Retro Green Revolution Ltd,RETRO,82260,https://trendlyne.com/research-reports/stock/82260/RETRO/,0,,,
Bansisons Tea Industries Ltd,BANSISONS,82261,https://trendlyne.com/research-reports/stock/82261/BANSISONS/,0,,,
Autopal Industries Ltd,AUTOPALIND,82274,https://trendlyne.com/research-reports/stock/82274/AUTOPALIND/,0,,,
Alufluoride Ltd,ALUFLUOR,3060,https://trendlyne.com/research-reports/stock/3060/ALUFLUOR/,3316300000,Specialty Chemicals,Chemicals & Petrochemicals,524634
Soma Textiles Industries Ltd,SOMATEX,1265,https://trendlyne.com/research-reports/stock/1265/SOMATEX/,3300000000,Textiles,Textiles Apparels & Accessories,521034
Standard Surfactants Ltd,STANDARD,82283,https://trendlyne.com/research-reports/stock/82283/STANDARD/,0,,,
Confidence Futuristic Energetech Ltd,539991,82333,https://trendlyne.com/research-reports/stock/82333/539991/,0,,,
Ifl Enterprises Ltd,IFL,82340,https://trendlyne.com/research-reports/stock/82340/IFL/,0,,,
Jhandewalas Foods Ltd,JHANDEWALAS,82341,https://trendlyne.com/research-reports/stock/82341/JHANDEWALAS/,0,,,
Tecil Chemicals Hydro Power Ltd,TECILCHEM,82353,https://trendlyne.com/research-reports/stock/82353/TECILCHEM/,0,,,
Saptak Chem And Business Ltd,SAPTAK,82354,https://trendlyne.com/research-reports/stock/82354/SAPTAK/,0,,,
Sanathnagar Enterprises Ltd,BAKELHYLAM,82356,https://trendlyne.com/research-reports/stock/82356/BAKELHYLAM/,0,,,
Harrisons Malayalam Ltd,HARRMALAYA,522,https://trendlyne.com/research-reports/stock/522/HARRMALAYA/,3290297128,,,
Ambar Protein Industries Ltd,AMBAR,82358,https://trendlyne.com/research-reports/stock/82358/AMBAR/,0,,,
Prudential Sugar Corporation Ltd,PRUDMOULI,82360,https://trendlyne.com/research-reports/stock/82360/PRUDMOULI/,0,,,
Hindustan Agrigenetics Ltd,HINDUSTAN,82361,https://trendlyne.com/research-reports/stock/82361/HINDUSTAN/,0,,,
National Plywood Industries Ltd,NATIONAL,82367,https://trendlyne.com/research-reports/stock/82367/NATIONAL/,0,,,
Baroda Rayon Corporation Ltd,BARODARAYN,82379,https://trendlyne.com/research-reports/stock/82379/BARODARAYN/,0,,,
Mehai Technology Ltd,MEHAI,82383,https://trendlyne.com/research-reports/stock/82383/MEHAI/,0,,,
Mystic Electronics Ltd,MYSTIC,82385,https://trendlyne.com/research-reports/stock/82385/MYSTIC/,0,,,
Axita Cotton Ltd,AXITA,123538,https://trendlyne.com/research-reports/stock/123538/AXITA/,3289500000,Textiles,Textiles Apparels & Accessories,542285
Ratnabhumi Developers Ltd,RATNABHUMI,82398,https://trendlyne.com/research-reports/stock/82398/RATNABHUMI/,3288000000,Realty,Realty,540796
Sbec Systems India Ltd,SBEC,82407,https://trendlyne.com/research-reports/stock/82407/SBEC/,0,,,
Padmanabh Alloys Polymers Ltd,PADMANABH,82410,https://trendlyne.com/research-reports/stock/82410/PADMANABH/,0,,,
Jolly Plastic Industries Ltd,JOLLY,82418,https://trendlyne.com/research-reports/stock/82418/JOLLY/,0,,,
Chothani Foods Ltd,CHOTHANI,82423,https://trendlyne.com/research-reports/stock/82423/CHOTHANI/,0,,,
Ravileela Granites Ltd,RAVILEELA,82429,https://trendlyne.com/research-reports/stock/82429/RAVILEELA/,0,,,
United Leasing Industries Ltd,UNITED,82432,https://trendlyne.com/research-reports/stock/82432/UNITED/,0,,,
Variman Global Enterprises Ltd,SPRING,82444,https://trendlyne.com/research-reports/stock/82444/SPRING/,0,,,
Axentra Corp Ltd,DUGAR,82448,https://trendlyne.com/research-reports/stock/82448/DUGAR/,0,,,
Groarc Industries India Ltd,TELESYS,82455,https://trendlyne.com/research-reports/stock/82455/TELESYS/,0,,,
Si Capital Financial Services Ltd,SI,82467,https://trendlyne.com/research-reports/stock/82467/SI/,0,,,
Lyons Corporate Market Ltd,LYONS,82468,https://trendlyne.com/research-reports/stock/82468/LYONS/,0,,,
Gallops Enterprise Ltd,GALLOPS,82469,https://trendlyne.com/research-reports/stock/82469/GALLOPS/,0,,,
Iconik Sports And Events Ltd,ID,82476,https://trendlyne.com/research-reports/stock/82476/ID/,0,,,
Kenvi Jewels Ltd,KENVI,82482,https://trendlyne.com/research-reports/stock/82482/KENVI/,0,,,
Swadha Nature Ltd,MS,82499,https://trendlyne.com/research-reports/stock/82499/MS/,0,,,
Amalgamated Electricity Company Ltd,AMALGAMATED,82501,https://trendlyne.com/research-reports/stock/82501/AMALGAMATED/,0,,,
Wagend Infra Venture Ltd,WAGEND,82503,https://trendlyne.com/research-reports/stock/82503/WAGEND/,0,,,
Apt Packaging Ltd,APT,82516,https://trendlyne.com/research-reports/stock/82516/APT/,0,,,
Softrak Venture Investment Ltd,SOFTRAK,82517,https://trendlyne.com/research-reports/stock/82517/SOFTRAK/,0,,,
Norris Medicines Ltd,NORRIS,82521,https://trendlyne.com/research-reports/stock/82521/NORRIS/,0,,,
Globalspace Technologies Ltd,GLOBALSPACE,82528,https://trendlyne.com/research-reports/stock/82528/GLOBALSPACE/,0,,,
Tasty Dairy Specialities Ltd,TASTY,82529,https://trendlyne.com/research-reports/stock/82529/TASTY/,0,,,
Ncl Research And Financial Services Ltd,NCL,82537,https://trendlyne.com/research-reports/stock/82537/NCL/,0,,,
Trucap Finance Ltd,TRU,82539,https://trendlyne.com/research-reports/stock/82539/TRU/,0,,,
Ambitious Plastomac Company Ltd,AMBITIOUS,82542,https://trendlyne.com/research-reports/stock/82542/AMBITIOUS/,0,,,
Lehar Footwears Ltd,LEHAR,3869,https://trendlyne.com/research-reports/stock/3869/LEHAR/,3279400000,Footwear,Retailing,532829
Triumph International Finance India Ltd,TRIUMPH,82577,https://trendlyne.com/research-reports/stock/82577/TRIUMPH/,0,,,
Adline Chem Lab Ltd,KAMRON,82578,https://trendlyne.com/research-reports/stock/82578/KAMRON/,0,,,
Parmax Pharma Ltd,PARMAX,82579,https://trendlyne.com/research-reports/stock/82579/PARMAX/,0,,,
Manaksia Steels Ltd,MANAKSTEEL,1575,https://trendlyne.com/research-reports/stock/1575/MANAKSTEEL/,3270100000,Iron & Steel/Interm.Products,Metals & Mining,539044
Sabrimala Industries India Ltd,SABRIMALA,82595,https://trendlyne.com/research-reports/stock/82595/SABRIMALA/,0,,,
Markolines Pavement Technologies Ltd,MARKOLINES,658069,https://trendlyne.com/research-reports/stock/658069/MARKOLINES/,3258700000,Construction & Engineering,Cement and Construction,543364
Siddheswari Garments Ltd,SIDDHESWARI,82604,https://trendlyne.com/research-reports/stock/82604/SIDDHESWARI/,0,,,
Ramgopal Polytex Ltd,RAMGOPOLY,82613,https://trendlyne.com/research-reports/stock/82613/RAMGOPOLY/,0,,,
Shentracon Chemicals Ltd,SHENTRACON,82620,https://trendlyne.com/research-reports/stock/82620/SHENTRACON/,0,,,
Shamrock Industrial Company Ltd,SHAMROCK,82623,https://trendlyne.com/research-reports/stock/82623/SHAMROCK/,0,,,
Prismx Global Ventures Ltd,GROMO,82627,https://trendlyne.com/research-reports/stock/82627/GROMO/,0,,,
Sharika Enterprises Ltd,SHARIKA,82642,https://trendlyne.com/research-reports/stock/82642/SHARIKA/,0,,,
Panjon Ltd,PANJON,82653,https://trendlyne.com/research-reports/stock/82653/PANJON/,0,,,
Icds Ltd,ICDSLTD,82662,https://trendlyne.com/research-reports/stock/82662/ICDSLTD/,0,,,
Medico Intercontinental Ltd,INTERCONTINENTAL,82664,https://trendlyne.com/research-reports/stock/82664/INTERCONTINENTAL/,0,,,
Premium Capital Markets Investments Ltd,PREMCAPM,82667,https://trendlyne.com/research-reports/stock/82667/PREMCAPM/,0,,,
Bazel International Ltd,BAZEL,82672,https://trendlyne.com/research-reports/stock/82672/BAZEL/,0,,,
Leading Leasing Finance And Investment Company Ltd,LEADING,82673,https://trendlyne.com/research-reports/stock/82673/LEADING/,0,,,
Grand Foundry Ltd,GFSTEELS,82681,https://trendlyne.com/research-reports/stock/82681/GFSTEELS/,0,,,
Radix Industries India Ltd,RADIXIND,4729,https://trendlyne.com/research-reports/stock/4729/RADIXIND/,3236300000,Personal Products,FMCG,531412
Indus Aluminium Recyclers Ltd,CONTAINERWAY,82698,https://trendlyne.com/research-reports/stock/82698/CONTAINERWAY/,0,,,
Ambica Agarbathies Aroma Industries Ltd,AMBICAAGAR,82702,https://trendlyne.com/research-reports/stock/82702/AMBICAAGAR/,0,,,
Natura Hue Chem Ltd,NATURA,82703,https://trendlyne.com/research-reports/stock/82703/NATURA/,0,,,
Vanta Bioscience Ltd,VANTA,82707,https://trendlyne.com/research-reports/stock/82707/VANTA/,0,,,
Uvs Hospitality And Services Ltd,THIRDFIN,3654,https://trendlyne.com/research-reports/stock/3654/THIRDFIN/,3231400000,Finance (including NBFCs),Banking and Finance,531652
Onesource Industries And Ventures Ltd,530805,82741,https://trendlyne.com/research-reports/stock/82741/530805/,0,,,
Nilachal Refractories Ltd,NILACHAL,82743,https://trendlyne.com/research-reports/stock/82743/NILACHAL/,0,,,
Svaraj Trading Agencies Ltd,SVARAJ,82753,https://trendlyne.com/research-reports/stock/82753/SVARAJ/,0,,,
Bj Duplex Boards Ltd,BJ,82781,https://trendlyne.com/research-reports/stock/82781/BJ/,0,,,
Pressure Sensitive Systems India Ltd,PRESSURE,82785,https://trendlyne.com/research-reports/stock/82785/PRESSURE/,0,,,
Nikhil Adhesives Ltd,NIKHILAD,3104,https://trendlyne.com/research-reports/stock/3104/NIKHILAD/,3210500000,Specialty Chemicals,Chemicals & Petrochemicals,526159
Revati Media Ltd,REVATI,82800,https://trendlyne.com/research-reports/stock/82800/REVATI/,0,,,
Boston Bio Systems Ltd,BOSTON,82802,https://trendlyne.com/research-reports/stock/82802/BOSTON/,0,,,
Octaware Technologies Ltd,OCTAWARE,82804,https://trendlyne.com/research-reports/stock/82804/OCTAWARE/,0,,,
Olympic Management Financial Services Ltd,OLYMPIC,82819,https://trendlyne.com/research-reports/stock/82819/OLYMPIC/,0,,,
Ghv Infra Projects Ltd,SINDU,82821,https://trendlyne.com/research-reports/stock/82821/SINDU/,0,,,
Mapro Industries Ltd,MAPRO,82824,https://trendlyne.com/research-reports/stock/82824/MAPRO/,0,,,
Tpi India Ltd,TPINDIA,82838,https://trendlyne.com/research-reports/stock/82838/TPINDIA/,0,,,
Texel Industries Ltd,TEXEL,82865,https://trendlyne.com/research-reports/stock/82865/TEXEL/,0,,,
Hybrid Financial Services Ltd,HYBRIDFIN,82885,https://trendlyne.com/research-reports/stock/82885/HYBRIDFIN/,0,,,
Orient Tradelink Ltd,ORIENT,82889,https://trendlyne.com/research-reports/stock/82889/ORIENT/,0,,,
7Nr Retail Ltd,7NR,82913,https://trendlyne.com/research-reports/stock/82913/7NR/,0,,,
Dalmia Industrial Development Ltd,DALMIA,82916,https://trendlyne.com/research-reports/stock/82916/DALMIA/,0,,,
Shiva Mills Ltd,SHIVAMILLS,82918,https://trendlyne.com/research-reports/stock/82918/SHIVAMILLS/,0,,,
Saianand Commercial Ltd,SAIANAND,82933,https://trendlyne.com/research-reports/stock/82933/SAIANAND/,0,,,
Autoriders International Ltd,AUTORIDERS,82934,https://trendlyne.com/research-reports/stock/82934/AUTORIDERS/,0,,,
Dsj Keep Learning Ltd,KEEPLEARN,82936,https://trendlyne.com/research-reports/stock/82936/KEEPLEARN/,0,,,
Rpp Infra Projects Ltd,RPPINFRA,1150,https://trendlyne.com/research-reports/stock/1150/RPPINFRA/,3204700000,Construction & Engineering,Cement and Construction,533284
Dcm Shriram Industries Ltd,DCMSRIND,2940,https://trendlyne.com/research-reports/stock/2940/DCMSRIND/,3191700000,Sugar,"Food, Beverages & Tobacco",523369
Tirth Plastic Ltd,TIRTH,82952,https://trendlyne.com/research-reports/stock/82952/TIRTH/,0,,,
Mukat Pipes Ltd,MUKATPIPE,82955,https://trendlyne.com/research-reports/stock/82955/MUKATPIPE/,0,,,
Bedmutha Industries Ltd,BEDMUTHA,174,https://trendlyne.com/research-reports/stock/174/BEDMUTHA/,3169600000,Iron & Steel Products,Metals & Mining,533270
Sprayking Ltd,SPRAYKING,82966,https://trendlyne.com/research-reports/stock/82966/SPRAYKING/,0,,,
Remsons Industries Ltd,REMSONSIND,1130,https://trendlyne.com/research-reports/stock/1130/REMSONSIND/,3163900000,Auto Parts & Equipment,Automobiles & Auto Components,530919
Nicco Parks Resorts Ltd,NICCOPAR,3183,https://trendlyne.com/research-reports/stock/3183/NICCOPAR/,3158500000,Other Leisure Facilities,Diversified Consumer Services,526721
Diligent Media Corporation Ltd,DNAMEDIA,82988,https://trendlyne.com/research-reports/stock/82988/DNAMEDIA/,0,,,
Sanrhea Technical Textiles Ltd,SANRHEA,82991,https://trendlyne.com/research-reports/stock/82991/SANRHEA/,0,,,
Dev Accelerator Ltd,DEVX,3247270,https://trendlyne.com/research-reports/stock/3247270/DEVX/,3155700000,Special Consumer Services,Diversified Consumer Services,544513
Coral Newsprints Ltd,CORAL,83002,https://trendlyne.com/research-reports/stock/83002/CORAL/,0,,,
Ls Industries Ltd,LS,83018,https://trendlyne.com/research-reports/stock/83018/LS/,0,,,
K R Rail Engineering Ltd,AXIS,83020,https://trendlyne.com/research-reports/stock/83020/AXIS/,0,,,
Aspira Pathlab Diagnostics Ltd,ASPIRA,83029,https://trendlyne.com/research-reports/stock/83029/ASPIRA/,0,,,
Suditi Industries Ltd,SUDITIND,2849,https://trendlyne.com/research-reports/stock/2849/SUDITIND/,3153500000,Textiles,Textiles Apparels & Accessories,521113
Il Fs Engineering Construction Company Ltd,IL&FSENGG,600,https://trendlyne.com/research-reports/stock/600/IL&FSENGG/,3153500000,Construction & Engineering,Cement and Construction,532907
Jindal Leasefin Ltd,JINDAL,83051,https://trendlyne.com/research-reports/stock/83051/JINDAL/,0,,,
United Drilling Tools Ltd,UNIDT,2875,https://trendlyne.com/research-reports/stock/2875/UNIDT/,3150600000,Other Industrial Goods,General Industrials,522014
Cistro Telelink Ltd,CISTRO,83070,https://trendlyne.com/research-reports/stock/83070/CISTRO/,0,,,
Sanchay Finvest Ltd,SANCHAY,83081,https://trendlyne.com/research-reports/stock/83081/SANCHAY/,0,,,
Kanungo Financiers Ltd,KANUNGO,83083,https://trendlyne.com/research-reports/stock/83083/KANUNGO/,0,,,
Diggi Multitrade Ltd,DIGGI,83084,https://trendlyne.com/research-reports/stock/83084/DIGGI/,0,,,
Western Ministil Ltd,WESTERN,83087,https://trendlyne.com/research-reports/stock/83087/WESTERN/,0,,,
Shakti Press Ltd,SHAKTI,83099,https://trendlyne.com/research-reports/stock/83099/SHAKTI/,0,,,
Silverline Technologies Ltd,SILVERLINE,83102,https://trendlyne.com/research-reports/stock/83102/SILVERLINE/,0,,,
Ontic Finserve Ltd,ONTIC,83112,https://trendlyne.com/research-reports/stock/83112/ONTIC/,0,,,
Kumbhat Financial Services Ltd,KUMBHAT,83114,https://trendlyne.com/research-reports/stock/83114/KUMBHAT/,0,,,
Crystal Business System Ltd,SADHNA,83119,https://trendlyne.com/research-reports/stock/83119/SADHNA/,0,,,
Sizemasters Technology Ltd,MEWAT,83120,https://trendlyne.com/research-reports/stock/83120/MEWAT/,0,,,
Narmada Macplast Drip Irrigation Systems Ltd,517431,83130,https://trendlyne.com/research-reports/stock/83130/517431/,0,,,
Halder Venture Ltd,HALDER,4371,https://trendlyne.com/research-reports/stock/4371/HALDER/,3146800000,Other Food & Beverages,"Food, Beverages & Tobacco",539854
Omega Interactive Technologies Ltd,OMEGA,83152,https://trendlyne.com/research-reports/stock/83152/OMEGA/,0,,,
Arman Holdings Ltd,ARMAN,83156,https://trendlyne.com/research-reports/stock/83156/ARMAN/,0,,,
Medico Remedies Ltd,MEDICO,82387,https://trendlyne.com/research-reports/stock/82387/MEDICO/,3137600000,Pharmaceuticals,Pharmaceuticals & Biotechnology,540937
Khandelwal Extractions Ltd,519064,83277,https://trendlyne.com/research-reports/stock/83277/519064/,0,,,
Suraj Industries Ltd,526211,83278,https://trendlyne.com/research-reports/stock/83278/526211/,0,,,
Sharat Industries Ltd,SHARTSEFOD,83287,https://trendlyne.com/research-reports/stock/83287/SHARTSEFOD/,0,,,
The Indian Wood Products Company Ltd,540954,83289,https://trendlyne.com/research-reports/stock/83289/540954/,0,,,
Superior Industrial Enterprises Ltd,519234,83297,https://trendlyne.com/research-reports/stock/83297/519234/,0,,,
Shree Rajiv Lochan Oil Extraction Ltd,530295,83298,https://trendlyne.com/research-reports/stock/83298/530295/,0,,,
Angel Fibers Ltd,541006,83308,https://trendlyne.com/research-reports/stock/83308/541006/,0,,,
Aditya Consumer Marketing Ltd,540146,83310,https://trendlyne.com/research-reports/stock/83310/540146/,0,,,
Shri Gang Industries And Allied Products Ltd,523309,83312,https://trendlyne.com/research-reports/stock/83312/523309/,0,,,
G G Automotive Gears Ltd,531399,83313,https://trendlyne.com/research-reports/stock/83313/531399/,0,,,
Aruna Hotels Ltd,ARUNASUGAR,83315,https://trendlyne.com/research-reports/stock/83315/ARUNASUGAR/,0,,,
Equilateral Enterprises Ltd,531262,83318,https://trendlyne.com/research-reports/stock/83318/531262/,0,,,
Tanvi Foods India Ltd,540332,83320,https://trendlyne.com/research-reports/stock/83320/540332/,0,,,
Marg Techno Projects Ltd,540254,83324,https://trendlyne.com/research-reports/stock/83324/540254/,0,,,
Sri Chakra Cement Ltd,518053,83329,https://trendlyne.com/research-reports/stock/83329/518053/,0,,,
Gautam Exim Ltd,540613,83335,https://trendlyne.com/research-reports/stock/83335/540613/,0,,,
Associated Ceramics Ltd,531168,83336,https://trendlyne.com/research-reports/stock/83336/531168/,0,,,
Classic Filaments Ltd,540310,83345,https://trendlyne.com/research-reports/stock/83345/540310/,0,,,
United Van Der Horst Ltd,522091,83348,https://trendlyne.com/research-reports/stock/83348/522091/,0,,,
Indo Gulf Industries Ltd,506945,83359,https://trendlyne.com/research-reports/stock/83359/506945/,0,,,
Classic Leasing Finance Ltd,540481,83363,https://trendlyne.com/research-reports/stock/83363/540481/,0,,,
Shree Salasar Investment Ltd,503635,83364,https://trendlyne.com/research-reports/stock/83364/503635/,0,,,
Kashyap Tele Medicines Ltd,531960,83366,https://trendlyne.com/research-reports/stock/83366/531960/,0,,,
Gujarat Credit Corporation Ltd,511441,83369,https://trendlyne.com/research-reports/stock/83369/511441/,0,,,
Salem Erode Investments Ltd,540181,83377,https://trendlyne.com/research-reports/stock/83377/540181/,0,,,
Minal Industries Ltd,522235,83379,https://trendlyne.com/research-reports/stock/83379/522235/,0,,,
Bhaskar Agrochemicals Ltd,524534,83383,https://trendlyne.com/research-reports/stock/83383/524534/,0,,,
Vikalp Securities Ltd,531334,83385,https://trendlyne.com/research-reports/stock/83385/531334/,0,,,
Tilak Ventures Ltd,503663,83399,https://trendlyne.com/research-reports/stock/83399/503663/,0,,,
Golden Legand Leasing Finance Ltd,509024,83400,https://trendlyne.com/research-reports/stock/83400/509024/,0,,,
Mizzen Ventures Ltd,531537,83401,https://trendlyne.com/research-reports/stock/83401/531537/,0,,,
National Standard India Ltd,504882,83402,https://trendlyne.com/research-reports/stock/83402/504882/,0,,,
Modern Malleables Ltd,MODERNMAL,83421,https://trendlyne.com/research-reports/stock/83421/MODERNMAL/,0,,,
Ranjit Securities Ltd,531572,83423,https://trendlyne.com/research-reports/stock/83423/531572/,0,,,
Gautam Gems Ltd,540936,83429,https://trendlyne.com/research-reports/stock/83429/540936/,0,,,
Starlineps Enterprises Ltd,540492,83433,https://trendlyne.com/research-reports/stock/83433/540492/,0,,,
Dhatre Udyog Ltd,540080,83434,https://trendlyne.com/research-reports/stock/83434/540080/,0,,,
Shikhar Consultants Ltd,526883,83439,https://trendlyne.com/research-reports/stock/83439/526883/,0,,,
Modern Threads India Ltd,MODTHREAD,83444,https://trendlyne.com/research-reports/stock/83444/MODTHREAD/,0,,,
Gujarat Hy Spin Ltd,540938,83449,https://trendlyne.com/research-reports/stock/83449/540938/,0,,,
Ashoka Metcast Ltd,ASHOKAMET,83454,https://trendlyne.com/research-reports/stock/83454/ASHOKAMET/,0,,,
Eiko Lifesciences Ltd,540204,83462,https://trendlyne.com/research-reports/stock/83462/540204/,0,,,
Riddhi Corporate Services Ltd,540590,83463,https://trendlyne.com/research-reports/stock/83463/540590/,0,,,
Rose Merc Ltd,512115,83468,https://trendlyne.com/research-reports/stock/83468/512115/,0,,,
Shangar Decor Ltd,540259,83472,https://trendlyne.com/research-reports/stock/83472/540259/,0,,,
Yash Trading Finance Ltd,512345,83487,https://trendlyne.com/research-reports/stock/83487/512345/,0,,,
Ken Financial Services Ltd,530547,83490,https://trendlyne.com/research-reports/stock/83490/530547/,0,,,
Zodiac Ventures Ltd,503641,83491,https://trendlyne.com/research-reports/stock/83491/503641/,0,,,
Cupid Breweries Distilleries Ltd,512361,83502,https://trendlyne.com/research-reports/stock/83502/512361/,0,,,
Prime Fresh Ltd,540404,83508,https://trendlyne.com/research-reports/stock/83508/540404/,0,,,
Purple Entertainment Ltd,540159,83512,https://trendlyne.com/research-reports/stock/83512/540159/,0,,,
Bombay Wire Ropes Ltd,504648,83514,https://trendlyne.com/research-reports/stock/83514/504648/,0,,,
Bombay Talkies Ltd,511246,83521,https://trendlyne.com/research-reports/stock/83521/511246/,0,,,
Sharma East India Hospitals Medical Research Ltd,524548,83522,https://trendlyne.com/research-reports/stock/83522/524548/,0,,,
U P Hotels Ltd,509960,83523,https://trendlyne.com/research-reports/stock/83523/509960/,0,,,
Golden Crest Education Services Ltd,540062,83528,https://trendlyne.com/research-reports/stock/83528/540062/,0,,,
Shreeji Translogistics Ltd,540738,83531,https://trendlyne.com/research-reports/stock/83531/540738/,0,,,
Globe Multi Ventures Ltd,540266,83557,https://trendlyne.com/research-reports/stock/83557/540266/,0,,,
Triveni Enterprises Ltd,538569,83558,https://trendlyne.com/research-reports/stock/83558/538569/,0,,,
Bindal Exports Ltd,540148,83564,https://trendlyne.com/research-reports/stock/83564/540148/,0,,,
Kothari Industrial Corporation Ltd,KOTHARINDL,83566,https://trendlyne.com/research-reports/stock/83566/KOTHARINDL/,0,,,
Sri Havisha Hospitality And Infrastructure Ltd,HAVISHA,83567,https://trendlyne.com/research-reports/stock/83567/HAVISHA/,0,,,
Sanghvi Brands Ltd,540782,83569,https://trendlyne.com/research-reports/stock/83569/540782/,0,,,
Modern Insulators Ltd,MODINSULAT,83570,https://trendlyne.com/research-reports/stock/83570/MODINSULAT/,0,,,
Ikoma Technologies Ltd,531997,83580,https://trendlyne.com/research-reports/stock/83580/531997/,0,,,
Ncc Blue Water Products Ltd,519506,83581,https://trendlyne.com/research-reports/stock/83581/519506/,0,,,
Gujarat Inject Kerala Ltd,524238,83583,https://trendlyne.com/research-reports/stock/83583/524238/,0,,,
Innovative Tyres Tubes Ltd,ITTL,87718,https://trendlyne.com/research-reports/stock/87718/ITTL/,0,,,
Continental Seeds And Chemicals Ltd,CONTI,87719,https://trendlyne.com/research-reports/stock/87719/CONTI/,0,,,
Tracxn Technologies Ltd,TRACXN,758704,https://trendlyne.com/research-reports/stock/758704/TRACXN/,3131600000,IT Consulting & Software,Software & Services,543638
Neopolitan Pizza And Foods Ltd,NEO,87721,https://trendlyne.com/research-reports/stock/87721/NEO/,0,,,
Talbros Engineering Ltd,TALBROSENG,4152,https://trendlyne.com/research-reports/stock/4152/TALBROSENG/,3125100000,Auto Parts & Equipment,Automobiles & Auto Components,538987
Bombay Super Hybrid Seeds Ltd,BSHSL,87723,https://trendlyne.com/research-reports/stock/87723/BSHSL/,0,,,
Ice Make Refrigeration Ltd,ICEMAKE,87724,https://trendlyne.com/research-reports/stock/87724/ICEMAKE/,0,,,
Ahimsa Industries Ltd,AHIMSA,87726,https://trendlyne.com/research-reports/stock/87726/AHIMSA/,0,,,
Goyal Aluminiums Ltd,GOYALALUM,87727,https://trendlyne.com/research-reports/stock/87727/GOYALALUM/,0,,,
Artificial Electronics Intelligent Material Ltd,DATASOFT,3134,https://trendlyne.com/research-reports/stock/3134/DATASOFT/,3123900000,IT Consulting & Software,Software & Services,526443
Goldstar Power Ltd,GOLDSTAR,87729,https://trendlyne.com/research-reports/stock/87729/GOLDSTAR/,0,,,
Shree Ram Proteins Ltd,SRPL,87730,https://trendlyne.com/research-reports/stock/87730/SRPL/,0,,,
Airo Lam Ltd,AIROLAM,87731,https://trendlyne.com/research-reports/stock/87731/AIROLAM/,0,,,
Shanti Overseas India Ltd,SHANTI,87734,https://trendlyne.com/research-reports/stock/87734/SHANTI/,0,,,
Euro India Fresh Foods Ltd,EIFFL,87736,https://trendlyne.com/research-reports/stock/87736/EIFFL/,0,,,
Sanginita Chemicals Ltd,SANGINITA,87737,https://trendlyne.com/research-reports/stock/87737/SANGINITA/,0,,,
Dhanuka Realty Ltd,DRL,87738,https://trendlyne.com/research-reports/stock/87738/DRL/,0,,,
Vadivarhe Speciality Chemicals Ltd,VSCL,87739,https://trendlyne.com/research-reports/stock/87739/VSCL/,0,,,
Ginni Filaments Ltd,GINNIFILA,457,https://trendlyne.com/research-reports/stock/457/GINNIFILA/,3121100000,Textiles,Textiles Apparels & Accessories,590025
Mahickra Chemicals Ltd,MAHICKRA,87742,https://trendlyne.com/research-reports/stock/87742/MAHICKRA/,0,,,
Madhya Bharat Agro Products Ltd,MBAPL,87744,https://trendlyne.com/research-reports/stock/87744/MBAPL/,0,,,
Shree Tirupati Balajee Fibc Ltd,TIRUPATI,87746,https://trendlyne.com/research-reports/stock/87746/TIRUPATI/,0,,,
Hindcon Chemicals Ltd,HINDCON,87747,https://trendlyne.com/research-reports/stock/87747/HINDCON/,0,,,
Bharat Parenterals Ltd,541096,87748,https://trendlyne.com/research-reports/stock/87748/541096/,0,,,
Bemco Hydraulics Ltd,BEMHY,2907,https://trendlyne.com/research-reports/stock/2907/BEMHY/,3109500000,Other Industrial Goods,General Industrials,522650
Valiant Laboratories Ltd,VALIANTLAB,1710027,https://trendlyne.com/research-reports/stock/1710027/VALIANTLAB/,3106100000,Pharmaceuticals,Pharmaceuticals & Biotechnology,543998
Vaishali Pharma Ltd,VAISHALI,87752,https://trendlyne.com/research-reports/stock/87752/VAISHALI/,0,,,
Alcokraft Distilleries Ltd,ALCODIS,87753,https://trendlyne.com/research-reports/stock/87753/ALCODIS/,0,,,
Marvel Decor Ltd,MDL,87754,https://trendlyne.com/research-reports/stock/87754/MDL/,0,,,
Bohra Industries Ltd,BOHRAIND,87755,https://trendlyne.com/research-reports/stock/87755/BOHRAIND/,0,,,
One Point One Solutions Ltd,ONEPOINT,87756,https://trendlyne.com/research-reports/stock/87756/ONEPOINT/,0,,,
G Tec Jainx Education Ltd,GTECJAINX,87757,https://trendlyne.com/research-reports/stock/87757/GTECJAINX/,0,,,
Zota Healthcare Ltd,ZOTA,87758,https://trendlyne.com/research-reports/stock/87758/ZOTA/,0,,,
Shradha Infraprojects Ltd,SHRADHA,87759,https://trendlyne.com/research-reports/stock/87759/SHRADHA/,0,,,
Smvd Poly Pack Ltd,SMVD,87760,https://trendlyne.com/research-reports/stock/87760/SMVD/,0,,,
Lexus Granito India Ltd,LEXUS,87761,https://trendlyne.com/research-reports/stock/87761/LEXUS/,0,,,
Inflame Appliances Ltd,541083,87763,https://trendlyne.com/research-reports/stock/87763/541083/,0,,,
Rkec Projects Ltd,RKEC,87765,https://trendlyne.com/research-reports/stock/87765/RKEC/,0,,,
Medicamen Biotech Ltd,MEDICAMEQ,3473,https://trendlyne.com/research-reports/stock/3473/MEDICAMEQ/,3105900000,Pharmaceuticals,Pharmaceuticals & Biotechnology,531146
Tmt India Ltd,TMTINDIA,87767,https://trendlyne.com/research-reports/stock/87767/TMTINDIA/,0,,,
Emkay Taps And Cutting Tools Ltd,EMKAYTOOLS,87768,https://trendlyne.com/research-reports/stock/87768/EMKAYTOOLS/,0,,,
Univastu India Ltd,UNIVASTU,87769,https://trendlyne.com/research-reports/stock/87769/UNIVASTU/,0,,,
Thejo Engineering Ltd,THEJO,87770,https://trendlyne.com/research-reports/stock/87770/THEJO/,0,,,
Asl Industries Ltd,ASLIND,87771,https://trendlyne.com/research-reports/stock/87771/ASLIND/,0,,,
Giriraj Civil Developers Ltd,GIRIRAJ,87772,https://trendlyne.com/research-reports/stock/87772/GIRIRAJ/,0,,,
Manav Infra Projects Ltd,MANAV,87774,https://trendlyne.com/research-reports/stock/87774/MANAV/,0,,,
Panache Digilife Ltd,PANACHE,87776,https://trendlyne.com/research-reports/stock/87776/PANACHE/,0,,,
Pulz Electronics Ltd,PULZ,87777,https://trendlyne.com/research-reports/stock/87777/PULZ/,0,,,
Servotech Renewable Power System Ltd,SERVOTECH,87778,https://trendlyne.com/research-reports/stock/87778/SERVOTECH/,0,,,
Krishana Phoschem Ltd,KRISHANA,87779,https://trendlyne.com/research-reports/stock/87779/KRISHANA/,0,,,
Gvp Infotech Ltd,GVPTECH,87780,https://trendlyne.com/research-reports/stock/87780/GVPTECH/,0,,,
Macpower Cnc Machines Ltd,MACPOWER,87782,https://trendlyne.com/research-reports/stock/87782/MACPOWER/,0,,,
Sikko Industries Ltd,SIKKO,87783,https://trendlyne.com/research-reports/stock/87783/SIKKO/,0,,,
Solex Energy Ltd,SOLEX,87785,https://trendlyne.com/research-reports/stock/87785/SOLEX/,0,,,
Danlaw Technologies India Ltd,DANLAW,3815,https://trendlyne.com/research-reports/stock/3815/DANLAW/,3095800000,IT Consulting & Software,Software & Services,532329
Uday Jewellery Industries Ltd,UDAYJEW,4296,https://trendlyne.com/research-reports/stock/4296/UDAYJEW/,3090900000,Gems & Jewellery,Textiles Apparels & Accessories,539518
Pansari Developers Ltd,PANSARI,87788,https://trendlyne.com/research-reports/stock/87788/PANSARI/,0,,,
Manaksia Ltd,MANAKSIA,825,https://trendlyne.com/research-reports/stock/825/MANAKSIA/,3084000000,Iron & Steel Products,Metals & Mining,532932
Nitiraj Engineers Ltd,NITIRAJ,87790,https://trendlyne.com/research-reports/stock/87790/NITIRAJ/,0,,,
Spacenet Enterprises India Ltd,SPCENET,87791,https://trendlyne.com/research-reports/stock/87791/SPCENET/,0,,,
Aarti Surfactants Ltd,AARTISURF,244418,https://trendlyne.com/research-reports/stock/244418/AARTISURF/,3079100000,Specialty Chemicals,Chemicals & Petrochemicals,543210
Atlantaa Ltd,ATLANTAA,126,https://trendlyne.com/research-reports/stock/126/ATLANTAA/,3076600000,Construction & Engineering,Cement and Construction,532759
Ace Integrated Solutions Ltd,ACEINTEG,87794,https://trendlyne.com/research-reports/stock/87794/ACEINTEG/,0,,,
Shreeshay Engineers Ltd,541112,87795,https://trendlyne.com/research-reports/stock/87795/541112/,0,,,
We Win Ltd,WEWIN,87796,https://trendlyne.com/research-reports/stock/87796/WEWIN/,0,,,
Felix Industries Ltd,FELIX,87797,https://trendlyne.com/research-reports/stock/87797/FELIX/,0,,,
Tsf Investments Ltd,TSFINV,87798,https://trendlyne.com/research-reports/stock/87798/TSFINV/,0,,,
3I Infotech Ltd,3IINFOLTD,9,https://trendlyne.com/research-reports/stock/9/3IINFOLTD/,3075700000,IT Consulting & Software,Software & Services,532628
Benara Bearings Pistons Ltd,541178,87801,https://trendlyne.com/research-reports/stock/87801/541178/,0,,,
Taylormade Renewables Ltd,541228,87802,https://trendlyne.com/research-reports/stock/87802/541228/,0,,,
Art Nirman Ltd,ARTNIRMAN,87803,https://trendlyne.com/research-reports/stock/87803/ARTNIRMAN/,0,,,
Tirupati Forge Ltd,TIRUPATIFL,87804,https://trendlyne.com/research-reports/stock/87804/TIRUPATIFL/,0,,,
Accord Synergy Ltd,ACCORD,87806,https://trendlyne.com/research-reports/stock/87806/ACCORD/,0,,,
Gretex Industries Ltd,GRETEX,87807,https://trendlyne.com/research-reports/stock/87807/GRETEX/,0,,,
Prolife Industries Ltd,PROLIFE,87808,https://trendlyne.com/research-reports/stock/87808/PROLIFE/,0,,,
Active Clothing Co Ltd,541144,87809,https://trendlyne.com/research-reports/stock/87809/541144/,0,,,
Madhav Copper Ltd,MCL,87810,https://trendlyne.com/research-reports/stock/87810/MCL/,0,,,
Transwind Infrastructures Ltd,TRANSWIND,87811,https://trendlyne.com/research-reports/stock/87811/TRANSWIND/,0,,,
Coastal Corporation Ltd,COASTCORP,2111,https://trendlyne.com/research-reports/stock/2111/COASTCORP/,3070930817,,,
Cadsys India Ltd,CADSYS,87813,https://trendlyne.com/research-reports/stock/87813/CADSYS/,0,,,
Libas Consumer Products Ltd,LIBAS,87814,https://trendlyne.com/research-reports/stock/87814/LIBAS/,0,,,
Riddhi Siddhi Gluco Biols Ltd,RIDDHI,3029,https://trendlyne.com/research-reports/stock/3029/RIDDHI/,3067600000,Commodity Trading  & Distribution,Commercial Services & Supplies,524480
Mohini Health Hygiene Ltd,MHHL,87817,https://trendlyne.com/research-reports/stock/87817/MHHL/,0,,,
Ruchira Papers Ltd,RUCHIRA,1156,https://trendlyne.com/research-reports/stock/1156/RUCHIRA/,3066900000,Paper & Paper Products,Commercial Services & Supplies,532785
Avonmore Capital Management Services Ltd,AVONMORE,2469,https://trendlyne.com/research-reports/stock/2469/AVONMORE/,3064526190,,,
Sanco Industries Ltd,SANCO,87822,https://trendlyne.com/research-reports/stock/87822/SANCO/,0,,,
Kriti Nutrients Ltd,KRITINUT,3903,https://trendlyne.com/research-reports/stock/3903/KRITINUT/,3059300000,Edible Oils,FMCG,533210
Sagardeep Alloys Ltd,SAGARDEEP,87824,https://trendlyne.com/research-reports/stock/87824/SAGARDEEP/,0,,,
Uniinfo Telecom Services Ltd,UNIINFO,87825,https://trendlyne.com/research-reports/stock/87825/UNIINFO/,0,,,
Milton Industries Ltd,MILTON,87826,https://trendlyne.com/research-reports/stock/87826/MILTON/,0,,,
Mask Investments Ltd,MASKINVEST,87829,https://trendlyne.com/research-reports/stock/87829/MASKINVEST/,0,,,
Kkv Agro Powers Ltd,KKVAPOW,87830,https://trendlyne.com/research-reports/stock/87830/KKVAPOW/,0,,,
Hec Infra Projects Ltd,HECPROJECT,87831,https://trendlyne.com/research-reports/stock/87831/HECPROJECT/,0,,,
Khemani Distributors Marketing Ltd,KDML,4356,https://trendlyne.com/research-reports/stock/4356/KDML/,3042900000,Distributors,Commercial Services & Supplies,539788
Aakash Exploration Services Ltd,AAKASH,87833,https://trendlyne.com/research-reports/stock/87833/AAKASH/,0,,,
Moksh Ornaments Ltd,MOKSH,87834,https://trendlyne.com/research-reports/stock/87834/MOKSH/,0,,,
Banka Bioloo Ltd,BANKA,87835,https://trendlyne.com/research-reports/stock/87835/BANKA/,0,,,
Frog Innovations Ltd,FROG,87836,https://trendlyne.com/research-reports/stock/87836/FROG/,0,,,
Geekay Wires Ltd,GEEKAYWIRE,87837,https://trendlyne.com/research-reports/stock/87837/GEEKAYWIRE/,0,,,
Muthoot Capital Services Ltd,MUTHOOTCAP,1763,https://trendlyne.com/research-reports/stock/1763/MUTHOOTCAP/,3031938357,,,
United Polyfab Gujarat Ltd,UNITEDPOLY,87839,https://trendlyne.com/research-reports/stock/87839/UNITEDPOLY/,0,,,
Jet Knitwears Ltd,JETKNIT,87840,https://trendlyne.com/research-reports/stock/87840/JETKNIT/,0,,,
Avsl Industries Ltd,AVSL,87841,https://trendlyne.com/research-reports/stock/87841/AVSL/,0,,,
Sru Steels Ltd,540914,87843,https://trendlyne.com/research-reports/stock/87843/540914/,0,,,
Niraj Ispat Industries Ltd,NIRAJISPAT,87844,https://trendlyne.com/research-reports/stock/87844/NIRAJISPAT/,0,,,
Kapston Services Ltd,KAPSTON,87846,https://trendlyne.com/research-reports/stock/87846/KAPSTON/,0,,,
Tara Chand Infralogistic Solutions Ltd,TARACHAND,87849,https://trendlyne.com/research-reports/stock/87849/TARACHAND/,0,,,
Sakar Healthcare Ltd,SAKAR,87850,https://trendlyne.com/research-reports/stock/87850/SAKAR/,0,,,
Crown Lifters Ltd,CROWN,87851,https://trendlyne.com/research-reports/stock/87851/CROWN/,0,,,
Ani Integrated Services Ltd,AISL,87852,https://trendlyne.com/research-reports/stock/87852/AISL/,0,,,
Mittal Life Style Ltd,MITTAL,87854,https://trendlyne.com/research-reports/stock/87854/MITTAL/,0,,,
Touchwood Entertainment Ltd,TOUCHWOOD,87855,https://trendlyne.com/research-reports/stock/87855/TOUCHWOOD/,0,,,
Atal Realtech Ltd,ATALREAL,307946,https://trendlyne.com/research-reports/stock/307946/ATALREAL/,3023100000,Realty,Realty,543911
Megastar Foods Ltd,MEGASTAR,94292,https://trendlyne.com/research-reports/stock/94292/MEGASTAR/,2983800000,Other Food & Beverages,"Food, Beverages & Tobacco",541352
Arvee Laboratories India Ltd,ARVEE,87858,https://trendlyne.com/research-reports/stock/87858/ARVEE/,0,,,
Maheshwari Logistics Ltd,MAHESHWARI,87859,https://trendlyne.com/research-reports/stock/87859/MAHESHWARI/,0,,,
Robust Hotels Ltd,RHL,1441642,https://trendlyne.com/research-reports/stock/1441642/RHL/,2983500000,Hotels,Hotels Restaurants & Tourism,543901
Omfurn India Ltd,OMFURN,87863,https://trendlyne.com/research-reports/stock/87863/OMFURN/,0,,,
Mitcon Consultancy Engineering Services Ltd,MITCON,87864,https://trendlyne.com/research-reports/stock/87864/MITCON/,0,,,
Jalan Transolutions India Ltd,JALAN,87866,https://trendlyne.com/research-reports/stock/87866/JALAN/,0,,,
Vertoz Ltd,VERTOZ,87868,https://trendlyne.com/research-reports/stock/87868/VERTOZ/,0,,,
Mmp Industries Ltd,MMP,87870,https://trendlyne.com/research-reports/stock/87870/MMP/,0,,,
Jet Freight Logistics Ltd,JETFREIGHT,87871,https://trendlyne.com/research-reports/stock/87871/JETFREIGHT/,0,,,
A And M Jumbo Bags Ltd,AMJUMBO,87872,https://trendlyne.com/research-reports/stock/87872/AMJUMBO/,0,,,
Shrenik Ltd,SHRENIK,87873,https://trendlyne.com/research-reports/stock/87873/SHRENIK/,0,,,
Fluidomat Ltd,FLUIDOM,2877,https://trendlyne.com/research-reports/stock/2877/FLUIDOM/,2982100000,Other Electrical Equipment/Products,Consumer Durables,522017
Ajooni Biotech Ltd,AJOONI,87875,https://trendlyne.com/research-reports/stock/87875/AJOONI/,0,,,
Globe International Carriers Ltd,GICL,87878,https://trendlyne.com/research-reports/stock/87878/GICL/,0,,,
Silly Monks Entertainment Ltd,SILLYMONKS,87880,https://trendlyne.com/research-reports/stock/87880/SILLYMONKS/,0,,,
Industrial Investment Trust Ltd,IITL,599,https://trendlyne.com/research-reports/stock/599/IITL/,2977629398,,,
Aarvi Encon Ltd,AARVI,87882,https://trendlyne.com/research-reports/stock/87882/AARVI/,0,,,
The Western India Plywood Ltd,WIPL,87884,https://trendlyne.com/research-reports/stock/87884/WIPL/,0,,,
Kings Infra Ventures Ltd,KINGSINFR,3285,https://trendlyne.com/research-reports/stock/3285/KINGSINFR/,2972500000,Other Food & Beverages,"Food, Beverages & Tobacco",530215
Total Transport Systems Ltd,TOTAL,87886,https://trendlyne.com/research-reports/stock/87886/TOTAL/,0,,,
Balgopal Commercial Ltd,BALGOPAL,4362,https://trendlyne.com/research-reports/stock/4362/BALGOPAL/,2956100000,Commodity Trading  & Distribution,Commercial Services & Supplies,539834
Kisan Mouldings Ltd,KISAN,3267,https://trendlyne.com/research-reports/stock/3267/KISAN/,2950700000,Plastic Products,General Industrials,530145
Omansh Enterprises Ltd,OMANSH,61511,https://trendlyne.com/research-reports/stock/61511/OMANSH/,2936800000,Commodity Trading  & Distribution,Commercial Services & Supplies,538537
Inspirisys Solutions Ltd,INSPIRISYS,36,https://trendlyne.com/research-reports/stock/36/INSPIRISYS/,2934000000,IT Consulting & Software,Software & Services,532774
Transworld Shipping Lines Ltd,TRANSWORLD,1230,https://trendlyne.com/research-reports/stock/1230/TRANSWORLD/,2914600000,Shipping,Transportation,520151
Hp Adhesives Ltd,HPAL,752901,https://trendlyne.com/research-reports/stock/752901/HPAL/,2890400000,Specialty Chemicals,Chemicals & Petrochemicals,543433
Mahindra Epc Irrigation Ltd,MAHEPC,2974,https://trendlyne.com/research-reports/stock/2974/MAHEPC/,2877000000,Plastic Products,General Industrials,523754
Parvati Sweetners And Power Ltd,541347,94295,https://trendlyne.com/research-reports/stock/94295/541347/,0,,,
Shankar Lal Rampal Dye Chem Ltd,SRD,120413,https://trendlyne.com/research-reports/stock/120413/SRD/,2849700000,Commodity Trading  & Distribution,Commercial Services & Supplies,542232
Exxaro Tiles Ltd,EXXARO,617472,https://trendlyne.com/research-reports/stock/617472/EXXARO/,2841100000,Ceramics,Consumer Durables,543327
Modi Rubber Ltd,MODIRUBBER,2091,https://trendlyne.com/research-reports/stock/2091/MODIRUBBER/,2839559850,,,
Dhruv Consultancy Services Ltd,DHRUV,94302,https://trendlyne.com/research-reports/stock/94302/DHRUV/,0,,,
Unifinz Capital India Ltd,541358,94304,https://trendlyne.com/research-reports/stock/94304/541358/,0,,,
Palm Jewels Ltd,541444,94305,https://trendlyne.com/research-reports/stock/94305/541444/,0,,,
Gayatri Highways Ltd,GAYAHWS,94306,https://trendlyne.com/research-reports/stock/94306/GAYAHWS/,0,,,
U H Zaveri Ltd,541338,94308,https://trendlyne.com/research-reports/stock/94308/541338/,0,,,
Waa Solar Ltd,541445,94309,https://trendlyne.com/research-reports/stock/94309/541445/,0,,,
Akshar Spintex Ltd,AKSHAR,94311,https://trendlyne.com/research-reports/stock/94311/AKSHAR/,0,,,
Innovators Facade Systems Ltd,541353,94312,https://trendlyne.com/research-reports/stock/94312/541353/,0,,,
Career Point Edutech Ltd,CPEDU,3247192,https://trendlyne.com/research-reports/stock/3247192/CPEDU/,2837400000,Education,Diversified Consumer Services,544499
Debock Industries Ltd,DIL,94316,https://trendlyne.com/research-reports/stock/94316/DIL/,0,,,
Nakoda Group Of Industries Ltd,NGIL,97101,https://trendlyne.com/research-reports/stock/97101/NGIL/,0,,,
Milestone Furniture Ltd,541337,97104,https://trendlyne.com/research-reports/stock/97104/541337/,0,,,
Rdb Rasayans Ltd,RDBRL,3915,https://trendlyne.com/research-reports/stock/3915/RDBRL/,2834400000,Containers & Packaging,Commercial Services & Supplies,533608
Kcd Industries India Ltd,17037,97112,https://trendlyne.com/research-reports/stock/97112/17037/,0,,,
Dr Lalchandani Labs Ltd,541299,97118,https://trendlyne.com/research-reports/stock/97118/541299/,0,,,
Deepak Builders Engineers India Ltd,DBEIL,2725569,https://trendlyne.com/research-reports/stock/2725569/DBEIL/,2816300000,Construction & Engineering,Cement and Construction,544276
Shreeoswal Seeds And Chemicals Ltd,OSWALSEEDS,97140,https://trendlyne.com/research-reports/stock/97140/OSWALSEEDS/,0,,,
Priti International Ltd,PRITI,97141,https://trendlyne.com/research-reports/stock/97141/PRITI/,0,,,
Kanoria Chemicals Industries Ltd,KANORICHEM,717,https://trendlyne.com/research-reports/stock/717/KANORICHEM/,2809044419,,,
Sonam Ltd,SONAMLTD,97143,https://trendlyne.com/research-reports/stock/97143/SONAMLTD/,0,,,
Latteys Industries Ltd,LATTEYS,97145,https://trendlyne.com/research-reports/stock/97145/LATTEYS/,0,,,
Auri Grow India Ltd,AURIGROW,97146,https://trendlyne.com/research-reports/stock/97146/AURIGROW/,0,,,
E2E Networks Ltd,E2E,97147,https://trendlyne.com/research-reports/stock/97147/E2E/,0,,,
Suumaya Industries Ltd,SUULD,97148,https://trendlyne.com/research-reports/stock/97148/SUULD/,0,,,
Shree Vasu Logistics Ltd,SVLL,97149,https://trendlyne.com/research-reports/stock/97149/SVLL/,0,,,
Accuracy Shipping Ltd,ACCURACY,97150,https://trendlyne.com/research-reports/stock/97150/ACCURACY/,0,,,
Goa Carbon Ltd,GOACARBON,474,https://trendlyne.com/research-reports/stock/474/GOACARBON/,2800270648,,,
Brand Concepts Ltd,BCONCEPTS,87751,https://trendlyne.com/research-reports/stock/87751/BCONCEPTS/,2794400000,Specialty Retail,Retailing,543442
Focus Lighting And Fixtures Ltd,FOCUS,97163,https://trendlyne.com/research-reports/stock/97163/FOCUS/,0,,,
A2Z Infra Engineering Ltd,A2ZINFRA,12,https://trendlyne.com/research-reports/stock/12/A2ZINFRA/,2793300000,Construction & Engineering,Cement and Construction,533292
Globe Enterprises India Ltd,GLOBE,97166,https://trendlyne.com/research-reports/stock/97166/GLOBE/,0,,,
Global Education Ltd,GLOBAL,97167,https://trendlyne.com/research-reports/stock/97167/GLOBAL/,0,,,
Rajnish Wellness Ltd,541601,98469,https://trendlyne.com/research-reports/stock/98469/541601/,0,,,
Ganga Forging Ltd,GANGAFORGE,98471,https://trendlyne.com/research-reports/stock/98471/GANGAFORGE/,0,,,
Rudrabhishek Enterprises Ltd,REPL,98472,https://trendlyne.com/research-reports/stock/98472/REPL/,0,,,
Unick Fix A Form Printers Ltd,541503,98474,https://trendlyne.com/research-reports/stock/98474/541503/,0,,,
Raw Edge Industrial Solutions Ltd,541634,98587,https://trendlyne.com/research-reports/stock/98587/541634/,0,,,
Ambani Orgochem Ltd,AMBANIORGO,98705,https://trendlyne.com/research-reports/stock/98705/AMBANIORGO/,0,,,
Shankara Building Products Ltd,SHANKARA,53325,https://trendlyne.com/research-reports/stock/53325/SHANKARA/,2793300000,Iron & Steel Products,Metals & Mining,540425
Dj Mediaprint Logistics Ltd,DJML,193288,https://trendlyne.com/research-reports/stock/193288/DJML/,2780500000,Warehousing & Logistics,Transportation,543193
Ashnisha Industries Ltd,541702,100680,https://trendlyne.com/research-reports/stock/100680/541702/,0,,,
Ushanti Colour Chem Ltd,UCL,100681,https://trendlyne.com/research-reports/stock/100681/UCL/,0,,,
Raconteur Global Resources Ltd,541703,100682,https://trendlyne.com/research-reports/stock/100682/541703/,0,,,
Supershakti Metaliks Ltd,541701,100683,https://trendlyne.com/research-reports/stock/100683/541701/,0,,,
Fratelli Vineyards Ltd,541741,103643,https://trendlyne.com/research-reports/stock/103643/541741/,0,,,
Deep Polymers Ltd,541778,103644,https://trendlyne.com/research-reports/stock/103644/541778/,0,,,
Vivanta Industries Ltd,541735,103645,https://trendlyne.com/research-reports/stock/103645/541735/,0,,,
Tembo Global Industries Ltd,TEMBO,103646,https://trendlyne.com/research-reports/stock/103646/TEMBO/,0,,,
Amin Tannery Ltd,541771,103648,https://trendlyne.com/research-reports/stock/103648/541771/,0,,,
Corporate Merchant Bankers Ltd,CMBL,61519,https://trendlyne.com/research-reports/stock/61519/CMBL/,2766300000,Other Financial Services,Banking and Finance,540199
Cineline India Ltd,CINELINE,266,https://trendlyne.com/research-reports/stock/266/CINELINE/,2763900000,Movies & Entertainment,Media,532807
Dangee Dums Ltd,DANGEE,107252,https://trendlyne.com/research-reports/stock/107252/DANGEE/,0,,,
Sumit Woods Ltd,SUMIT,107254,https://trendlyne.com/research-reports/stock/107254/SUMIT/,0,,,
Supreme Engineering Ltd,SUPREMEENG,107255,https://trendlyne.com/research-reports/stock/107255/SUPREMEENG/,0,,,
Aaron Industries Ltd,AARON,107257,https://trendlyne.com/research-reports/stock/107257/AARON/,0,,,
Marshall Machines Ltd,MARSHALL,107258,https://trendlyne.com/research-reports/stock/107258/MARSHALL/,0,,,
Add Shop E Retail Ltd,541865,107259,https://trendlyne.com/research-reports/stock/107259/541865/,0,,,
Space Incubatrics Technologies Ltd,541890,107795,https://trendlyne.com/research-reports/stock/107795/541890/,0,,,
Lagnam Spintex Ltd,LAGNAM,107796,https://trendlyne.com/research-reports/stock/107796/LAGNAM/,0,,,
Candour Techtex Ltd,CHANDNI,2904,https://trendlyne.com/research-reports/stock/2904/CHANDNI/,2747900000,Industrial Machinery,General Industrials,522292
Rajshree Polypack Ltd,RPPL,108502,https://trendlyne.com/research-reports/stock/108502/RPPL/,0,,,
Ranjeet Mechatronics Ltd,541945,108994,https://trendlyne.com/research-reports/stock/108994/541945/,0,,,
Akg Exim Ltd,AKG,108995,https://trendlyne.com/research-reports/stock/108995/AKG/,0,,,
Genus Paper Boards Ltd,GENUSPAPER,1564,https://trendlyne.com/research-reports/stock/1564/GENUSPAPER/,2738400000,Paper & Paper Products,Commercial Services & Supplies,538961
Ahlada Engineers Ltd,AHLADA,109298,https://trendlyne.com/research-reports/stock/109298/AHLADA/,0,,,
Kcp Sugar Industries Corporation Ltd,KCPSUGIND,726,https://trendlyne.com/research-reports/stock/726/KCPSUGIND/,2728000000,Sugar,"Food, Beverages & Tobacco",533192
Agribio Spirits Ltd,BNL,4309,https://trendlyne.com/research-reports/stock/4309/BNL/,2723900000,Commodity Trading  & Distribution,Commercial Services & Supplies,539546
Tiger Logistics India Ltd,TIGERLOGS,3980,https://trendlyne.com/research-reports/stock/3980/TIGERLOGS/,2721400000,Warehousing & Logistics,Transportation,536264
Mac Hotels Ltd,541973,110311,https://trendlyne.com/research-reports/stock/110311/541973/,0,,,
Innovative Ideals And Services India Ltd,541983,110437,https://trendlyne.com/research-reports/stock/110437/541983/,0,,,
Rajnandini Metal Ltd,RAJMET,110557,https://trendlyne.com/research-reports/stock/110557/RAJMET/,0,,,
Kshitij Polyline Ltd,KSHITIJPOL,110947,https://trendlyne.com/research-reports/stock/110947/KSHITIJPOL/,0,,,
Parin Enterprises Ltd,PARIN,110949,https://trendlyne.com/research-reports/stock/110949/PARIN/,0,,,
Dolfin Rubbers Ltd,542013,110950,https://trendlyne.com/research-reports/stock/110950/542013/,0,,,
A 1 Ltd,542012,111083,https://trendlyne.com/research-reports/stock/111083/542012/,0,,,
Kritika Wires Ltd,KRITIKA,111085,https://trendlyne.com/research-reports/stock/111085/KRITIKA/,0,,,
Silgo Retail Ltd,SILGO,111086,https://trendlyne.com/research-reports/stock/111086/SILGO/,0,,,
Marine Electricals India Ltd,MARINE,111258,https://trendlyne.com/research-reports/stock/111258/MARINE/,0,,,
Vinny Overseas Ltd,VINNY,111260,https://trendlyne.com/research-reports/stock/111260/VINNY/,0,,,
Shubham Polyspin Ltd,542019,111410,https://trendlyne.com/research-reports/stock/111410/542019/,0,,,
Aki India Ltd,AKI,111411,https://trendlyne.com/research-reports/stock/111411/AKI/,0,,,
Bhatia Communications Retail India Ltd,BHATIA,82171,https://trendlyne.com/research-reports/stock/82171/BHATIA/,2711100000,Specialty Retail,Retailing,540956
Sun Retail Ltd,542025,111811,https://trendlyne.com/research-reports/stock/111811/542025/,0,,,
S M Gold Ltd,542034,112070,https://trendlyne.com/research-reports/stock/112070/542034/,0,,,
Vivid Mercantile Ltd,542046,112314,https://trendlyne.com/research-reports/stock/112314/542046/,0,,,
Ultra Wiring Connectivity Systems Ltd,UWCSL,113088,https://trendlyne.com/research-reports/stock/113088/UWCSL/,0,,,
Bcpl Railway Infrastructure Ltd,542057,113089,https://trendlyne.com/research-reports/stock/113089/542057/,0,,,
Iris Clothings Ltd,IRISDOREME,113090,https://trendlyne.com/research-reports/stock/113090/IRISDOREME/,0,,,
Spencers Retail Ltd,SPENCERS,125678,https://trendlyne.com/research-reports/stock/125678/SPENCERS/,2708500000,Department Stores,Retailing,542337
The Phosphate Company Ltd,542123,116515,https://trendlyne.com/research-reports/stock/116515/542123/,0,,,
Roni Households Ltd,542145,117680,https://trendlyne.com/research-reports/stock/117680/542145/,0,,,
Shree Krishna Infrastructure Ltd,542146,117681,https://trendlyne.com/research-reports/stock/117681/542146/,0,,,
Shubhlaxmi Jewel Art Ltd,SHUBHLAXMI,118203,https://trendlyne.com/research-reports/stock/118203/SHUBHLAXMI/,0,,,
Sv Global Mill Ltd,SVGLOBAL,3965,https://trendlyne.com/research-reports/stock/3965/SVGLOBAL/,2701600000,Realty,Realty,535621
Diksha Greens Ltd,542155,118444,https://trendlyne.com/research-reports/stock/118444/542155/,0,,,
Drs Dilip Roadlines Ltd,DRSDILIP,118812,https://trendlyne.com/research-reports/stock/118812/DRSDILIP/,0,,,
Aryan Shares Stock Brokers Ltd,542176,119247,https://trendlyne.com/research-reports/stock/119247/542176/,0,,,
Ppap Automotive Ltd,PPAP,1058,https://trendlyne.com/research-reports/stock/1058/PPAP/,2698300000,Auto Parts & Equipment,Automobiles & Auto Components,532934
Nila Infrastructures Ltd,NILAINFRA,1727,https://trendlyne.com/research-reports/stock/1727/NILAINFRA/,2698100000,Realty,Realty,530377
Gayatri Projects Ltd,GAYAPROJ,443,https://trendlyne.com/research-reports/stock/443/GAYAPROJ/,2695700000,Construction & Engineering,Cement and Construction,532767
Menon Pistons Ltd,MENNPIS,3680,https://trendlyne.com/research-reports/stock/3680/MENNPIS/,2687200000,Auto Parts & Equipment,Automobiles & Auto Components,531727
Deccan Health Care Ltd,542248,121890,https://trendlyne.com/research-reports/stock/121890/542248/,0,,,
Nivaka Fashions Ltd,542206,122758,https://trendlyne.com/research-reports/stock/122758/542206/,0,,,
Dynemic Products Ltd,DYNPRO,3863,https://trendlyne.com/research-reports/stock/3863/DYNPRO/,2680700000,Specialty Chemicals,Chemicals & Petrochemicals,532707
Vashu Bhagnani Industries Ltd,POOJAENT,3764,https://trendlyne.com/research-reports/stock/3764/POOJAENT/,2676000000,Movies & Entertainment,Media,532011
Parmeshwari Silk Mills Ltd,540467,125100,https://trendlyne.com/research-reports/stock/125100/540467/,0,,,
Nath Bio Genes India Ltd,NATHBIOGEN,909,https://trendlyne.com/research-reports/stock/909/NATHBIOGEN/,2675200000,Other Agricultural Products,"Food, Beverages & Tobacco",537291
Kesoram Industries Ltd,KESORAMIND,733,https://trendlyne.com/research-reports/stock/733/KESORAMIND/,2662387497,,,
Bijoy Hans Ltd,BIJHANS,4460,https://trendlyne.com/research-reports/stock/4460/BIJHANS/,2652200000,Commodity Trading  & Distribution,Commercial Services & Supplies,524723
Emami Realty Ltd,EMAMIREAL,373,https://trendlyne.com/research-reports/stock/373/EMAMIREAL/,2649800000,Realty,Realty,533218
Spa Capital Services Ltd,542376,127119,https://trendlyne.com/research-reports/stock/127119/542376/,0,,,
Aar Shyam India Investment Company Ltd,542377,127120,https://trendlyne.com/research-reports/stock/127120/542377/,0,,,
Hi Klass Trading Investment Ltd,542332,127121,https://trendlyne.com/research-reports/stock/127121/542332/,0,,,
Surani Steel Tubes Ltd,SURANI,127122,https://trendlyne.com/research-reports/stock/127122/SURANI/,0,,,
Softsol India Ltd,SOFTSOL,3822,https://trendlyne.com/research-reports/stock/3822/SOFTSOL/,2647100000,IT Consulting & Software,Software & Services,532344
Bafna Pharmaceuticals Ltd,BAFNAPH,142,https://trendlyne.com/research-reports/stock/142/BAFNAPH/,2633400000,Pharmaceuticals,Pharmaceuticals & Biotechnology,532989
Anmol India Ltd,ANMOL,129318,https://trendlyne.com/research-reports/stock/129318/ANMOL/,0,,,
Jonjua Overseas Ltd,542446,129456,https://trendlyne.com/research-reports/stock/129456/542446/,0,,,
Kranti Industries Ltd,542459,130024,https://trendlyne.com/research-reports/stock/130024/542459/,0,,,
Asian Hotels East Ltd,AHLEAST,42,https://trendlyne.com/research-reports/stock/42/AHLEAST/,2623700000,Hotels,Hotels Restaurants & Tourism,533227
Apollo Sindoori Hotels Ltd,APOLSINHOT,1558,https://trendlyne.com/research-reports/stock/1558/APOLSINHOT/,2622243423,,,
Mahip Industries Ltd,542503,131068,https://trendlyne.com/research-reports/stock/131068/542503/,0,,,
Ambassador Intra Holdings Ltd,542524,132457,https://trendlyne.com/research-reports/stock/132457/542524/,0,,,
Gujarat Winding Systems Ltd,541627,132871,https://trendlyne.com/research-reports/stock/132871/541627/,0,,,
Varvee Global Ltd,VGL,15,https://trendlyne.com/research-reports/stock/15/VGL/,2614565208,,,
Ashapuri Gold Ornament Ltd,542579,133757,https://trendlyne.com/research-reports/stock/133757/542579/,0,,,
Humming Bird Education Ltd,542592,133758,https://trendlyne.com/research-reports/stock/133758/542592/,0,,,
Trf Ltd,TRF,1413,https://trendlyne.com/research-reports/stock/1413/TRF/,2604744287,,,
Adhata Global Ltd,531286,139057,https://trendlyne.com/research-reports/stock/139057/531286/,0,,,
Cl Educate Ltd,CLEDUCATE,53326,https://trendlyne.com/research-reports/stock/53326/CLEDUCATE/,2602800000,Education,Diversified Consumer Services,540403
Northern Spirits Ltd,542628,139531,https://trendlyne.com/research-reports/stock/139531/542628/,0,,,
Zenotech Laboratories Ltd,ZENOTECH,3775,https://trendlyne.com/research-reports/stock/3775/ZENOTECH/,2601700000,Pharmaceuticals,Pharmaceuticals & Biotechnology,532039
Hampton Sky Realty Ltd,RPIL,3127,https://trendlyne.com/research-reports/stock/3127/RPIL/,2599500000,Realty,Realty,526407
Ekansh Concepts Ltd,AQUAPIV,3562,https://trendlyne.com/research-reports/stock/3562/AQUAPIV/,2586800000,Hotels,Hotels Restaurants & Tourism,531364
Chandni Machines Ltd,542627,139665,https://trendlyne.com/research-reports/stock/139665/542627/,0,,,
Osia Hyper Retail Ltd,OSIAHYPER,139794,https://trendlyne.com/research-reports/stock/139794/OSIAHYPER/,0,,,
Swojas Foods Ltd,11290413,140458,https://trendlyne.com/research-reports/stock/140458/11290413/,0,,,
Energy Infrastructure Trust,14094980,140624,https://trendlyne.com/research-reports/stock/140624/14094980/,0,,,
Aayush Art And Bullion Ltd,16490968,140644,https://trendlyne.com/research-reports/stock/140644/16490968/,0,,,
Khfm Hospitality Facility Management Services Ltd,KHFM,140647,https://trendlyne.com/research-reports/stock/140647/KHFM/,0,,,
V R Films Studios Ltd,17041013,140651,https://trendlyne.com/research-reports/stock/140651/17041013/,0,,,
Artemis Electricals And Projects Ltd,13150269,141322,https://trendlyne.com/research-reports/stock/141322/13150269/,0,,,
Gkp Printing Packaging Ltd,14620208,141323,https://trendlyne.com/research-reports/stock/141323/14620208/,0,,,
Alacrity Securities Ltd,ALSL,3975,https://trendlyne.com/research-reports/stock/3975/ALSL/,2573800000,Other Financial Services,Banking and Finance,535916
The United Nilgiri Tea Estates Company Ltd,UNITEDTEA,1451,https://trendlyne.com/research-reports/stock/1451/UNITEDTEA/,2564238245,,,
Evans Electric Ltd,13130038,142088,https://trendlyne.com/research-reports/stock/142088/13130038/,0,,,
Cian Healthcare Ltd,12541583,142203,https://trendlyne.com/research-reports/stock/142203/12541583/,0,,,
Par Drugs Chemicals Ltd,PAR,142662,https://trendlyne.com/research-reports/stock/142662/PAR/,0,,,
Parsvnath Developers Ltd,PARSVNATH,1009,https://trendlyne.com/research-reports/stock/1009/PARSVNATH/,2563200000,Realty,Realty,532780
Bmw Industries Ltd,13520889,144996,https://trendlyne.com/research-reports/stock/144996/13520889/,0,,,
Harish Textile Engineers Ltd,13510162,146918,https://trendlyne.com/research-reports/stock/146918/13510162/,0,,,
Sudarshan Pharma Industries Ltd,12541585,147295,https://trendlyne.com/research-reports/stock/147295/12541585/,0,,,
Anand Rayons Ltd,16150007,148004,https://trendlyne.com/research-reports/stock/148004/16150007/,0,,,
Dhanashree Electronics Ltd,13100017,148188,https://trendlyne.com/research-reports/stock/148188/13100017/,0,,,
Vardhman Acrylics Ltd,VARDHACRLC,1467,https://trendlyne.com/research-reports/stock/1467/VARDHACRLC/,2559585373,,,
Parshva Enterprises Ltd,15070484,148312,https://trendlyne.com/research-reports/stock/148312/15070484/,0,,,
Murae Organisor Ltd,12541588,148665,https://trendlyne.com/research-reports/stock/148665/12541588/,0,,,
Ashima Ltd,ASHIMASYN,112,https://trendlyne.com/research-reports/stock/112/ASHIMASYN/,2514031029,,,
Ace Software Exports Ltd,ACESOFT,3613,https://trendlyne.com/research-reports/stock/3613/ACESOFT/,2501900000,IT Consulting & Software,Software & Services,531525
Sakuma Exports Ltd,SAKUMA,1169,https://trendlyne.com/research-reports/stock/1169/SAKUMA/,2492800000,Commodity Trading  & Distribution,Commercial Services & Supplies,532713
Sk International Export Ltd,16070239,149354,https://trendlyne.com/research-reports/stock/149354/16070239/,0,,,
City Pulse Multiventures Ltd,17041017,149706,https://trendlyne.com/research-reports/stock/149706/17041017/,0,,,
The Peria Karamalai Tea Produce Company Ltd,PKTEA,1022,https://trendlyne.com/research-reports/stock/1022/PKTEA/,2490944168,,,
Gtv Engineering Ltd,GTV,4285,https://trendlyne.com/research-reports/stock/4285/GTV/,2487200000,Industrial Machinery,General Industrials,539479
Shemaroo Entertainment Ltd,SHEMAROO,1217,https://trendlyne.com/research-reports/stock/1217/SHEMAROO/,2484000000,Movies & Entertainment,Media,538685
U Y Fincorp Ltd,UYFINCORP,3352,https://trendlyne.com/research-reports/stock/3352/UYFINCORP/,2465500000,Finance (including NBFCs),Banking and Finance,530579
Ufo Moviez India Ltd,UFO,1705,https://trendlyne.com/research-reports/stock/1705/UFO/,2458500000,Broadcasting & Cable TV,Media,539141
Generic Engineering Construction And Projects Ltd,GENCON,4271,https://trendlyne.com/research-reports/stock/4271/GENCON/,2456700000,Realty,Realty,539407
Alphalogic Techsys Ltd,13192706,160167,https://trendlyne.com/research-reports/stock/160167/13192706/,0,,,
Seacoast Shipping Services Ltd,14095007,160168,https://trendlyne.com/research-reports/stock/160168/14095007/,0,,,
Transpact Enterprises Ltd,13160067,160298,https://trendlyne.com/research-reports/stock/160298/13160067/,0,,,
Salasar Exteriors And Contour Ltd,SECL,160850,https://trendlyne.com/research-reports/stock/160850/SECL/,0,,,
Novateor Research Laboratories Ltd,12541607,161277,https://trendlyne.com/research-reports/stock/161277/12541607/,0,,,
Shiv Aum Steels Ltd,SHIVAUM,165687,https://trendlyne.com/research-reports/stock/165687/SHIVAUM/,0,,,
Misquita Engineering Ltd,13090108,166002,https://trendlyne.com/research-reports/stock/166002/13090108/,0,,,
Diamines Chemicals Ltd,DIAMINESQ,2034,https://trendlyne.com/research-reports/stock/2034/DIAMINESQ/,2454234006,,,
Indian Toners Developers Ltd,INDTONER,2958,https://trendlyne.com/research-reports/stock/2958/INDTONER/,2443100000,Specialty Chemicals,Chemicals & Petrochemicals,523586
Wardwizard Foods And Beverages Ltd,VEGETABLE,4193,https://trendlyne.com/research-reports/stock/4193/VEGETABLE/,2442800000,Other Food & Beverages,"Food, Beverages & Tobacco",539132
Galactico Corporate Services Ltd,14095010,166313,https://trendlyne.com/research-reports/stock/166313/14095010/,0,,,
Asahi Songwon Colors Ltd,ASAHISONG,108,https://trendlyne.com/research-reports/stock/108/ASAHISONG/,2433700000,Dyes & Pigments,Chemicals & Petrochemicals,532853
Gensol Engineering Ltd,GENSOL,166858,https://trendlyne.com/research-reports/stock/166858/GENSOL/,0,,,
Bluegod Entertainment Ltd,INDRAIND,4202,https://trendlyne.com/research-reports/stock/4202/INDRAIND/,2418400000,Fertilizers,Fertilizers,539175
Goblin India Ltd,14620210,167876,https://trendlyne.com/research-reports/stock/167876/14620210/,0,,,
P G Foils Ltd,PGFOILQ,3190,https://trendlyne.com/research-reports/stock/3190/PGFOILQ/,2416800000,Aluminium and Aluminium Products,Metals & Mining,526747
Bartronics India Ltd,ASMS,165,https://trendlyne.com/research-reports/stock/165/ASMS/,2415300000,Misc. Commercial Services,Commercial Services & Supplies,532694
Shahlon Silk Industries Ltd,16050102,171262,https://trendlyne.com/research-reports/stock/171262/16050102/,0,,,
Anuroop Packaging Ltd,14620211,172833,https://trendlyne.com/research-reports/stock/172833/14620211/,0,,,
Starteck Finance Ltd,STARTECK,2570,https://trendlyne.com/research-reports/stock/2570/STARTECK/,2409727088,,,
Ponni Sugars Erode Ltd,PONNIERODE,1056,https://trendlyne.com/research-reports/stock/1056/PONNIERODE/,2408800000,Sugar,"Food, Beverages & Tobacco",532460
Ascom Leasing Investments Ltd,ASCOM,175069,https://trendlyne.com/research-reports/stock/175069/ASCOM/,0,,,
Sayaji Industries Ltd,SAYAJIIND,71329,https://trendlyne.com/research-reports/stock/71329/SAYAJIIND/,2401300000,Other Agricultural Products,"Food, Beverages & Tobacco",540728
Colab Platforms Ltd,14060423,176159,https://trendlyne.com/research-reports/stock/176159/14060423/,0,,,
Shree Ajit Pulp Paper Ltd,SAPPL,4110,https://trendlyne.com/research-reports/stock/4110/SAPPL/,2392700000,Paper & Paper Products,Commercial Services & Supplies,538795
Km Sugar Mills Ltd,KMSUGAR,751,https://trendlyne.com/research-reports/stock/751/KMSUGAR/,2384600000,Sugar,"Food, Beverages & Tobacco",532673
Valencia Nutrition Ltd,11140156,177925,https://trendlyne.com/research-reports/stock/177925/11140156/,0,,,
Vaxtex Cotfab Ltd,VCL,178225,https://trendlyne.com/research-reports/stock/178225/VCL/,0,,,
Autoline Industries Ltd,AUTOIND,136,https://trendlyne.com/research-reports/stock/136/AUTOIND/,2380700000,Auto Parts & Equipment,Automobiles & Auto Components,532797
Vaxfab Enterprises Ltd,16610252,178606,https://trendlyne.com/research-reports/stock/178606/16610252/,0,,,
Gian Life Care Ltd,16550455,179187,https://trendlyne.com/research-reports/stock/179187/16550455/,0,,,
Assam Entrade Ltd,14095022,180357,https://trendlyne.com/research-reports/stock/180357/14095022/,0,,,
Nureca Ltd,NURECA,424519,https://trendlyne.com/research-reports/stock/424519/NURECA/,2378000000,Healthcare Supplies,Healthcare,543264
Vikas Lifecare Ltd,VIKASLIFE,143569,https://trendlyne.com/research-reports/stock/143569/VIKASLIFE/,2377800000,Commodity Trading  & Distribution,Commercial Services & Supplies,542655
Tranway21 Technologies Ltd,13192710,182669,https://trendlyne.com/research-reports/stock/182669/13192710/,0,,,
Sahyadri Industries Ltd,SAHYADRI,3872,https://trendlyne.com/research-reports/stock/3872/SAHYADRI/,2376100000,Cement & Cement Products,Cement and Construction,532841
Chandra Bhagat Pharma Ltd,12541616,183941,https://trendlyne.com/research-reports/stock/183941/12541616/,0,,,
Om Freight Forwarders Ltd,OMFREIGHT,3272272,https://trendlyne.com/research-reports/stock/3272272/OMFREIGHT/,2368700000,Warehousing & Logistics,Transportation,544564
Marble City India Ltd,PGINDST,3533,https://trendlyne.com/research-reports/stock/3533/PGINDST/,2366700000,Construction Materials,Cement and Construction,531281
Sm Auto Stamping Ltd,10670358,189406,https://trendlyne.com/research-reports/stock/189406/10670358/,0,,,
Atishay Ltd,ATISHAY,4089,https://trendlyne.com/research-reports/stock/4089/ATISHAY/,2361000000,IT Consulting & Software,Software & Services,538713
Globe Civil Projects Ltd,GLOBECIVIL,3143497,https://trendlyne.com/research-reports/stock/3143497/GLOBECIVIL/,2349300000,Construction & Engineering,Cement and Construction,544424
Ro Jewels Ltd,15070486,191144,https://trendlyne.com/research-reports/stock/191144/15070486/,0,,,
Octavius Plantations Ltd,14095027,191522,https://trendlyne.com/research-reports/stock/191522/14095027/,0,,,
Cospower Engineering Ltd,13150274,191733,https://trendlyne.com/research-reports/stock/191733/13150274/,0,,,
Laxmi Goldorna House Ltd,LGHL,192995,https://trendlyne.com/research-reports/stock/192995/LGHL/,0,,,
Team India Guaranty Ltd,TEAMGTY,1397,https://trendlyne.com/research-reports/stock/1397/TEAMGTY/,2341090100,,,
Shri Keshav Cements Infra Ltd,KATWAUD,3436,https://trendlyne.com/research-reports/stock/3436/KATWAUD/,2326600000,Cement & Cement Products,Cement and Construction,530977
Natural Biocon India Ltd,11290566,219554,https://trendlyne.com/research-reports/stock/219554/11290566/,0,,,
Billwin Industries Ltd,16510156,230204,https://trendlyne.com/research-reports/stock/230204/16510156/,0,,,
Fcs Software Solutions Ltd,FCSSOFT,409,https://trendlyne.com/research-reports/stock/409/FCSSOFT/,2325000000,IT Consulting & Software,Software & Services,532666
Regis Industries Ltd,14095299,236767,https://trendlyne.com/research-reports/stock/236767/14095299/,0,,,
Bonlon Industries Ltd,15510816,237140,https://trendlyne.com/research-reports/stock/237140/15510816/,0,,,
Vaarad Ventures Ltd,VAARAD,3812,https://trendlyne.com/research-reports/stock/3812/VAARAD/,2311600000,Finance (including NBFCs),Banking and Finance,532320
Intense Technologies Ltd,INTENTECH,3814,https://trendlyne.com/research-reports/stock/3814/INTENTECH/,2310200000,IT Consulting & Software,Software & Services,532326
Nagarjuna Fertilizers And Chemicals Ltd,NAGAFERT,4611,https://trendlyne.com/research-reports/stock/4611/NAGAFERT/,2302600000,Fertilizers,Fertilizers,539917
Fundviser Capital India Ltd,BAGADIA,3281,https://trendlyne.com/research-reports/stock/3281/BAGADIA/,2290600000,Investment Companies,Others,530197
Hitech Corporation Ltd,HITECHCORP,565,https://trendlyne.com/research-reports/stock/565/HITECHCORP/,2288700000,Containers & Packaging,Commercial Services & Supplies,526217
Gennex Laboratories Ltd,GENNEX,3685,https://trendlyne.com/research-reports/stock/3685/GENNEX/,2286100000,Pharmaceuticals,Pharmaceuticals & Biotechnology,531739
Kerala Ayurveda Ltd,KERALAYUR,3271,https://trendlyne.com/research-reports/stock/3271/KERALAYUR/,2277800000,Pharmaceuticals,Pharmaceuticals & Biotechnology,530163
Ravinder Heights Ltd,RVHL,376565,https://trendlyne.com/research-reports/stock/376565/RVHL/,2270300000,Realty,Realty,543251
T T Ltd,TTL,1422,https://trendlyne.com/research-reports/stock/1422/TTL/,2267970019,,,
Reliance Communications Ltd,RCOM,1118,https://trendlyne.com/research-reports/stock/1118/RCOM/,2267700000,Telecom Services,Telecom Services,532712
Advait Energy Transitions Ltd,15210805,294641,https://trendlyne.com/research-reports/stock/294641/15210805/,0,,,
Delphi World Money Ltd,DELPHIFX,1512,https://trendlyne.com/research-reports/stock/1512/DELPHIFX/,2261400000,Other Financial Services,Banking and Finance,533452
Kesar Petroproducts Ltd,KESARPE,3005,https://trendlyne.com/research-reports/stock/3005/KESARPE/,2259300000,Commodity Chemicals,Chemicals & Petrochemicals,524174
Osiajee Texfab Ltd,OSIAJEE,52911,https://trendlyne.com/research-reports/stock/52911/OSIAJEE/,2257200000,Textiles,Textiles Apparels & Accessories,540198
Atam Valves Ltd,ATAM,299367,https://trendlyne.com/research-reports/stock/299367/ATAM/,0,,,
Jay Shree Tea Industries Ltd,JAYSREETEA,664,https://trendlyne.com/research-reports/stock/664/JAYSREETEA/,2253888027,,,
Nectar Lifesciences Ltd,NECLIFE,923,https://trendlyne.com/research-reports/stock/923/NECLIFE/,2251600000,Pharmaceuticals,Pharmaceuticals & Biotechnology,532649
Power And Instrumentation Gujarat Ltd,PIGL,87838,https://trendlyne.com/research-reports/stock/87838/PIGL/,2249000000,Construction & Engineering,Cement and Construction,543912
India Gelatine Chemicals Ltd,INDGELA,3518,https://trendlyne.com/research-reports/stock/3518/INDGELA/,2246800000,Specialty Chemicals,Chemicals & Petrochemicals,531253
Trishakti Industries Ltd,TRISHAKT,3531,https://trendlyne.com/research-reports/stock/3531/TRISHAKT/,2246600000,Finance (including NBFCs),Banking and Finance,531279
G M Polyplast Ltd,12260021,307947,https://trendlyne.com/research-reports/stock/307947/12260021/,0,,,
Veer Global Infraconstruction Ltd,11625333,307948,https://trendlyne.com/research-reports/stock/307948/11625333/,0,,,
Multibase India Ltd,MULTIBASE,3106,https://trendlyne.com/research-reports/stock/3106/MULTIBASE/,2237500000,Specialty Chemicals,Chemicals & Petrochemicals,526169
Competent Automobiles Co Ltd,COMPEAU,3450,https://trendlyne.com/research-reports/stock/3450/COMPEAU/,2228200000,Commodity Trading  & Distribution,Commercial Services & Supplies,531041
Archidply Decor Ltd,ADL,309350,https://trendlyne.com/research-reports/stock/309350/ADL/,0,,,
Riddhi Steel And Tube Ltd,RSTL,61516,https://trendlyne.com/research-reports/stock/61516/RSTL/,2213500000,Iron & Steel Products,Metals & Mining,540082
Pavna Industries Ltd,PAVNAIND,433729,https://trendlyne.com/research-reports/stock/433729/PAVNAIND/,2212900000,Auto Parts & Equipment,Automobiles & Auto Components,543915
Shine Fashions India Ltd,11251146,326255,https://trendlyne.com/research-reports/stock/326255/11251146/,0,,,
Data Infrastructure Trust,543225,326256,https://trendlyne.com/research-reports/stock/326256/543225/,0,,,
Il Fs Investment Managers Ltd,IVC,650,https://trendlyne.com/research-reports/stock/650/IVC/,2212634559,,,
Acs Technologies Ltd,LNIND,3382,https://trendlyne.com/research-reports/stock/3382/LNIND/,2206400000,Textiles,Textiles Apparels & Accessories,530745
2 5 Goldbonds2028Sr Viii,SGBN28VIII,349826,https://trendlyne.com/research-reports/stock/349826/SGBN28VIII/,0,,,
Samrat Forgings Ltd,543229,350052,https://trendlyne.com/research-reports/stock/350052/543229/,0,,,
Gacm Technologies Ltd Dvr,GATECHDVR,350057,https://trendlyne.com/research-reports/stock/350057/GATECHDVR/,0,,,
Indo National Ltd,NIPPOBATRY,944,https://trendlyne.com/research-reports/stock/944/NIPPOBATRY/,2206112801,,,
Bpl Ltd,BPL,216,https://trendlyne.com/research-reports/stock/216/BPL/,2205378008,,,
Saraswati Saree Depot Ltd,SSDL,2510996,https://trendlyne.com/research-reports/stock/2510996/SSDL/,2200200000,Other Apparels & Accessories,Textiles Apparels & Accessories,544230
Nova Agritech Ltd,NOVAAGRI,1915993,https://trendlyne.com/research-reports/stock/1915993/NOVAAGRI/,2199200000,Fertilizers,Fertilizers,544100
Poddar Pigments Ltd,PODDARMENT,3042,https://trendlyne.com/research-reports/stock/3042/PODDARMENT/,2198500000,Dyes & Pigments,Chemicals & Petrochemicals,524570
Ntc Industries Ltd,NTCIND,3184,https://trendlyne.com/research-reports/stock/3184/NTCIND/,2189500000,Cigarettes-Tobacco Products,"Food, Beverages & Tobacco",526723
Jinkushal Industries Ltd,JKIPL,3262885,https://trendlyne.com/research-reports/stock/3262885/JKIPL/,2186900000,Misc. Commercial Services,Commercial Services & Supplies,544547
Comfort Intech Ltd,COMFINTE,3504,https://trendlyne.com/research-reports/stock/3504/COMFINTE/,2178800000,Finance (including NBFCs),Banking and Finance,531216
Rita Finance And Leasing Ltd,543256,408721,https://trendlyne.com/research-reports/stock/408721/543256/,0,,,
Everest Organics Ltd,EVERESTO,3083,https://trendlyne.com/research-reports/stock/3083/EVERESTO/,2173200000,Pharmaceuticals,Pharmaceuticals & Biotechnology,524790
Shivam Autotech Ltd,SHIVAMAUTO,1222,https://trendlyne.com/research-reports/stock/1222/SHIVAMAUTO/,2167000000,Auto Parts & Equipment,Automobiles & Auto Components,532776
Mrp Agro Ltd,12120137,419286,https://trendlyne.com/research-reports/stock/419286/12120137/,0,,,
Gtt Data Solutions Ltd,CINERAD,3336,https://trendlyne.com/research-reports/stock/3336/CINERAD/,2167000000,Movies & Entertainment,Media,530457
Rainbow Foundations Ltd,RAINBOWF,3670,https://trendlyne.com/research-reports/stock/3670/RAINBOWF/,2164800000,Realty,Realty,531694
D P Wires Ltd,DPWIRES,87874,https://trendlyne.com/research-reports/stock/87874/DPWIRES/,2164800000,Iron & Steel Products,Metals & Mining,543962
Drc Systems India Ltd,DRCSYSTEMS,444778,https://trendlyne.com/research-reports/stock/444778/DRCSYSTEMS/,2154000000,Internet Software & Services,Software & Services,543268
Ludlow Jute Specialities Ltd,LUDLOWJUT,3108,https://trendlyne.com/research-reports/stock/3108/LUDLOWJUT/,2151400000,Jute & Jute Products,Forest Materials,526179
Madhav Infra Projects Ltd,MADHAVIPL,4377,https://trendlyne.com/research-reports/stock/4377/MADHAVIPL/,2145900000,Construction & Engineering,Cement and Construction,539894
Alankit Ltd,ALANKIT,1750,https://trendlyne.com/research-reports/stock/1750/ALANKIT/,2144900000,Misc. Commercial Services,Commercial Services & Supplies,531082
Adjia Technologies Ltd,13192829,438982,https://trendlyne.com/research-reports/stock/438982/13192829/,0,,,
Lotus Eye Hospital And Institute Ltd,LOTUSEYE,797,https://trendlyne.com/research-reports/stock/797/LOTUSEYE/,2131800000,Healthcare Facilities,Healthcare,532998
Suumaya Corporation Ltd,11251148,442477,https://trendlyne.com/research-reports/stock/442477/11251148/,0,,,
Global Vectra Helicorp Ltd,GLOBALVECT,466,https://trendlyne.com/research-reports/stock/466/GLOBALVECT/,2129700000,Airlines,Transportation,532773
Kalyani Forge Ltd,KALYANIFRG,713,https://trendlyne.com/research-reports/stock/713/KALYANIFRG/,2128593711,,,
Omax Autos Ltd,OMAXAUTO,968,https://trendlyne.com/research-reports/stock/968/OMAXAUTO/,2121500000,Auto Parts & Equipment,Automobiles & Auto Components,520021
Narmada Gelatines Ltd,SHAWGELTIN,3189,https://trendlyne.com/research-reports/stock/3189/SHAWGELTIN/,2116200000,Specialty Chemicals,Chemicals & Petrochemicals,526739
Bdh Industries Ltd,BDH,3087,https://trendlyne.com/research-reports/stock/3087/BDH/,2111500000,Pharmaceuticals,Pharmaceuticals & Biotechnology,524828
Emerald Finance Ltd,EMERALD,4129,https://trendlyne.com/research-reports/stock/4129/EMERALD/,2107200000,Finance (including NBFCs),Banking and Finance,538882
Indo Us Bio Tech Ltd,INDOUS,97106,https://trendlyne.com/research-reports/stock/97106/INDOUS/,2103900000,Other Agricultural Products,"Food, Beverages & Tobacco",541304
Mercantile Ventures Ltd,MERCANTILE,4144,https://trendlyne.com/research-reports/stock/4144/MERCANTILE/,2101800000,Misc. Commercial Services,Commercial Services & Supplies,538942
Istreet Network Ltd,ISTRNETWK,3056,https://trendlyne.com/research-reports/stock/3056/ISTRNETWK/,2078400000,Internet & Catalogue Retail,Software & Services,524622
Race Eco Chain Ltd,RACE,4020,https://trendlyne.com/research-reports/stock/4020/RACE/,2074500000,Waste Management,Utilities,537785
Niks Technology Ltd,13192830,450810,https://trendlyne.com/research-reports/stock/450810/13192830/,0,,,
Lancer Container Lines Ltd,LANCER,4367,https://trendlyne.com/research-reports/stock/4367/LANCER/,2068300000,Warehousing & Logistics,Transportation,539841
Siddhika Coatings Ltd,SIDDHIKA,454004,https://trendlyne.com/research-reports/stock/454004/SIDDHIKA/,0,,,
Eki Energy Services Ltd,16691671,454005,https://trendlyne.com/research-reports/stock/454005/16691671/,0,,,
Rajeshwari Cans Ltd,14620216,456044,https://trendlyne.com/research-reports/stock/456044/14620216/,0,,,
V Marc India Ltd,VMARCIND,456045,https://trendlyne.com/research-reports/stock/456045/VMARCIND/,0,,,
Jetmall Spices And Masala Ltd,11290577,456782,https://trendlyne.com/research-reports/stock/456782/11290577/,0,,,
Suvidhaa Infoserve Ltd,SUVIDHAA,457974,https://trendlyne.com/research-reports/stock/457974/SUVIDHAA/,0,,,
Atvo Enterprises Ltd,VANDANA,3786,https://trendlyne.com/research-reports/stock/3786/VANDANA/,2065900000,Textiles,Textiles Apparels & Accessories,532090
Kuberan Global Edu Solutions Ltd,17180081,464419,https://trendlyne.com/research-reports/stock/464419/17180081/,0,,,
Global Surfaces Ltd,GSLSU,1388648,https://trendlyne.com/research-reports/stock/1388648/GSLSU/,2064400000,Furniture-Furnishing,Diversified Consumer Services,543829
Oil Country Tubular Ltd,OILCOUNTUB,966,https://trendlyne.com/research-reports/stock/966/OILCOUNTUB/,2063285278,,,
Abhishek Integrations Ltd,AILIMITED,543882,https://trendlyne.com/research-reports/stock/543882/AILIMITED/,0,,,
Almondz Global Securities Ltd,ALMONDZ,61,https://trendlyne.com/research-reports/stock/61/ALMONDZ/,2061200000,Capital Markets,Banking and Finance,531400
Vibhor Steel Tubes Ltd,VSTL,2018968,https://trendlyne.com/research-reports/stock/2018968/VSTL/,2059900000,Iron & Steel Products,Metals & Mining,544124
Vineet Laboratories Ltd,VINEETLAB,551600,https://trendlyne.com/research-reports/stock/551600/VINEETLAB/,0,,,
Aeroflex Neu Ltd,AERONEU,1270010,https://trendlyne.com/research-reports/stock/1270010/AERONEU/,2053100000,Containers & Packaging,Commercial Services & Supplies,543743
Adeshwar Meditex Ltd,13160040,555689,https://trendlyne.com/research-reports/stock/555689/13160040/,0,,,
Gamco Ltd,VISCO,82588,https://trendlyne.com/research-reports/stock/82588/VISCO/,2033200000,Other Financial Services,Banking and Finance,540097
Times Green Energy India Ltd,17154247,555691,https://trendlyne.com/research-reports/stock/555691/17154247/,0,,,
Sab Industries Ltd,SAB,4180,https://trendlyne.com/research-reports/stock/4180/SAB/,2028300000,Construction & Engineering,Cement and Construction,539112
Focus Business Solution Ltd,16691684,571054,https://trendlyne.com/research-reports/stock/571054/16691684/,0,,,
Walpar Nutritions Ltd,WALPAR,572525,https://trendlyne.com/research-reports/stock/572525/WALPAR/,0,,,
Star Paper Mills Ltd,STARPAPER,1292,https://trendlyne.com/research-reports/stock/1292/STARPAPER/,2001146658,,,
Elgi Rubber Company Ltd,ELGIRUBCO,372,https://trendlyne.com/research-reports/stock/372/ELGIRUBCO/,1997000000,Auto Tyres & Rubber Products,Automobiles & Auto Components,590023
Aa Plus Tradelink Ltd,11251159,581796,https://trendlyne.com/research-reports/stock/581796/11251159/,0,,,
Ucal Ltd,UCAL,1438,https://trendlyne.com/research-reports/stock/1438/UCAL/,1996415169,,,
Shree Tirupati Balajee Agro Trading Company Ltd,BALAJEE,2609233,https://trendlyne.com/research-reports/stock/2609233/BALAJEE/,1993600000,Containers & Packaging,Commercial Services & Supplies,544249
Lyka Labs Ltd,LYKALABS,805,https://trendlyne.com/research-reports/stock/805/LYKALABS/,1984738334,,,
Rex Pipes And Cables Industries Ltd,REXPIPES,608073,https://trendlyne.com/research-reports/stock/608073/REXPIPES/,0,,,
Kothari Sugars Chemicals Ltd,KOTARISUG,759,https://trendlyne.com/research-reports/stock/759/KOTARISUG/,1972748165,,,
Dcm Nouvelle Ltd,DCMNVL,152657,https://trendlyne.com/research-reports/stock/152657/DCMNVL/,1971800000,Textiles,Textiles Apparels & Accessories,542729
Pritika Auto Industries Ltd,PRITIKAUTO,4255,https://trendlyne.com/research-reports/stock/4255/PRITIKAUTO/,1971500000,Auto Parts & Equipment,Automobiles & Auto Components,539359
Worth Peripherals Ltd,WORTHPERI,97165,https://trendlyne.com/research-reports/stock/97165/WORTHPERI/,1969500000,Containers & Packaging,Commercial Services & Supplies,544577
Capital Trade Links Ltd,CTL,4050,https://trendlyne.com/research-reports/stock/4050/CTL/,1963600000,Finance (including NBFCs),Banking and Finance,538476
Sicagen India Ltd,SICAGEN,1235,https://trendlyne.com/research-reports/stock/1235/SICAGEN/,1957600000,Commodity Trading  & Distribution,Commercial Services & Supplies,533014
Sundaram Brake Lining Ltd,SUNDRMBRAK,1312,https://trendlyne.com/research-reports/stock/1312/SUNDRMBRAK/,1956100000,Auto Parts & Equipment,Automobiles & Auto Components,590072
Aashka Hospitals Ltd,16550610,620546,https://trendlyne.com/research-reports/stock/620546/16550610/,0,,,
Hcp Plastene Bulkpack Ltd,GOPALA,3182,https://trendlyne.com/research-reports/stock/3182/GOPALA/,1953000000,Containers & Packaging,Commercial Services & Supplies,526717
Syschem India Ltd,SYSCHEM,3485,https://trendlyne.com/research-reports/stock/3485/SYSCHEM/,1944200000,Pharmaceuticals,Pharmaceuticals & Biotechnology,531173
Cords Cable Industries Ltd,CORDSCABLE,281,https://trendlyne.com/research-reports/stock/281/CORDSCABLE/,1938800000,Wires & Cables,Consumer Durables,532941
Nagpur Power Industries Ltd,NAGPI,3827,https://trendlyne.com/research-reports/stock/3827/NAGPI/,1938100000,Iron & Steel/Interm.Products,Metals & Mining,532362
Du Digital Global Ltd,DUGLOBAL,628192,https://trendlyne.com/research-reports/stock/628192/DUGLOBAL/,0,,,
Sbl Infratech Ltd,15210832,634647,https://trendlyne.com/research-reports/stock/634647/15210832/,0,,,
Shiva Texyarn Ltd,SHIVATEX,1223,https://trendlyne.com/research-reports/stock/1223/SHIVATEX/,1929389015,,,
Hypersoft Technologies Ltd,HYPERSOFT,4346,https://trendlyne.com/research-reports/stock/4346/HYPERSOFT/,1925000000,IT Consulting & Software,Software & Services,539724
Bew Engineering Ltd,BEWLTD,643279,https://trendlyne.com/research-reports/stock/643279/BEWLTD/,0,,,
Naapbooks Ltd,13192882,644312,https://trendlyne.com/research-reports/stock/644312/13192882/,0,,,
Platinumone Business Services Ltd,13240199,644313,https://trendlyne.com/research-reports/stock/644313/13240199/,0,,,
Supreme Holdings Hospitality India Ltd,SUPREME,3368,https://trendlyne.com/research-reports/stock/3368/SUPREME/,1922300000,Realty,Realty,530677
Bhilwara Technical Textiles Ltd,BTTL,3898,https://trendlyne.com/research-reports/stock/3898/BTTL/,1916400000,Textiles,Textiles Apparels & Accessories,533108
Sharpline Broadcast Ltd,543341,651293,https://trendlyne.com/research-reports/stock/651293/543341/,0,,,
Prevest Denpro Ltd,13160089,658067,https://trendlyne.com/research-reports/stock/658067/13160089/,0,,,
Chembond Material Technologies Ltd,CHEMBOND,3412,https://trendlyne.com/research-reports/stock/3412/CHEMBOND/,1916000000,Specialty Chemicals,Chemicals & Petrochemicals,530871
Birla Precision Technologies Ltd,BIRLAPREC,2882,https://trendlyne.com/research-reports/stock/2882/BIRLAPREC/,1915600000,Industrial Machinery,General Industrials,522105
Quadpro Ites Ltd,QUADPRO,664728,https://trendlyne.com/research-reports/stock/664728/QUADPRO/,0,,,
Diksat Transworld Ltd,DIKSAT,83044,https://trendlyne.com/research-reports/stock/83044/DIKSAT/,1912200000,Movies & Entertainment,Media,540151
Getalong Enterprises Ltd,11251163,671910,https://trendlyne.com/research-reports/stock/671910/11251163/,0,,,
Shrem Invit,SHREMINVIT,671911,https://trendlyne.com/research-reports/stock/671911/SHREMINVIT/,0,,,
Jainam Ferro Alloys I Ltd,JAINAM,673213,https://trendlyne.com/research-reports/stock/673213/JAINAM/,0,,,
Avg Logistics Ltd,AVG,87856,https://trendlyne.com/research-reports/stock/87856/AVG/,1911600000,Warehousing & Logistics,Transportation,543910
Shri Venkatesh Refineries Ltd,11120223,676910,https://trendlyne.com/research-reports/stock/676910/11120223/,0,,,
Samor Reality Ltd,11625399,676911,https://trendlyne.com/research-reports/stock/676911/11625399/,0,,,
Bombay Metrics Supply Chain Ltd,BMETRICS,676912,https://trendlyne.com/research-reports/stock/676912/BMETRICS/,0,,,
Dynamic Services Security Ltd,DYNAMIC,676913,https://trendlyne.com/research-reports/stock/676913/DYNAMIC/,0,,,
Destiny Logistics Infra Ltd,DESTINY,676914,https://trendlyne.com/research-reports/stock/676914/DESTINY/,0,,,
Cwd Ltd,13192884,678051,https://trendlyne.com/research-reports/stock/678051/13192884/,0,,,
Afloat Enterprises Ltd,15510832,678052,https://trendlyne.com/research-reports/stock/678052/15510832/,0,,,
Promax Power Ltd,543375,690521,https://trendlyne.com/research-reports/stock/690521/543375/,0,,,
D K Enterprises Global Ltd,DKEGL,692633,https://trendlyne.com/research-reports/stock/692633/DKEGL/,0,,,
Shreyans Industries Ltd,SHREYANIND,1229,https://trendlyne.com/research-reports/stock/1229/SHREYANIND/,1907511350,,,
Vms Tmt Ltd,VMSTMT,3257365,https://trendlyne.com/research-reports/stock/3257365/VMSTMT/,1898900000,Iron & Steel/Interm.Products,Metals & Mining,544521
Nidan Laboratories And Healthcare Ltd,NIDAN,708065,https://trendlyne.com/research-reports/stock/708065/NIDAN/,0,,,
The Byke Hospitality Ltd,BYKE,1385,https://trendlyne.com/research-reports/stock/1385/BYKE/,1891500000,Hotels,Hotels Restaurants & Tourism,531373
Mini Diamonds India Ltd,MINID,4520,https://trendlyne.com/research-reports/stock/4520/MINID/,1885500000,Gems & Jewellery,Textiles Apparels & Accessories,523373
Suyog Gurbaxani Funicular Ropeways Ltd,15210841,710817,https://trendlyne.com/research-reports/stock/710817/15210841/,0,,,
Golkunda Diamonds Jewellery Ltd,GOLKUNDIA,2967,https://trendlyne.com/research-reports/stock/2967/GOLKUNDIA/,1883100000,Gems & Jewellery,Textiles Apparels & Accessories,523676
Sanjivani Paranteral Ltd,SANJIVIN,3626,https://trendlyne.com/research-reports/stock/3626/SANJIVIN/,1878300000,Pharmaceuticals,Pharmaceuticals & Biotechnology,531569
Airan Ltd,AIRAN,87812,https://trendlyne.com/research-reports/stock/87812/AIRAN/,1870300000,IT Consulting & Software,Software & Services,543811
Bharti Airtel Ltd Partly Paidup,AIRTELPP,715100,https://trendlyne.com/research-reports/stock/715100/AIRTELPP/,0,,,
Aion Tech Solutions Ltd,GOLDTECH,485,https://trendlyne.com/research-reports/stock/485/GOLDTECH/,1866800000,IT Consulting & Software,Software & Services,531439
Sangam Finserv Ltd,SUCHITRA,4090,https://trendlyne.com/research-reports/stock/4090/SUCHITRA/,1859900000,Finance (including NBFCs),Banking and Finance,538714
Rana Sugars Ltd,RANASUG,1108,https://trendlyne.com/research-reports/stock/1108/RANASUG/,1856634967,,,
Omnipotent Industries Ltd,12140093,725991,https://trendlyne.com/research-reports/stock/725991/12140093/,0,,,
Music Broadcast Ltd,RADIOCITY,53209,https://trendlyne.com/research-reports/stock/53209/RADIOCITY/,1852900000,Broadcasting & Cable TV,Media,540366
Rril Ltd,SRK,3543,https://trendlyne.com/research-reports/stock/3543/SRK/,1852200000,Textiles,Textiles Apparels & Accessories,531307
Dmr Engineering Ltd,13521102,740291,https://trendlyne.com/research-reports/stock/740291/13521102/,0,,,
M K Proteins Ltd,MKPL,87766,https://trendlyne.com/research-reports/stock/87766/MKPL/,1846800000,Edible Oils,FMCG,543919
Jullundur Motor Agency Delhi Ltd,JMA,1569,https://trendlyne.com/research-reports/stock/1569/JMA/,1843729907,,,
Oxygenta Pharmaceutical Ltd,SSORGS,3061,https://trendlyne.com/research-reports/stock/3061/SSORGS/,1840300000,Pharmaceuticals,Pharmaceuticals & Biotechnology,524636
Veto Switchgears Cables Ltd,VETO,1714,https://trendlyne.com/research-reports/stock/1714/VETO/,1832700000,Other Electrical Equipment/Products,Consumer Durables,539331
Gillanders Arbuthnot Company Ltd,GILLANDERS,455,https://trendlyne.com/research-reports/stock/455/GILLANDERS/,1826000000,Tea & Coffee,"Food, Beverages & Tobacco",532716
Stratmont Industries Ltd,STRATMONT,82968,https://trendlyne.com/research-reports/stock/82968/STRATMONT/,1823600000,Commodity Trading  & Distribution,Commercial Services & Supplies,530495
Nupur Recyclers Ltd,NRL,750562,https://trendlyne.com/research-reports/stock/750562/NRL/,0,,,
Sc Agrotech Ltd,SCAGRO,3096,https://trendlyne.com/research-reports/stock/3096/SCAGRO/,1822900000,Packaged Foods,FMCG,526081
Vip Clothing Ltd,VIPCLOTHNG,846,https://trendlyne.com/research-reports/stock/846/VIPCLOTHNG/,1817900000,Other Apparels & Accessories,Textiles Apparels & Accessories,532613
Wardwizard Innovations Mobility Ltd,MANVIJAY,4150,https://trendlyne.com/research-reports/stock/4150/MANVIJAY/,1817900000,2/3 Wheelers,Automobiles & Auto Components,538970
Raj Television Network Ltd,RAJTV,1099,https://trendlyne.com/research-reports/stock/1099/RAJTV/,1816400000,Broadcasting & Cable TV,Media,532826
Foce India Ltd,FOCE,754056,https://trendlyne.com/research-reports/stock/754056/FOCE/,0,,,
Dai Ichi Karkaria Ltd,DAICHIKARK,3200,https://trendlyne.com/research-reports/stock/3200/DAICHIKARK/,1813200000,Specialty Chemicals,Chemicals & Petrochemicals,526821
Loyal Equipments Ltd,LOYAL,4226,https://trendlyne.com/research-reports/stock/4226/LOYAL/,1804900000,Industrial Machinery,General Industrials,539227
V R Woodart Ltd,VRWODAR,2992,https://trendlyne.com/research-reports/stock/2992/VRWODAR/,1804100000,Forest Products,Forest Materials,523888
Country Club Hospitality Holidays Ltd,CCHHL,1560,https://trendlyne.com/research-reports/stock/1560/CCHHL/,1801400000,Hotels,Hotels Restaurants & Tourism,526550
Regency Fincorp Ltd,REGENCY,52907,https://trendlyne.com/research-reports/stock/52907/REGENCY/,1786600000,Finance (including NBFCs),Banking and Finance,540175
Abate As Industries Ltd,TRIJAL,3655,https://trendlyne.com/research-reports/stock/3655/TRIJAL/,1777800000,Healthcare Facilities,Healthcare,531658
Spice Islands Industries Ltd,SPICEISL,3202,https://trendlyne.com/research-reports/stock/3202/SPICEISL/,1776800000,Other Apparels & Accessories,Textiles Apparels & Accessories,526827
Zodiac Clothing Company Ltd,ZODIACLOTH,1546,https://trendlyne.com/research-reports/stock/1546/ZODIACLOTH/,1771900000,Other Apparels & Accessories,Textiles Apparels & Accessories,521163
Landmarc Leisure Corporation Ltd,LANDMARC,3808,https://trendlyne.com/research-reports/stock/3808/LANDMARC/,1764000000,Movies & Entertainment,Media,532275
M K Exim India Ltd,MKEXIM,4130,https://trendlyne.com/research-reports/stock/4130/MKEXIM/,1759200000,Textiles,Textiles Apparels & Accessories,538890
Vaswani Industries Ltd,VASWANI,1472,https://trendlyne.com/research-reports/stock/1472/VASWANI/,1727000000,Iron & Steel/Interm.Products,Metals & Mining,533576
Wherrelz It Solutions Ltd,13192900,759659,https://trendlyne.com/research-reports/stock/759659/13192900/,0,,,
Clara Industries Ltd,14620225,760084,https://trendlyne.com/research-reports/stock/760084/14620225/,0,,,
Vivo Collaboration Solutions Ltd,VIVO,761451,https://trendlyne.com/research-reports/stock/761451/VIVO/,0,,,
Quint Digital Ltd,GMLM,4295,https://trendlyne.com/research-reports/stock/4295/GMLM/,1723100000,Publishing,Commercial Services & Supplies,539515
Ascensive Educare Ltd,17180088,772149,https://trendlyne.com/research-reports/stock/772149/17180088/,0,,,
Timescan Logistics India Ltd,TIMESCAN,772150,https://trendlyne.com/research-reports/stock/772150/TIMESCAN/,0,,,
Fabino Enterprises Ltd,12541676,772927,https://trendlyne.com/research-reports/stock/772927/12541676/,0,,,
Alkosign Ltd,17080258,790311,https://trendlyne.com/research-reports/stock/790311/17080258/,0,,,
Ags Transact Technologies Ltd,AGSTRA,790910,https://trendlyne.com/research-reports/stock/790910/AGSTRA/,0,,,
Safa Systems Technologies Ltd,16691725,800718,https://trendlyne.com/research-reports/stock/800718/16691725/,0,,,
Maruti Interior Products Ltd,13521121,803416,https://trendlyne.com/research-reports/stock/803416/13521121/,0,,,
Vaidya Sane Ayurved Laboratories Ltd,MADHAVBAUG,814730,https://trendlyne.com/research-reports/stock/814730/MADHAVBAUG/,0,,,
Virinchi Ltd,VIRINCHI,3830,https://trendlyne.com/research-reports/stock/3830/VIRINCHI/,1714600000,IT Software Products,Software & Services,532372
Richa Info Systems Ltd,RICHA,817652,https://trendlyne.com/research-reports/stock/817652/RICHA/,0,,,
Sakthi Sugars Ltd,SAKHTISUG,1166,https://trendlyne.com/research-reports/stock/1166/SAKHTISUG/,1711468759,,,
Ekennis Software Service Ltd,13192927,833196,https://trendlyne.com/research-reports/stock/833196/13192927/,0,,,
Shigan Quantum Technologies Ltd,SHIGAN,837732,https://trendlyne.com/research-reports/stock/837732/SHIGAN/,0,,,
Sp Refractories Ltd,SPRL,845608,https://trendlyne.com/research-reports/stock/845608/SPRL/,0,,,
Cool Caps Industries Ltd,COOLCAPS,845609,https://trendlyne.com/research-reports/stock/845609/COOLCAPS/,0,,,
Kn Agri Resources Ltd,KNAGRI,846999,https://trendlyne.com/research-reports/stock/846999/KNAGRI/,0,,,
Swaraj Suiting Ltd,SWARAJ,847706,https://trendlyne.com/research-reports/stock/847706/SWARAJ/,0,,,
Bhatia Colour Chem Ltd,12060150,848359,https://trendlyne.com/research-reports/stock/848359/12060150/,0,,,
Evoq Remedies Ltd,12541686,849098,https://trendlyne.com/research-reports/stock/849098/12541686/,0,,,
Achyut Healthcare Ltd,12541687,850386,https://trendlyne.com/research-reports/stock/850386/12541687/,0,,,
Waterbase Ltd,WATERBASE,2965,https://trendlyne.com/research-reports/stock/2965/WATERBASE/,1705500000,Other Food & Beverages,"Food, Beverages & Tobacco",523660
P E Analytics Ltd,PROPEQUITY,850909,https://trendlyne.com/research-reports/stock/850909/PROPEQUITY/,0,,,
Binayak Tex Processors Ltd,ZBINTXPP,2914,https://trendlyne.com/research-reports/stock/2914/ZBINTXPP/,1703600000,Textiles,Textiles Apparels & Accessories,523054
Shree Ram Twistex Ltd,SRTL,3431066,https://trendlyne.com/research-reports/stock/3431066/SRTL/,1702100000,Textiles,Textiles Apparels & Accessories,544716
Krishna Defence And Allied Industries Ltd,KRISHNADEF,854171,https://trendlyne.com/research-reports/stock/854171/KRISHNADEF/,0,,,
Uma Exports Ltd,UMAEXPORTS,854705,https://trendlyne.com/research-reports/stock/854705/UMAEXPORTS/,0,,,
Jhaveri Credits Capital Ltd,JHACC,3618,https://trendlyne.com/research-reports/stock/3618/JHACC/,1700100000,Other Financial Services,Banking and Finance,531550
Maxgrow India Ltd,FRONTBUSS,61505,https://trendlyne.com/research-reports/stock/61505/FRONTBUSS/,1692500000,BPO/KPO,Software & Services,521167
Rossell India Ltd,ROSSELLIND,1147,https://trendlyne.com/research-reports/stock/1147/ROSSELLIND/,1691100000,Aerospace & Defence,General Industrials,533168
Sunrise Efficient Marketing Ltd,11251204,857359,https://trendlyne.com/research-reports/stock/857359/11251204/,0,,,
Dhyaani Tradeventures Ltd,11550139,857360,https://trendlyne.com/research-reports/stock/857360/11550139/,0,,,
Eighty Jewellers Ltd,15070571,858678,https://trendlyne.com/research-reports/stock/858678/15070571/,0,,,
Revathi Equipment India Ltd,RVTH,2631328,https://trendlyne.com/research-reports/stock/2631328/RVTH/,1690900000,Heavy Electrical Equipment,General Industrials,544246
Le Merite Exports Ltd,LEMERITE,875301,https://trendlyne.com/research-reports/stock/875301/LEMERITE/,0,,,
Shashwat Furnishing Solutions Ltd,11570151,875302,https://trendlyne.com/research-reports/stock/875302/11570151/,0,,,
Global Longlife Hospital And Research Ltd,16550649,875303,https://trendlyne.com/research-reports/stock/875303/16550649/,0,,,
Nanavati Ventures Ltd,15070572,876018,https://trendlyne.com/research-reports/stock/876018/15070572/,0,,,
7Seas Entertainment Ltd,7SEAS,4394,https://trendlyne.com/research-reports/stock/4394/7SEAS/,1685300000,Movies & Entertainment,Media,540874
Waaree Technologies Ltd,HKT,4251,https://trendlyne.com/research-reports/stock/4251/HKT/,1678700000,Power - Electric Utilities,Utilities,539337
Bansal Roofing Products Ltd,BRPL,4057,https://trendlyne.com/research-reports/stock/4057/BRPL/,1653200000,Iron & Steel Products,Metals & Mining,538546
Vikas Ecotech Ltd,VIKASECO,1482,https://trendlyne.com/research-reports/stock/1482/VIKASECO/,1652100000,Specialty Chemicals,Chemicals & Petrochemicals,530961
Sonu Infratech Ltd,SONUINFRA,884295,https://trendlyne.com/research-reports/stock/884295/SONUINFRA/,0,,,
Ramdevbaba Solvent Ltd,RBS,2191549,https://trendlyne.com/research-reports/stock/2191549/RBS/,1646017200,,,
Rudra Global Infra Products Ltd,RUDRA,4225,https://trendlyne.com/research-reports/stock/4225/RUDRA/,1644600000,Iron & Steel/Interm.Products,Metals & Mining,539226
Pil Italica Lifestyle Ltd,PILITA,1040,https://trendlyne.com/research-reports/stock/1040/PILITA/,1642649946,,,
Bannari Amman Spinning Mills Ltd,BASML,167,https://trendlyne.com/research-reports/stock/167/BASML/,1642400000,Textiles,Textiles Apparels & Accessories,532674
Rachana Infrastructure Ltd,RILINFRA,901959,https://trendlyne.com/research-reports/stock/901959/RILINFRA/,0,,,
Globesecure Technologies Ltd,GSTL,902774,https://trendlyne.com/research-reports/stock/902774/GSTL/,0,,,
Tainwala Chemicals Plastics India Ltd,TAINWALCHM,1344,https://trendlyne.com/research-reports/stock/1344/TAINWALCHM/,1641766117,,,
Fidel Softech Ltd,FIDEL,910541,https://trendlyne.com/research-reports/stock/910541/FIDEL/,0,,,
Tierra Agrotech Ltd,543531,911310,https://trendlyne.com/research-reports/stock/911310/543531/,0,,,
Silver Pearl Hospitality Luxury Spaces Ltd,16620706,916113,https://trendlyne.com/research-reports/stock/916113/16620706/,0,,,
Goel Food Products Ltd,11290611,929173,https://trendlyne.com/research-reports/stock/929173/11290611/,0,,,
Scarnose International Ltd,16030592,929174,https://trendlyne.com/research-reports/stock/929174/16030592/,0,,,
Chandrima Mercantiles Ltd,CHANDRIMA,82140,https://trendlyne.com/research-reports/stock/82140/CHANDRIMA/,1632500000,Commodity Trading  & Distribution,Commercial Services & Supplies,540829
Pearl Green Clubs And Resorts Ltd,16620711,940240,https://trendlyne.com/research-reports/stock/940240/16620711/,0,,,
Kck Industries Ltd,KCK,940241,https://trendlyne.com/research-reports/stock/940241/KCK/,0,,,
Precision Metaliks Ltd,PRECISION,941098,https://trendlyne.com/research-reports/stock/941098/PRECISION/,0,,,
Veerkrupa Jewellers Ltd,15070573,943494,https://trendlyne.com/research-reports/stock/943494/15070573/,0,,,
Skp Bearing Industries Ltd,SKP,947664,https://trendlyne.com/research-reports/stock/947664/SKP/,0,,,
B Right Realestate Ltd,11625591,947816,https://trendlyne.com/research-reports/stock/947816/11625591/,0,,,
Kesar India Ltd,11625592,947817,https://trendlyne.com/research-reports/stock/947817/11625592/,0,,,
Jayant Infratech Ltd,11625593,947818,https://trendlyne.com/research-reports/stock/947818/11625593/,0,,,
Healthy Life Agritec Ltd,11290617,959351,https://trendlyne.com/research-reports/stock/959351/11290617/,0,,,
Agni Green Power Ltd,AGNI,962485,https://trendlyne.com/research-reports/stock/962485/AGNI/,0,,,
Mangalam Worldwide Ltd,MWL,962486,https://trendlyne.com/research-reports/stock/962486/MWL/,0,,,
Murudeshwar Ceramics Ltd,MURUDCERA,896,https://trendlyne.com/research-reports/stock/896/MURUDCERA/,1631142456,,,
Upsurge Seeds Of Agriculture Ltd,USASEEDS,978434,https://trendlyne.com/research-reports/stock/978434/USASEEDS/,0,,,
Veekayem Fashion And Apparels Ltd,VEEKAYEM,986558,https://trendlyne.com/research-reports/stock/986558/VEEKAYEM/,0,,,
Olatech Solutions Ltd,13192981,995073,https://trendlyne.com/research-reports/stock/995073/13192981/,0,,,
Affordable Robotic Automation Ltd,AFFORDABLE,94314,https://trendlyne.com/research-reports/stock/94314/AFFORDABLE/,1622800000,Industrial Machinery,General Industrials,541402
Naturo Indiabull Ltd,11290610,1005461,https://trendlyne.com/research-reports/stock/1005461/11290610/,0,,,
Jfl Life Sciences Ltd,JFLLIFE,1005462,https://trendlyne.com/research-reports/stock/1005462/JFLLIFE/,0,,,
Auro Laboratories Ltd,AUROLAB,3288,https://trendlyne.com/research-reports/stock/3288/AUROLAB/,1622600000,Pharmaceuticals,Pharmaceuticals & Biotechnology,530233
Dcm Shriram Fine Chemicals Ltd,DSFCL,3429604,https://trendlyne.com/research-reports/stock/3429604/DSFCL/,1615400000,Commodity Chemicals,Chemicals & Petrochemicals,544703
Jay Jalaram Technologies Ltd,KORE,1010382,https://trendlyne.com/research-reports/stock/1010382/KORE/,0,,,
Ameya Precision Engineers Ltd,AMEYA,1013724,https://trendlyne.com/research-reports/stock/1013724/AMEYA/,0,,,
Dipna Pharmachem Ltd,12541709,1014017,https://trendlyne.com/research-reports/stock/1014017/12541709/,0,,,
Ep Biocomposites Ltd,13521141,1016558,https://trendlyne.com/research-reports/stock/1016558/13521141/,0,,,
Vertis Infrastructure Trust,VERTIS,1016820,https://trendlyne.com/research-reports/stock/1016820/VERTIS/,0,,,
Virtuoso Optoelectronics Ltd,13090140,1023084,https://trendlyne.com/research-reports/stock/1023084/13090140/,0,,,
Mega Flex Plastics Ltd,MEGAFLEX,1024528,https://trendlyne.com/research-reports/stock/1024528/MEGAFLEX/,0,,,
Chl Ltd,CHLLTD,3888,https://trendlyne.com/research-reports/stock/3888/CHLLTD/,1613900000,Hotels,Hotels Restaurants & Tourism,532992
Viviana Power Tech Ltd,VIVIANA,1024913,https://trendlyne.com/research-reports/stock/1024913/VIVIANA/,0,,,
Shantidoot Infra Services Ltd,17210001,1027382,https://trendlyne.com/research-reports/stock/1027382/17210001/,0,,,
Sabar Flex India Ltd,SABAR,1029718,https://trendlyne.com/research-reports/stock/1029718/SABAR/,0,,,
Ishan International Ltd,ISHAN,1032265,https://trendlyne.com/research-reports/stock/1032265/ISHAN/,0,,,
Rotographics India Ltd,RGIL,61514,https://trendlyne.com/research-reports/stock/61514/RGIL/,1611700000,Commodity Trading  & Distribution,Commercial Services & Supplies,539922
Tapi Fruit Processing Ltd,TAPIFRUIT,1034922,https://trendlyne.com/research-reports/stock/1034922/TAPIFRUIT/,0,,,
Annapurna Swadisht Ltd,ANNAPURNA,1037929,https://trendlyne.com/research-reports/stock/1037929/ANNAPURNA/,0,,,
Maral Overseas Ltd,MARALOVER,838,https://trendlyne.com/research-reports/stock/838/MARALOVER/,1611300000,Textiles,Textiles Apparels & Accessories,521018
Maks Energy Solutions India Ltd,MAKS,1042459,https://trendlyne.com/research-reports/stock/1042459/MAKS/,0,,,
Kandarp Digi Smart Bpo Ltd,KANDARP,1043363,https://trendlyne.com/research-reports/stock/1043363/KANDARP/,0,,,
Containe Technologies Ltd,13192986,1046674,https://trendlyne.com/research-reports/stock/1046674/13192986/,0,,,
Mafia Trends Ltd,10780028,1051630,https://trendlyne.com/research-reports/stock/1051630/10780028/,0,,,
Qms Medical Allied Services Ltd,QMSMEDI,1051631,https://trendlyne.com/research-reports/stock/1051631/QMSMEDI/,0,,,
Cyber Media Research Services Ltd,CMRSL,1052266,https://trendlyne.com/research-reports/stock/1052266/CMRSL/,0,,,
Insolation Energy Ltd,17155224,1052267,https://trendlyne.com/research-reports/stock/1052267/17155224/,0,,,
Concord Control Systems Ltd,13510367,1054738,https://trendlyne.com/research-reports/stock/1054738/13510367/,0,,,
Trident Lifeline Ltd,12541720,1055950,https://trendlyne.com/research-reports/stock/1055950/12541720/,0,,,
Steelman Telecom Ltd,15140160,1055952,https://trendlyne.com/research-reports/stock/1055952/15140160/,0,,,
Cargotrans Maritime Ltd,17160391,1055953,https://trendlyne.com/research-reports/stock/1055953/17160391/,0,,,
Oswal Overseas Ltd,OSWALOR,3456,https://trendlyne.com/research-reports/stock/3456/OSWALOR/,1609400000,Sugar,"Food, Beverages & Tobacco",531065
Swastik Pipe Ltd,SWASTIK,1057568,https://trendlyne.com/research-reports/stock/1057568/SWASTIK/,0,,,
Lloyds Luxuries Ltd,LLOYDS,1057569,https://trendlyne.com/research-reports/stock/1057569/LLOYDS/,0,,,
Indong Tea Company Ltd,11040285,1057939,https://trendlyne.com/research-reports/stock/1057939/11040285/,0,,,
Amba Enterprises Ltd,AEL,4208,https://trendlyne.com/research-reports/stock/4208/AEL/,1590000000,Other Electrical Equipment/Products,Consumer Durables,539196
Vedant Asset Ltd,16691776,1065965,https://trendlyne.com/research-reports/stock/1065965/16691776/,0,,,
Pace E Commerce Ventures Ltd,17170021,1067230,https://trendlyne.com/research-reports/stock/1067230/17170021/,0,,,
Natural Capsules Ltd,NATCAPSUQ,3065,https://trendlyne.com/research-reports/stock/3065/NATCAPSUQ/,1588900000,Pharmaceuticals,Pharmaceuticals & Biotechnology,524654
Phantom Digital Effects Ltd,PHANTOMFX,1076215,https://trendlyne.com/research-reports/stock/1076215/PHANTOMFX/,0,,,
Technopack Polymers Ltd,12270248,1093347,https://trendlyne.com/research-reports/stock/1093347/12270248/,0,,,
Captain Pipes Ltd,CAPPIPES,4112,https://trendlyne.com/research-reports/stock/4112/CAPPIPES/,1573300000,Plastic Products,General Industrials,538817
Vital Chemtech Ltd,VITAL,1096252,https://trendlyne.com/research-reports/stock/1096252/VITAL/,0,,,
Brooks Laboratories Ltd,BROOKS,222,https://trendlyne.com/research-reports/stock/222/BROOKS/,1572400000,Pharmaceuticals,Pharmaceuticals & Biotechnology,533543
Rite Zone Chemcon India Ltd,RITEZONE,1105230,https://trendlyne.com/research-reports/stock/1105230/RITEZONE/,0,,,
Integrated Personnel Services Ltd,IPSL,1105231,https://trendlyne.com/research-reports/stock/1105231/IPSL/,0,,,
Daps Advertising Ltd,17041159,1105232,https://trendlyne.com/research-reports/stock/1105232/17041159/,0,,,
Ahmedabad Steelcraft Ltd,AHMDSTE,2901,https://trendlyne.com/research-reports/stock/2901/AHMDSTE/,1569600000,Iron & Steel/Interm.Products,Metals & Mining,522273
Baid Finserv Ltd,BAIDFIN,2499,https://trendlyne.com/research-reports/stock/2499/BAIDFIN/,1561272117,,,
Bharat Road Network Ltd,BRNL,60292,https://trendlyne.com/research-reports/stock/60292/BRNL/,1558100000,Roads & Highways,Cement and Construction,540700
Amiable Logistic India Ltd,AMIABLE,1114734,https://trendlyne.com/research-reports/stock/1114734/AMIABLE/,0,,,
Cp Capital Ltd,CPCAP,239,https://trendlyne.com/research-reports/stock/239/CPCAP/,1546200000,Education,Diversified Consumer Services,533260
Superhouse Ltd,SUPERHOUSE,1320,https://trendlyne.com/research-reports/stock/1320/SUPERHOUSE/,1538900000,Footwear,Retailing,523283
Zee Learn Ltd,ZEELEARN,1538,https://trendlyne.com/research-reports/stock/1538/ZEELEARN/,1537200000,Education,Diversified Consumer Services,533287
Vijay Solvex Ltd,VIJSOLX,3458,https://trendlyne.com/research-reports/stock/3458/VIJSOLX/,1536900000,Edible Oils,FMCG,531069
Manaksia Aluminium Company Ltd,MANAKALUCO,1572,https://trendlyne.com/research-reports/stock/1572/MANAKALUCO/,1536100000,Aluminium and Aluminium Products,Metals & Mining,539045
Ambo Agritec Ltd,11290627,1144856,https://trendlyne.com/research-reports/stock/1144856/11290627/,0,,,
Khadim India Ltd,KHADIM,65300,https://trendlyne.com/research-reports/stock/65300/KHADIM/,1527200000,Footwear,Retailing,540775
Pritika Engineering Components Ltd,PRITIKA,1157337,https://trendlyne.com/research-reports/stock/1157337/PRITIKA/,0,,,
Baheti Recycling Industries Ltd,BAHETI,1160011,https://trendlyne.com/research-reports/stock/1160011/BAHETI/,0,,,
Aarey Drugs Pharmaceuticals Ltd,AAREYDRUGS,3023,https://trendlyne.com/research-reports/stock/3023/AAREYDRUGS/,1522900000,Pharmaceuticals,Pharmaceuticals & Biotechnology,524412
Arham Technologies Ltd,ARHAM,1184831,https://trendlyne.com/research-reports/stock/1184831/ARHAM/,0,,,
Amj Land Holdings Ltd,AMJLAND,1017,https://trendlyne.com/research-reports/stock/1017/AMJLAND/,1518640038,,,
All E Technologies Ltd,ALLETEC,1190657,https://trendlyne.com/research-reports/stock/1190657/ALLETEC/,0,,,
Droneacharya Aerial Innovations Ltd,13193012,1233076,https://trendlyne.com/research-reports/stock/1233076/13193012/,0,,,
Pngs Gargi Fashion Jewellery Ltd,15070575,1233077,https://trendlyne.com/research-reports/stock/1233077/15070575/,0,,,
Equippp Social Impact Technologies Ltd,EQUIPPP,493,https://trendlyne.com/research-reports/stock/493/EQUIPPP/,1511400000,IT Consulting & Software,Software & Services,590057
Expo Engineering And Projects Ltd,EXPOGAS,3167,https://trendlyne.com/research-reports/stock/3167/EXPOGAS/,1509100000,Other Industrial Products,General Industrials,526614
Dollex Agrotech Ltd,DOLLEX,1251830,https://trendlyne.com/research-reports/stock/1251830/DOLLEX/,0,,,
Uma Converter Ltd,UMA,1251831,https://trendlyne.com/research-reports/stock/1251831/UMA/,0,,,
Arihant Academy Ltd,ARIHANTACA,1251832,https://trendlyne.com/research-reports/stock/1251832/ARIHANTACA/,0,,,
Avro India Ltd,AVROIND,100679,https://trendlyne.com/research-reports/stock/100679/AVROIND/,1503700000,Plastic Products,General Industrials,543512
Ecoboard Industries Ltd,WESTERNBIO,2972,https://trendlyne.com/research-reports/stock/2972/WESTERNBIO/,1496900000,Forest Products,Forest Materials,523732
Uravi Defence And Technology Ltd,URAVIDEF,87728,https://trendlyne.com/research-reports/stock/87728/URAVIDEF/,1496900000,Auto Parts & Equipment,Automobiles & Auto Components,543930
Rbm Infracon Ltd,RBMINFRA,1259637,https://trendlyne.com/research-reports/stock/1259637/RBMINFRA/,0,,,
Homesfy Realty Ltd,HOMESFY,1259638,https://trendlyne.com/research-reports/stock/1259638/HOMESFY/,0,,,
Moxsh Overseas Educon Ltd,MOXSH,1264558,https://trendlyne.com/research-reports/stock/1264558/MOXSH/,0,,,
Anlon Technology Solutions Ltd,ANLON,1267972,https://trendlyne.com/research-reports/stock/1267972/ANLON/,0,,,
Jaysynth Orgochem Ltd,JDORGOCHEM,3049,https://trendlyne.com/research-reports/stock/3049/JDORGOCHEM/,1486700000,Specialty Chemicals,Chemicals & Petrochemicals,524592
Svs Ventures Ltd,11625650,1277216,https://trendlyne.com/research-reports/stock/1277216/11625650/,0,,,
Rex Sealing Packing Industries Ltd,13521152,1277217,https://trendlyne.com/research-reports/stock/1277217/13521152/,0,,,
Chaman Metallics Ltd,CMNL,1279910,https://trendlyne.com/research-reports/stock/1279910/CMNL/,0,,,
Logica Infoway Ltd,17154857,1280466,https://trendlyne.com/research-reports/stock/1280466/17154857/,0,,,
Ducol Organics Colours Ltd,DUCOL,1281423,https://trendlyne.com/research-reports/stock/1281423/DUCOL/,0,,,
Aveer Foods Ltd,543737,1288861,https://trendlyne.com/research-reports/stock/1288861/543737/,0,,,
Aristo Bio Tech And Lifescience Ltd,ARISTO,1301687,https://trendlyne.com/research-reports/stock/1301687/ARISTO/,0,,,
Dharni Capital Services Ltd,14095540,1305967,https://trendlyne.com/research-reports/stock/1305967/14095540/,0,,,
Transvoy Logistics India Ltd,17160398,1316964,https://trendlyne.com/research-reports/stock/1316964/17160398/,0,,,
Sampre Nutritions Ltd,SAMPRE,3361,https://trendlyne.com/research-reports/stock/3361/SAMPRE/,1486500000,Packaged Foods,FMCG,530617
Earthstahl Alloys Ltd,15580192,1325604,https://trendlyne.com/research-reports/stock/1325604/15580192/,0,,,
Gayatri Rubbers And Chemicals Ltd,GRCL,1327404,https://trendlyne.com/research-reports/stock/1327404/GRCL/,0,,,
Aayush Wellness Ltd,AAYUSH,4304,https://trendlyne.com/research-reports/stock/4304/AAYUSH/,1485500000,Packaged Foods,FMCG,539528
Shera Energy Ltd,SHERA,1341105,https://trendlyne.com/research-reports/stock/1341105/SHERA/,0,,,
Agarwal Float Glass India Ltd,AGARWALFT,1350451,https://trendlyne.com/research-reports/stock/1350451/AGARWALFT/,0,,,
Lead Reclaim And Rubber Products Ltd,LRRPL,1352282,https://trendlyne.com/research-reports/stock/1352282/LRRPL/,0,,,
Viaz Tyres Ltd,VIAZ,1354425,https://trendlyne.com/research-reports/stock/1354425/VIAZ/,0,,,
Macfos Ltd,17170026,1358853,https://trendlyne.com/research-reports/stock/1358853/17170026/,0,,,
Sealmatic India Ltd,15620062,1364760,https://trendlyne.com/research-reports/stock/1364760/15620062/,0,,,
Patron Exim Ltd,12541731,1368274,https://trendlyne.com/research-reports/stock/1368274/12541731/,0,,,
Prajay Engineers Syndicate Ltd,PRAENG,1060,https://trendlyne.com/research-reports/stock/1060/PRAENG/,1485400000,Realty,Realty,531746
Svj Enterprises Ltd,14620246,1374439,https://trendlyne.com/research-reports/stock/1374439/14620246/,0,,,
Itcons E Solutions Ltd,16691794,1374440,https://trendlyne.com/research-reports/stock/1374440/16691794/,0,,,
Srivasavi Adhesive Tapes Ltd,SRIVASAVI,1375045,https://trendlyne.com/research-reports/stock/1375045/SRIVASAVI/,0,,,
Amanaya Ventures Ltd,15070576,1376800,https://trendlyne.com/research-reports/stock/1376800/15070576/,0,,,
Resgen Ltd,17156929,1376801,https://trendlyne.com/research-reports/stock/1376801/17156929/,0,,,
Credent Global Finance Ltd,ORACLECR,4322,https://trendlyne.com/research-reports/stock/4322/ORACLECR/,1484700000,Finance (including NBFCs),Banking and Finance,539598
Mcon Rasayan India Ltd,MCON,1382498,https://trendlyne.com/research-reports/stock/1382498/MCON/,0,,,
Vertexplus Technologies Ltd,VERTEXPLUS,1382499,https://trendlyne.com/research-reports/stock/1382499/VERTEXPLUS/,0,,,
Systango Technologies Ltd,SYSTANGO,1382500,https://trendlyne.com/research-reports/stock/1382500/SYSTANGO/,0,,,
Century Extrusions Ltd,CENTEXT,249,https://trendlyne.com/research-reports/stock/249/CENTEXT/,1484556890,,,
Prospect Consumer Products Ltd,11290631,1392447,https://trendlyne.com/research-reports/stock/1392447/11290631/,0,,,
Quality Foils India Ltd,QFIL,1392448,https://trendlyne.com/research-reports/stock/1392448/QFIL/,0,,,
Labelkraft Technologies Ltd,13030073,1394502,https://trendlyne.com/research-reports/stock/1394502/13030073/,0,,,
Bright Outdoor Media Ltd,17040844,1394503,https://trendlyne.com/research-reports/stock/1394503/17040844/,0,,,
Vels Film International Ltd,VELS,1394504,https://trendlyne.com/research-reports/stock/1394504/VELS/,0,,,
Nirman Agri Genetics Ltd,NIRMAN,1395859,https://trendlyne.com/research-reports/stock/1395859/NIRMAN/,0,,,
Puretrop Fruits Ltd,FRSHTRP,3252,https://trendlyne.com/research-reports/stock/3252/FRSHTRP/,1483600000,Other Agricultural Products,"Food, Beverages & Tobacco",530077
Command Polymers Ltd,12290015,1400443,https://trendlyne.com/research-reports/stock/1400443/12290015/,0,,,
Dev Labtech Venture Ltd,15070577,1400802,https://trendlyne.com/research-reports/stock/1400802/15070577/,0,,,
Maiden Forgings Ltd,13510244,1405676,https://trendlyne.com/research-reports/stock/1405676/13510244/,0,,,
Sotac Pharmaceuticals Ltd,SOTAC,1412794,https://trendlyne.com/research-reports/stock/1412794/SOTAC/,0,,,
Infinium Pharmachem Ltd,INFINIUM,1412795,https://trendlyne.com/research-reports/stock/1412795/INFINIUM/,0,,,
Mos Utility Ltd,MOS,1412796,https://trendlyne.com/research-reports/stock/1412796/MOS/,0,,,
Alpine Housing Development Corporation Ltd,ALPINEHOU,65,https://trendlyne.com/research-reports/stock/65/ALPINEHOU/,1475100000,Realty,Realty,526519
Exhicon Events Media Solutions Ltd,17041163,1416032,https://trendlyne.com/research-reports/stock/1416032/17041163/,0,,,
Sancode Technologies Ltd,13193017,1417311,https://trendlyne.com/research-reports/stock/1417311/13193017/,0,,,
Pattech Fitwell Tube Components Ltd,PATTECH,1420735,https://trendlyne.com/research-reports/stock/1420735/PATTECH/,0,,,
J A Finance Ltd,7191,1422940,https://trendlyne.com/research-reports/stock/1422940/7191/,0,,,
A G Universal Ltd,AGUL,1425460,https://trendlyne.com/research-reports/stock/1425460/AGUL/,0,,,
Retina Paints Ltd,11580088,1429866,https://trendlyne.com/research-reports/stock/1429866/11580088/,0,,,
Quicktouch Technologies Ltd,QUICKTOUCH,1433292,https://trendlyne.com/research-reports/stock/1433292/QUICKTOUCH/,0,,,
Ecoplast Ltd,ECOPLAST,3178,https://trendlyne.com/research-reports/stock/3178/ECOPLAST/,1470100000,Plastic Products,General Industrials,526703
Sbec Sugar Ltd,SBECSUG,3789,https://trendlyne.com/research-reports/stock/3789/SBECSUG/,1469200000,Sugar,"Food, Beverages & Tobacco",532102
Ishan Dyes And Chemicals Ltd,ISHANCH,3463,https://trendlyne.com/research-reports/stock/3463/ISHANCH/,1468700000,Specialty Chemicals,Chemicals & Petrochemicals,531109
Excel Realty N Infra Ltd,EXCEL,403,https://trendlyne.com/research-reports/stock/403/EXCEL/,1463544967,,,
Innokaiz India Ltd,17041167,1444894,https://trendlyne.com/research-reports/stock/1444894/17041167/,0,,,
Auro Impex Chemicals Ltd,AUROIMPEX,1448440,https://trendlyne.com/research-reports/stock/1448440/AUROIMPEX/,0,,,
Indian Terrain Fashions Ltd,INDTERRAIN,623,https://trendlyne.com/research-reports/stock/623/INDTERRAIN/,1460700000,Other Apparels & Accessories,Textiles Apparels & Accessories,533329
De Neers Tools Ltd,DENEERS,1461490,https://trendlyne.com/research-reports/stock/1461490/DENEERS/,0,,,
Remus Pharmaceuticals Ltd,REMUS,1462194,https://trendlyne.com/research-reports/stock/1462194/REMUS/,0,,,
Krishca Strapping Solutions Ltd,KRISHCA,1462195,https://trendlyne.com/research-reports/stock/1462195/KRISHCA/,0,,,
Crayons Advertising Ltd,CRAYONS,1466182,https://trendlyne.com/research-reports/stock/1466182/CRAYONS/,0,,,
Hemant Surgical Industries Ltd,13160045,1468533,https://trendlyne.com/research-reports/stock/1468533/13160045/,0,,,
Proventus Agrocom Ltd,PROV,1471516,https://trendlyne.com/research-reports/stock/1471516/PROV/,0,,,
Infollion Research Services Ltd,INFOLLION,1474241,https://trendlyne.com/research-reports/stock/1474241/INFOLLION/,0,,,
Vasa Denticity Ltd,DENTALKART,1475128,https://trendlyne.com/research-reports/stock/1475128/DENTALKART/,0,,,
Comrade Appliances Ltd,13210018,1478424,https://trendlyne.com/research-reports/stock/1478424/13210018/,0,,,
Cff Fluid Control Ltd,16680072,1478426,https://trendlyne.com/research-reports/stock/1478426/16680072/,0,,,
Sahana System Ltd,SAHANA,1482926,https://trendlyne.com/research-reports/stock/1482926/SAHANA/,0,,,
Kore Digital Ltd,KDL,1484161,https://trendlyne.com/research-reports/stock/1484161/KDL/,0,,,
Hbg Hotels Ltd,PHOENIXTN,4024,https://trendlyne.com/research-reports/stock/4024/PHOENIXTN/,1459100000,Hotels,Hotels Restaurants & Tourism,537839
Sonalis Consumer Products Ltd,11290633,1486747,https://trendlyne.com/research-reports/stock/1486747/11290633/,0,,,
Spectrum Talent Management Ltd,SPECTSTM,1492534,https://trendlyne.com/research-reports/stock/1492534/SPECTSTM/,0,,,
Cosmic Crf Ltd,13510368,1493810,https://trendlyne.com/research-reports/stock/1493810/13510368/,0,,,
Urban Enviro Waste Management Ltd,URBAN,1493811,https://trendlyne.com/research-reports/stock/1493811/URBAN/,0,,,
Jk Agri Genetics Ltd,JKAGRI,3983,https://trendlyne.com/research-reports/stock/3983/JKAGRI/,1458300000,Other Agricultural Products,"Food, Beverages & Tobacco",536493
Bizotic Commercial Ltd,16070369,1495024,https://trendlyne.com/research-reports/stock/1495024/16070369/,0,,,
Cell Point India Ltd,CELLPOINT,1496268,https://trendlyne.com/research-reports/stock/1496268/CELLPOINT/,0,,,
Galaxy Bearings Ltd,GALXBRG,3094,https://trendlyne.com/research-reports/stock/3094/GALXBRG/,1457700000,Abrasives & Bearings,General Industrials,526073
Vilin Bio Med Ltd,VILINBIO,1499472,https://trendlyne.com/research-reports/stock/1499472/VILINBIO/,0,,,
Essen Speciality Films Ltd,ESFL,1504302,https://trendlyne.com/research-reports/stock/1504302/ESFL/,0,,,
Aatmaj Healthcare Ltd,AATMAJ,1504303,https://trendlyne.com/research-reports/stock/1504303/AATMAJ/,0,,,
Pentagon Rubber Ltd,PENTAGON,1506001,https://trendlyne.com/research-reports/stock/1506001/PENTAGON/,0,,,
Norben Tea Exports Ltd,NORBTEAEXP,954,https://trendlyne.com/research-reports/stock/954/NORBTEAEXP/,1455200000,Tea & Coffee,"Food, Beverages & Tobacco",519528
Veefin Solutions Ltd,13193023,1508024,https://trendlyne.com/research-reports/stock/1508024/13193023/,0,,,
Magson Retail Distribution Ltd,MAGSON,1510407,https://trendlyne.com/research-reports/stock/1510407/MAGSON/,0,,,
Greenchef Appliances Ltd,GREENCHEF,1510408,https://trendlyne.com/research-reports/stock/1510408/GREENCHEF/,0,,,
Maple Infrastructure Trust,17200017,1512623,https://trendlyne.com/research-reports/stock/1512623/17200017/,0,,,
Dev Information Technology Ltd,DEVIT,87749,https://trendlyne.com/research-reports/stock/87749/DEVIT/,1451400000,IT Consulting & Software,Software & Services,543462
Swati Projects Ltd,543914,1516440,https://trendlyne.com/research-reports/stock/1516440/543914/,0,,,
Tridhya Tech Ltd,TRIDHYA,1516912,https://trendlyne.com/research-reports/stock/1516912/TRIDHYA/,0,,,
Asian Warehousing Ltd,543927,1517798,https://trendlyne.com/research-reports/stock/1517798/543927/,0,,,
Synoptics Technologies Ltd,SYNOPTICS,1520709,https://trendlyne.com/research-reports/stock/1520709/SYNOPTICS/,0,,,
Global Pet Industries Ltd,GLOBALPET,1520710,https://trendlyne.com/research-reports/stock/1520710/GLOBALPET/,0,,,
Alphalogic Industries Ltd,13521157,1520711,https://trendlyne.com/research-reports/stock/1520711/13521157/,0,,,
Machino Plastics Ltd,MACPLASQ,2933,https://trendlyne.com/research-reports/stock/2933/MACPLASQ/,1449500000,Auto Parts & Equipment,Automobiles & Auto Components,523248
Drone Destination Ltd,DRONE,1530830,https://trendlyne.com/research-reports/stock/1530830/DRONE/,0,,,
Acceleratebs India Ltd,13193031,1530831,https://trendlyne.com/research-reports/stock/1530831/13193031/,0,,,
Kaka Industries Ltd,12270250,1532583,https://trendlyne.com/research-reports/stock/1532583/12270250/,0,,,
Ahasolar Technologies Ltd,13193035,1535086,https://trendlyne.com/research-reports/stock/1535086/13193035/,0,,,
Machhar Industries Ltd,543934,1542447,https://trendlyne.com/research-reports/stock/1542447/543934/,0,,,
Incredible Industries Ltd,INCREDIBLE,4038,https://trendlyne.com/research-reports/stock/4038/INCREDIBLE/,1446900000,Iron & Steel/Interm.Products,Metals & Mining,538365
Service Care Ltd,SERVICE,1542944,https://trendlyne.com/research-reports/stock/1542944/SERVICE/,0,,,
Forbes Precision Tools And Machine Parts Ltd,13521145,1543866,https://trendlyne.com/research-reports/stock/1543866/13521145/,0,,,
Lgb Forge Ltd,LGBFORGE,788,https://trendlyne.com/research-reports/stock/788/LGBFORGE/,1441100000,Other Industrial Products,General Industrials,533007
Asarfi Hospital Ltd,16550692,1544935,https://trendlyne.com/research-reports/stock/1544935/16550692/,0,,,
Srivari Spices And Foods Ltd,SSFL,1550244,https://trendlyne.com/research-reports/stock/1550244/SSFL/,0,,,
Khazanchi Jewellers Ltd,15070580,1563599,https://trendlyne.com/research-reports/stock/1563599/15070580/,0,,,
Yasons Chemex Care Ltd,YCCL,1563601,https://trendlyne.com/research-reports/stock/1563601/YCCL/,0,,,
Committed Cargo Care Ltd,COMMITTED,1563602,https://trendlyne.com/research-reports/stock/1563602/COMMITTED/,0,,,
Excel Realty N Infra Ltd,LANDSMILL,403,https://trendlyne.com/research-reports/stock/403/LANDSMILL/,1438900000,Realty,Realty,533090
Vinsys It Services India Ltd,VINSYS,1565402,https://trendlyne.com/research-reports/stock/1565402/VINSYS/,0,,,
Shri Techtex Ltd,SHRITECH,1565403,https://trendlyne.com/research-reports/stock/1565403/SHRITECH/,0,,,
Laxmipati Engineering Works Ltd,SIVI,4015,https://trendlyne.com/research-reports/stock/4015/SIVI/,1438000000,Shipping,Transportation,537669
Oriana Power Ltd,ORIANA,1574263,https://trendlyne.com/research-reports/stock/1574263/ORIANA/,0,,,
Zeal Global Services Ltd,ZEAL,1574264,https://trendlyne.com/research-reports/stock/1574264/ZEAL/,0,,,
Digidrive Distributors Ltd,DIGIDRIVE,1577285,https://trendlyne.com/research-reports/stock/1577285/DIGIDRIVE/,0,,,
Salona Cotspin Ltd,SALONA,1170,https://trendlyne.com/research-reports/stock/1170/SALONA/,1436600000,Textiles,Textiles Apparels & Accessories,590056
Yudiz Solutions Ltd,YUDIZ,1580026,https://trendlyne.com/research-reports/stock/1580026/YUDIZ/,0,,,
Plaza Wires Ltd,PLAZACABLE,1719121,https://trendlyne.com/research-reports/stock/1719121/PLAZACABLE/,1435900000,Wires & Cables,Consumer Durables,544003
Sangani Hospitals Ltd,SANGANI,1587029,https://trendlyne.com/research-reports/stock/1587029/SANGANI/,0,,,
Vipul Ltd,VIPULLTD,1489,https://trendlyne.com/research-reports/stock/1489/VIPULLTD/,1432906454,,,
Avi Polymers Ltd,AVI,4242,https://trendlyne.com/research-reports/stock/4242/AVI/,1425400000,Specialty Chemicals,Chemicals & Petrochemicals,539288
Shelter Pharma Ltd,12541738,1610328,https://trendlyne.com/research-reports/stock/1610328/12541738/,0,,,
Trigyn Technologies Ltd,TRIGYN,1416,https://trendlyne.com/research-reports/stock/1416/TRIGYN/,1419089813,,,
Kanchi Karpooram Ltd,KANCHI,4134,https://trendlyne.com/research-reports/stock/4134/KANCHI/,1418500000,Commodity Chemicals,Chemicals & Petrochemicals,538896
Crop Life Science Ltd,CLSL,1615358,https://trendlyne.com/research-reports/stock/1615358/CLSL/,0,,,
Bondada Engineering Ltd,13521165,1615359,https://trendlyne.com/research-reports/stock/1615359/13521165/,0,,,
Tamboli Industries Ltd,TAMBOLI,3901,https://trendlyne.com/research-reports/stock/3901/TAMBOLI/,1418100000,Holding Companies,Diversified,533170
Shoora Designs Ltd,15070582,1616360,https://trendlyne.com/research-reports/stock/1616360/15070582/,0,,,
Indbank Merchant Banking Services Ltd,INDBANK,605,https://trendlyne.com/research-reports/stock/605/INDBANK/,1415823940,,,
Sayaji Hotels Pune Ltd,16620543,1618696,https://trendlyne.com/research-reports/stock/1618696/16620543/,0,,,
Ruchi Infrastructure Ltd,RUCHINFRA,1155,https://trendlyne.com/research-reports/stock/1155/RUCHINFRA/,1413132750,,,
Sungarner Energies Ltd,SEL,1632918,https://trendlyne.com/research-reports/stock/1632918/SEL/,0,,,
Star Delta Transformers Ltd,STARDELTA,4233,https://trendlyne.com/research-reports/stock/4233/STARDELTA/,1406900000,Heavy Electrical Equipment,General Industrials,539255
Coral Laboratories Ltd,CORALAB,3033,https://trendlyne.com/research-reports/stock/3033/CORALAB/,1403900000,Pharmaceuticals,Pharmaceuticals & Biotechnology,524506
Mono Pharmacare Ltd,MONOPHARMA,1645085,https://trendlyne.com/research-reports/stock/1645085/MONOPHARMA/,0,,,
Available Finance Ltd,AVAILFC,3544,https://trendlyne.com/research-reports/stock/3544/AVAILFC/,1403500000,Finance (including NBFCs),Banking and Finance,531310
Kamdhenu Ventures Ltd,KAMOPAINTS,1321607,https://trendlyne.com/research-reports/stock/1321607/KAMOPAINTS/,1401500000,Paints,Consumer Durables,543747
Cps Shapers Ltd,CPS,1650516,https://trendlyne.com/research-reports/stock/1650516/CPS/,0,,,
Basilic Fly Studio Ltd,BASILIC,1650517,https://trendlyne.com/research-reports/stock/1650517/BASILIC/,0,,,
Saroja Pharma Industries India Ltd,SAROJA,1658098,https://trendlyne.com/research-reports/stock/1658098/SAROJA/,0,,,
Pramara Promotions Ltd,PRAMARA,1662079,https://trendlyne.com/research-reports/stock/1662079/PRAMARA/,0,,,
Signet Industries Ltd,SIGIND,1238,https://trendlyne.com/research-reports/stock/1238/SIGIND/,1400648658,,,
Digicontent Ltd,DGCONTENT,149707,https://trendlyne.com/research-reports/stock/149707/DGCONTENT/,1398200000,Advertising & Media,Media,542685
Unihealth Hospitals Ltd,UNIHEALTH,1671909,https://trendlyne.com/research-reports/stock/1671909/UNIHEALTH/,0,,,
Chavda Infra Ltd,CHAVDA,1674694,https://trendlyne.com/research-reports/stock/1674694/CHAVDA/,0,,,
Jiwanram Sheoduttrai Industries Ltd,JIWANRAM,1674696,https://trendlyne.com/research-reports/stock/1674696/JIWANRAM/,0,,,
Quest Flow Controls Ltd,11251247,1677302,https://trendlyne.com/research-reports/stock/1677302/11251247/,0,,,
Kundan Edifice Ltd,KEL,1677303,https://trendlyne.com/research-reports/stock/1677303/KEL/,0,,,
Shradha Ai Technologies Ltd,543976,1678457,https://trendlyne.com/research-reports/stock/1678457/543976/,0,,,
Bharat Gears Ltd,BHARATGEAR,185,https://trendlyne.com/research-reports/stock/185/BHARATGEAR/,1397376103,,,
Gp Petroleums Ltd,GULFPETRO,1164,https://trendlyne.com/research-reports/stock/1164/GULFPETRO/,1395400000,Oil Marketing & Distribution,Oil & Gas,532543
Cellecor Gadgets Ltd,CELLECOR,1681352,https://trendlyne.com/research-reports/stock/1681352/CELLECOR/,0,,,
Madhusudan Masala Ltd,MADHUSUDAN,1690559,https://trendlyne.com/research-reports/stock/1690559/MADHUSUDAN/,0,,,
Sonal Mercantile Ltd,SONAL,4145,https://trendlyne.com/research-reports/stock/4145/SONAL/,1394300000,Finance (including NBFCs),Banking and Finance,538943
Tarmat Ltd,TARMAT,1354,https://trendlyne.com/research-reports/stock/1354/TARMAT/,1390300000,Construction & Engineering,Cement and Construction,532869
Holmarc Opto Mechatronics Ltd,HOLMARC,1693117,https://trendlyne.com/research-reports/stock/1693117/HOLMARC/,0,,,
Kody Technolab Ltd,KODYTECH,1694303,https://trendlyne.com/research-reports/stock/1694303/KODYTECH/,0,,,
Umiya Buildcon Ltd,UMIYA-MRO,884,https://trendlyne.com/research-reports/stock/884/UMIYA-MRO/,1386800000,Telecom Equipment,Telecommunications Equipment,532376
Niraj Cement Structurals Ltd,NIRAJ,3887,https://trendlyne.com/research-reports/stock/3887/NIRAJ/,1382500000,Construction & Engineering,Cement and Construction,532986
Master Components Ltd,MASTER,1698175,https://trendlyne.com/research-reports/stock/1698175/MASTER/,0,,,
Magnum Ventures Ltd,MAGNUM,814,https://trendlyne.com/research-reports/stock/814/MAGNUM/,1381400000,Paper & Paper Products,Commercial Services & Supplies,532896
Techknowgreen Solutions Ltd,16691812,1698178,https://trendlyne.com/research-reports/stock/1698178/16691812/,0,,,
Sadbhav Engineering Ltd,SADBHAV,1162,https://trendlyne.com/research-reports/stock/1162/SADBHAV/,1379400000,Construction & Engineering,Cement and Construction,532710
Marco Cables Conductors Ltd,MARCO,1700412,https://trendlyne.com/research-reports/stock/1700412/MARCO/,0,,,
Mangalam Alloys Ltd,MAL,1700413,https://trendlyne.com/research-reports/stock/1700413/MAL/,0,,,
Goyal Salt Ltd,GOYALSALT,1706791,https://trendlyne.com/research-reports/stock/1706791/GOYALSALT/,0,,,
Saakshi Medtech Panels Ltd,SAAKSHI,1706792,https://trendlyne.com/research-reports/stock/1706792/SAAKSHI/,0,,,
Organic Recycling Systems Ltd,13521172,1706793,https://trendlyne.com/research-reports/stock/1706793/13521172/,0,,,
Inspire Films Ltd,INSPIRE,1708110,https://trendlyne.com/research-reports/stock/1708110/INSPIRE/,0,,,
Trustedge Capital Ltd,ADIEXRE,3779,https://trendlyne.com/research-reports/stock/3779/ADIEXRE/,1378200000,Finance (including NBFCs),Banking and Finance,532056
Newjaisa Technologies Ltd,NEWJAISA,1710028,https://trendlyne.com/research-reports/stock/1710028/NEWJAISA/,0,,,
Arabian Petroleum Ltd,ARABIAN,1710029,https://trendlyne.com/research-reports/stock/1710029/ARABIAN/,0,,,
Digikore Studios Ltd,DIGIKORE,1710030,https://trendlyne.com/research-reports/stock/1710030/DIGIKORE/,0,,,
Hi Green Carbon Ltd,HIGREEN,1711194,https://trendlyne.com/research-reports/stock/1711194/HIGREEN/,0,,,
Sunita Tools Ltd,13521173,1712189,https://trendlyne.com/research-reports/stock/1712189/13521173/,0,,,
E Factor Experiences Ltd,EFACTOR,1712498,https://trendlyne.com/research-reports/stock/1712498/EFACTOR/,0,,,
Xelpmoc Design And Tech Ltd,XELPMOC,126482,https://trendlyne.com/research-reports/stock/126482/XELPMOC/,1375100000,Internet Software & Services,Software & Services,542367
Kontor Space Ltd,KONTOR,1714980,https://trendlyne.com/research-reports/stock/1714980/KONTOR/,0,,,
Vishnusurya Projects And Infra Ltd,VISHNUINFR,1714982,https://trendlyne.com/research-reports/stock/1714982/VISHNUINFR/,0,,,
Canarys Automations Ltd,CANARYS,1715907,https://trendlyne.com/research-reports/stock/1715907/CANARYS/,0,,,
Vinyas Innovative Technologies Ltd,VINYAS,1715908,https://trendlyne.com/research-reports/stock/1715908/VINYAS/,0,,,
Panchsheel Organics Ltd,PANCHSHEEL,1000,https://trendlyne.com/research-reports/stock/1000/PANCHSHEEL/,1363000000,Pharmaceuticals,Pharmaceuticals & Biotechnology,531726
Oneclick Logistics Ltd,OLIL,1715910,https://trendlyne.com/research-reports/stock/1715910/OLIL/,0,,,
City Crops Agro Ltd,11251248,1719120,https://trendlyne.com/research-reports/stock/1719120/11251248/,0,,,
Pmc Fincorp Ltd,PMCFIN,3920,https://trendlyne.com/research-reports/stock/3920/PMCFIN/,1360100000,Finance (including NBFCs),Banking and Finance,534060
Karnika Industries Ltd,KARNIKA,1719122,https://trendlyne.com/research-reports/stock/1719122/KARNIKA/,0,,,
Sharp Chucks And Machines Ltd,SCML,1719923,https://trendlyne.com/research-reports/stock/1719923/SCML/,0,,,
Plada Infotech Services Ltd,PLADAINFO,1719924,https://trendlyne.com/research-reports/stock/1719924/PLADAINFO/,0,,,
Vivaa Tradecom Ltd,16070372,1719925,https://trendlyne.com/research-reports/stock/1719925/16070372/,0,,,
Akanksha Power And Infrastructure Ltd,AKANKSHA,1721831,https://trendlyne.com/research-reports/stock/1721831/AKANKSHA/,0,,,
Arcl Organics Ltd,543993,1726704,https://trendlyne.com/research-reports/stock/1726704/543993/,0,,,
Arvind Port And Infra Ltd,ARVINDPORT,1746014,https://trendlyne.com/research-reports/stock/1746014/ARVINDPORT/,0,,,
Rajgor Castor Derivatives Ltd,RCDL,1747000,https://trendlyne.com/research-reports/stock/1747000/RCDL/,0,,,
Citizen Infoline Ltd,CIL,4104,https://trendlyne.com/research-reports/stock/4104/CIL/,1357700000,Publishing,Commercial Services & Supplies,538786
Womancart Ltd,WOMANCART,1749264,https://trendlyne.com/research-reports/stock/1749264/WOMANCART/,0,,,
On Door Concepts Ltd,ONDOOR,1753938,https://trendlyne.com/research-reports/stock/1753938/ONDOOR/,0,,,
Premco Global Ltd,PREMCO,3312,https://trendlyne.com/research-reports/stock/3312/PREMCO/,1357300000,Textiles,Textiles Apparels & Accessories,530331
Paragon Fine Speciality Chemical Ltd,PARAGON,1761998,https://trendlyne.com/research-reports/stock/1761998/PARAGON/,0,,,
Shanthala Fmcg Products Ltd,SHANTHALA,1763539,https://trendlyne.com/research-reports/stock/1763539/SHANTHALA/,0,,,
Maitreya Medicare Ltd,MAITREYA,1763540,https://trendlyne.com/research-reports/stock/1763540/MAITREYA/,0,,,
Transteel Seating Technologies Ltd,TRANSTEEL,1767396,https://trendlyne.com/research-reports/stock/1767396/TRANSTEEL/,0,,,
Archidply Industries Ltd,ARCHIDPLY,96,https://trendlyne.com/research-reports/stock/96/ARCHIDPLY/,1351400000,Forest Products,Forest Materials,532994
Emmbi Industries Ltd,EMMBI,377,https://trendlyne.com/research-reports/stock/377/EMMBI/,1350700000,Containers & Packaging,Commercial Services & Supplies,533161
Kk Shah Hospitals Ltd,16550712,1769049,https://trendlyne.com/research-reports/stock/1769049/16550712/,0,,,
Vrundavan Plantation Ltd,11040288,1770395,https://trendlyne.com/research-reports/stock/1770395/11040288/,0,,,
Sar Televenture Ltd,SARTELE,1770397,https://trendlyne.com/research-reports/stock/1770397/SARTELE/,0,,,
Mish Designs Ltd,16070373,1770399,https://trendlyne.com/research-reports/stock/1770399/16070373/,0,,,
Sumuka Agro Industries Ltd,SUPRBPA,3782,https://trendlyne.com/research-reports/stock/3782/SUPRBPA/,1350700000,Other Food & Beverages,"Food, Beverages & Tobacco",532070
Micropro Software Solutions Ltd,MICROPRO,1776119,https://trendlyne.com/research-reports/stock/1776119/MICROPRO/,0,,,
Upsurge Investment Finance Ltd,USAL,3567,https://trendlyne.com/research-reports/stock/3567/USAL/,1336800000,Finance (including NBFCs),Banking and Finance,531390
National Fittings Ltd,NATFIT,3537,https://trendlyne.com/research-reports/stock/3537/NATFIT/,1335200000,Iron & Steel Products,Metals & Mining,531289
Sunrest Lifescience Ltd,SUNREST,1777099,https://trendlyne.com/research-reports/stock/1777099/SUNREST/,0,,,
Rox Hi Tech Ltd,ROXHITECH,1777100,https://trendlyne.com/research-reports/stock/1777100/ROXHITECH/,0,,,
Baba Food Processing India Ltd,BABAFP,1779435,https://trendlyne.com/research-reports/stock/1779435/BABAFP/,0,,,
Kalyani Cast Tech Ltd,13560263,1782161,https://trendlyne.com/research-reports/stock/1782161/13560263/,0,,,
Filatex Fashions Ltd,FILATFASH,3768,https://trendlyne.com/research-reports/stock/3768/FILATFASH/,1333500000,Textiles,Textiles Apparels & Accessories,532022
I P Rings Ltd,IPRINGLTD,643,https://trendlyne.com/research-reports/stock/643/IPRINGLTD/,1330300000,Auto Parts & Equipment,Automobiles & Auto Components,523638
Arrowhead Seperation Engineering Ltd,13521176,1787963,https://trendlyne.com/research-reports/stock/1787963/13521176/,0,,,
Dhp India Ltd,DHPIND,3542,https://trendlyne.com/research-reports/stock/3542/DHPIND/,1328700000,Oil Equipment & Services,Oil & Gas,531306
Jeevan Scientific Technology Ltd,JSTL,4115,https://trendlyne.com/research-reports/stock/4115/JSTL/,1326200000,Healthcare Services,Healthcare,538837
Rockingdeals Circular Economy Ltd,ROCKINGDCE,1796107,https://trendlyne.com/research-reports/stock/1796107/ROCKINGDCE/,0,,,
Ausom Enterprise Ltd,AUSOMENT,133,https://trendlyne.com/research-reports/stock/133/AUSOMENT/,1320939686,,,
Swashthik Plascon Ltd,12270258,1799602,https://trendlyne.com/research-reports/stock/1799602/12270258/,0,,,
Deepak Chemtex Ltd,16090117,1803547,https://trendlyne.com/research-reports/stock/1803547/16090117/,0,,,
Net Avenue Technologies Ltd,CBAZAAR,1804377,https://trendlyne.com/research-reports/stock/1804377/CBAZAAR/,0,,,
Amic Forging Ltd,13570128,1804378,https://trendlyne.com/research-reports/stock/1804378/13570128/,0,,,
Graphisads Ltd,GRAPHISAD,1805031,https://trendlyne.com/research-reports/stock/1805031/GRAPHISAD/,0,,,
Marinetrans India Ltd,MARINETRAN,1811370,https://trendlyne.com/research-reports/stock/1811370/MARINETRAN/,0,,,
Sheetal Universal Ltd,SHEETAL,1812831,https://trendlyne.com/research-reports/stock/1812831/SHEETAL/,0,,,
Accent Microcell Ltd,ACCENTMIC,1818674,https://trendlyne.com/research-reports/stock/1818674/ACCENTMIC/,0,,,
Viram Suvarn Ltd,VOL,52915,https://trendlyne.com/research-reports/stock/52915/VOL/,1318400000,Gems & Jewellery,Textiles Apparels & Accessories,540252
S J Logistics India Ltd,SJLOGISTIC,1823030,https://trendlyne.com/research-reports/stock/1823030/SJLOGISTIC/,0,,,
Bilcare Ltd,BI,3208,https://trendlyne.com/research-reports/stock/3208/BI/,1313800000,Healthcare Supplies,Healthcare,526853
Presstonic Engineering Ltd,PRESSTONIC,1825586,https://trendlyne.com/research-reports/stock/1825586/PRESSTONIC/,0,,,
Siyaram Recycling Industries Ltd,13521185,1826518,https://trendlyne.com/research-reports/stock/1826518/13521185/,0,,,
Keynote Financial Services Ltd,KEYFINSERV,734,https://trendlyne.com/research-reports/stock/734/KEYFINSERV/,1313373999,,,
Shree Osfm E Mobility Ltd,SHREEOSFM,1827287,https://trendlyne.com/research-reports/stock/1827287/SHREEOSFM/,0,,,
Cosmo Ferrites Ltd,COSMOFE,2916,https://trendlyne.com/research-reports/stock/2916/COSMOFE/,1313300000,Iron & Steel/Interm.Products,Metals & Mining,523100
Sampann Utpadan India Ltd,SAMPANN,1202,https://trendlyne.com/research-reports/stock/1202/SAMPANN/,1312500000,Auto Tyres & Rubber Products,Automobiles & Auto Components,534598
Alan Scott Enterprises Ltd,ALANSCOTT,4183,https://trendlyne.com/research-reports/stock/4183/ALANSCOTT/,1312200000,Commodity Trading  & Distribution,Commercial Services & Supplies,539115
Benchmark Computer Solutions Ltd,13193086,1833302,https://trendlyne.com/research-reports/stock/1833302/13193086/,0,,,
Shri Bajrang Alliance Ltd,SHBAJRG,3234,https://trendlyne.com/research-reports/stock/3234/SHBAJRG/,1310000000,Iron & Steel Products,Metals & Mining,526981
Shanti Spintex Ltd,16110028,1834813,https://trendlyne.com/research-reports/stock/1834813/16110028/,0,,,
Electro Force India Ltd,EFORCE,1839018,https://trendlyne.com/research-reports/stock/1839018/EFORCE/,0,,,
Vaghani Techno Build Ltd,VAGHANI,3664,https://trendlyne.com/research-reports/stock/3664/VAGHANI/,1310000000,Other Food & Beverages,"Food, Beverages & Tobacco",531676
Aksharchem India Ltd,AKSHARCHEM,3051,https://trendlyne.com/research-reports/stock/3051/AKSHARCHEM/,1308600000,Dyes & Pigments,Chemicals & Petrochemicals,524598
Ivp Ltd,IVP,651,https://trendlyne.com/research-reports/stock/651/IVP/,1297534088,,,
Trident Techlabs Ltd,TECHLABS,1840439,https://trendlyne.com/research-reports/stock/1840439/TECHLABS/,0,,,
Sahara Maritime Ltd,17160419,1840440,https://trendlyne.com/research-reports/stock/1840440/17160419/,0,,,
Bengal Tea And Fabrics Ltd,BENGALTEA,3805,https://trendlyne.com/research-reports/stock/3805/BENGALTEA/,1296900000,Tea & Coffee,"Food, Beverages & Tobacco",532230
Hindprakash Industries Ltd,HPIL,180851,https://trendlyne.com/research-reports/stock/180851/HPIL/,1295200000,Dyes & Pigments,Chemicals & Petrochemicals,543645
Supreme Power Equipment Ltd,SUPREMEPWR,1845602,https://trendlyne.com/research-reports/stock/1845602/SUPREMEPWR/,0,,,
Aban Offshore Ltd,ABAN,16,https://trendlyne.com/research-reports/stock/16/ABAN/,1291600000,Exploration & Production,Oil & Gas,523204
Indifra Ltd,INDIFRA,1845604,https://trendlyne.com/research-reports/stock/1845604/INDIFRA/,0,,,
Sameera Agro And Infra Ltd,SAIFL,1845605,https://trendlyne.com/research-reports/stock/1845605/SAIFL/,0,,,
Aik Pipes And Polymers Ltd,12190082,1849099,https://trendlyne.com/research-reports/stock/1849099/12190082/,0,,,
Shri Balaji Valve Components Ltd,13521186,1849100,https://trendlyne.com/research-reports/stock/1849100/13521186/,0,,,
Kay Cee Energy Infra Ltd,KCEIL,1850807,https://trendlyne.com/research-reports/stock/1850807/KCEIL/,0,,,
Manoj Ceramic Ltd,11540278,1852543,https://trendlyne.com/research-reports/stock/1852543/11540278/,0,,,
Hrh Next Services Ltd,HRHNEXT,1852544,https://trendlyne.com/research-reports/stock/1852544/HRHNEXT/,0,,,
Kaushalya Logistics Ltd,KLL,1862855,https://trendlyne.com/research-reports/stock/1862855/KLL/,0,,,
Maha Rashtra Apex Corporation Ltd,MAHAPEXLTD,2941,https://trendlyne.com/research-reports/stock/2941/MAHAPEXLTD/,1289400000,Finance (including NBFCs),Banking and Finance,523384
Ibl Finance Ltd,IBLFL,1876104,https://trendlyne.com/research-reports/stock/1876104/IBLFL/,0,,,
New Swan Multitech Ltd,10670498,1880005,https://trendlyne.com/research-reports/stock/1880005/10670498/,0,,,
Australian Premium Solar India Ltd,APS,1886371,https://trendlyne.com/research-reports/stock/1886371/APS/,0,,,
Addictive Learning Technology Ltd,ADDICTIVE,1886372,https://trendlyne.com/research-reports/stock/1886372/ADDICTIVE/,0,,,
Shree Marutinandan Tubes Ltd,15580194,1888080,https://trendlyne.com/research-reports/stock/1888080/15580194/,0,,,
Maxposure Ltd,MAXPOSURE,1888081,https://trendlyne.com/research-reports/stock/1888081/MAXPOSURE/,0,,,
Sayaji Hotels Indore Ltd,544080,1897652,https://trendlyne.com/research-reports/stock/1897652/544080/,0,,,
Sustainable Energy Infra Trust,SEITINVIT,1897653,https://trendlyne.com/research-reports/stock/1897653/SEITINVIT/,0,,,
Kg Petrochem Ltd,KGPETRO,3640,https://trendlyne.com/research-reports/stock/3640/KGPETRO/,1285200000,Textiles,Textiles Apparels & Accessories,531609
Konstelec Engineers Ltd,KONSTELEC,1912621,https://trendlyne.com/research-reports/stock/1912621/KONSTELEC/,0,,,
Future Retail Limited Dvr,FELDVR,427,https://trendlyne.com/research-reports/stock/427/FELDVR/,1285193161,,,
Euphoria Infotech India Ltd,13193110,1920590,https://trendlyne.com/research-reports/stock/1920590/13193110/,0,,,
Brisk Technovision Ltd,13010126,1922181,https://trendlyne.com/research-reports/stock/1922181/13010126/,0,,,
Qualitek Labs Ltd,16691851,1922182,https://trendlyne.com/research-reports/stock/1922182/16691851/,0,,,
Fonebox Retail Ltd,FONEBOX,1924503,https://trendlyne.com/research-reports/stock/1924503/FONEBOX/,0,,,
Delaplex Ltd,DELAPLEX,1924504,https://trendlyne.com/research-reports/stock/1924504/DELAPLEX/,0,,,
Baweja Studios Ltd,BAWEJA,1924505,https://trendlyne.com/research-reports/stock/1924505/BAWEJA/,0,,,
Harshdeep Hortico Ltd,12270262,1927390,https://trendlyne.com/research-reports/stock/1927390/12270262/,0,,,
Megatherm Induction Ltd,MEGATHERM,1927391,https://trendlyne.com/research-reports/stock/1927391/MEGATHERM/,0,,,
Mayank Cattle Food Ltd,11120234,1954283,https://trendlyne.com/research-reports/stock/1954283/11120234/,0,,,
Docmode Health Technologies Ltd,DHTL,1954284,https://trendlyne.com/research-reports/stock/1954284/DHTL/,0,,,
Dhunseri Tea Industries Ltd,DTIL,1561,https://trendlyne.com/research-reports/stock/1561/DTIL/,1284600000,Tea & Coffee,"Food, Beverages & Tobacco",538902
Gabriel Pet Straps Ltd,12130124,1964485,https://trendlyne.com/research-reports/stock/1964485/12130124/,0,,,
Italian Edibles Ltd,ITALIANE,1979201,https://trendlyne.com/research-reports/stock/1979201/ITALIANE/,0,,,
Integra Essentia Ltd,ESSENTIA,636,https://trendlyne.com/research-reports/stock/636/ESSENTIA/,1281200000,Other Apparels & Accessories,Textiles Apparels & Accessories,535958
Alpex Solar Ltd,ALPEXSOLAR,1992193,https://trendlyne.com/research-reports/stock/1992193/ALPEXSOLAR/,0,,,
Titan Securities Ltd,TITANSEC,3244,https://trendlyne.com/research-reports/stock/3244/TITANSEC/,1281100000,Finance (including NBFCs),Banking and Finance,530045
Wise Travel India Ltd,WTICAB,1996282,https://trendlyne.com/research-reports/stock/1996282/WTICAB/,0,,,
Sanco Trans Ltd,SANCTRN,2919,https://trendlyne.com/research-reports/stock/2919/SANCTRN/,1278000000,Transport Related Services,Transportation,523116
Rudra Gas Enterprise Ltd,11625718,2009417,https://trendlyne.com/research-reports/stock/2009417/11625718/,0,,,
Polysil Irrigation Systems Ltd,POLYSIL,2009418,https://trendlyne.com/research-reports/stock/2009418/POLYSIL/,0,,,
Sir Shadilal Enterprises Ltd,SSLEL,3875,https://trendlyne.com/research-reports/stock/3875/SSLEL/,1276300000,Sugar,"Food, Beverages & Tobacco",532879
North Eastern Carrying Corporation Ltd,NECCLTD,1983,https://trendlyne.com/research-reports/stock/1983/NECCLTD/,1275000000,Warehousing & Logistics,Transportation,534615
Jasch Gauging Technologies Ltd,13521200,2030390,https://trendlyne.com/research-reports/stock/2030390/13521200/,0,,,
Thaai Casting Ltd,TCL,2035590,https://trendlyne.com/research-reports/stock/2035590/TCL/,0,,,
Interiors More Ltd,INM,2039497,https://trendlyne.com/research-reports/stock/2039497/INM/,0,,,
Atmastco Ltd,ATMASTCO,2039498,https://trendlyne.com/research-reports/stock/2039498/ATMASTCO/,0,,,
Zenith Drugs Ltd,ZENITHDRUG,2041673,https://trendlyne.com/research-reports/stock/2041673/ZENITHDRUG/,0,,,
Esconet Technologies Ltd,ESCONET,2043690,https://trendlyne.com/research-reports/stock/2043690/ESCONET/,0,,,
Supra Pacific Financial Services Ltd,SUPRAP,52905,https://trendlyne.com/research-reports/stock/52905/SUPRAP/,1273300000,Finance (including NBFCs),Banking and Finance,540168
National Plastic Technologies Ltd,NATPLASTI,3535,https://trendlyne.com/research-reports/stock/3535/NATPLASTI/,1272500000,Plastic Products,General Industrials,531287
Ndr Invit Trust,NDRINVIT,2049001,https://trendlyne.com/research-reports/stock/2049001/NDRINVIT/,0,,,
Deem Roll Tech Ltd,DEEM,2056672,https://trendlyne.com/research-reports/stock/2056672/DEEM/,0,,,
Rama Vision Ltd,RAMAVISION,2935,https://trendlyne.com/research-reports/stock/2935/RAMAVISION/,1270400000,Commodity Trading  & Distribution,Commercial Services & Supplies,523289
Purv Flexipack Ltd,PURVFLEXI,2059695,https://trendlyne.com/research-reports/stock/2059695/PURVFLEXI/,0,,,
Sadhav Shipping Ltd,SADHAV,2059696,https://trendlyne.com/research-reports/stock/2059696/SADHAV/,0,,,
Owais Metal And Mineral Processing Ltd,OWAIS,2072821,https://trendlyne.com/research-reports/stock/2072821/OWAIS/,0,,,
Mangalam Seeds Ltd,MSL,4239,https://trendlyne.com/research-reports/stock/4239/MSL/,1268200000,Other Agricultural Products,"Food, Beverages & Tobacco",539275
Kimia Biosciences Ltd,LAURLOR,3308,https://trendlyne.com/research-reports/stock/3308/LAURLOR/,1267000000,Pharmaceuticals,Pharmaceuticals & Biotechnology,530313
Tips Films Ltd,TIPSFILMS,1073740,https://trendlyne.com/research-reports/stock/1073740/TIPSFILMS/,1263200000,Movies & Entertainment,Media,543614
Mvk Agro Food Product Ltd,MVKAGRO,2083516,https://trendlyne.com/research-reports/stock/2083516/MVKAGRO/,0,,,
Pune E Stock Broking Ltd,14095613,2101521,https://trendlyne.com/research-reports/stock/2101521/14095613/,0,,,
Sona Machinery Ltd,SONAMAC,2102498,https://trendlyne.com/research-reports/stock/2102498/SONAMAC/,0,,,
Globus Power Generation Ltd,GLOBUSCON,3090,https://trendlyne.com/research-reports/stock/3090/GLOBUSCON/,1256600000,Power - Electric Utilities,Utilities,526025
Ok Play India Ltd,OKPLA,3129,https://trendlyne.com/research-reports/stock/3129/OKPLA/,1252100000,Specialty Retail,Retailing,526415
V R Infraspace Ltd,VR,2104572,https://trendlyne.com/research-reports/stock/2104572/VR/,0,,,
Indowind Energy Ltd,INDOWIND,619,https://trendlyne.com/research-reports/stock/619/INDOWIND/,1247800000,Power - Electric Utilities,Utilities,532894
Shree Karni Fabcom Ltd,SHREEKARNI,2106583,https://trendlyne.com/research-reports/stock/2106583/SHREEKARNI/,0,,,
Pratham Epc Projects Ltd,PRATHAM,2114462,https://trendlyne.com/research-reports/stock/2114462/PRATHAM/,0,,,
Koura Fine Diamond Jewelry Ltd,15070585,2114463,https://trendlyne.com/research-reports/stock/2114463/15070585/,0,,,
Signoria Creation Ltd,SIGNORIA,2119170,https://trendlyne.com/research-reports/stock/2119170/SIGNORIA/,0,,,
Lorenzini Apparels Ltd,LAL,82961,https://trendlyne.com/research-reports/stock/82961/LAL/,1243700000,Other Apparels & Accessories,Textiles Apparels & Accessories,540952
Tirupati Starch Chemicals Ltd,TIRUSTA,3046,https://trendlyne.com/research-reports/stock/3046/TIRUSTA/,1241300000,Other Food & Beverages,"Food, Beverages & Tobacco",524582
Royal Sense Ltd,13160101,2125634,https://trendlyne.com/research-reports/stock/2125634/13160101/,0,,,
Avp Infracon Ltd,AVPINFRA,2125636,https://trendlyne.com/research-reports/stock/2125636/AVPINFRA/,0,,,
Yarn Syndicate Ltd Partly Paidup,890197,2130963,https://trendlyne.com/research-reports/stock/2130963/890197/,0,,,
Kp Green Engineering Ltd,13521205,2133789,https://trendlyne.com/research-reports/stock/2133789/13521205/,0,,,
Enfuse Solutions Ltd,ENFUSE,2141289,https://trendlyne.com/research-reports/stock/2141289/ENFUSE/,0,,,
Enser Communications Ltd,ENSER,2147687,https://trendlyne.com/research-reports/stock/2147687/ENSER/,0,,,
Chatha Foods Ltd,11290281,2150770,https://trendlyne.com/research-reports/stock/2150770/11290281/,0,,,
Vishwas Agri Seeds Ltd,VISHWAS,2153411,https://trendlyne.com/research-reports/stock/2153411/VISHWAS/,0,,,
Virat Leasing Ltd,VLL,4198,https://trendlyne.com/research-reports/stock/4198/VLL/,1240400000,Finance (including NBFCs),Banking and Finance,539167
Naman In Store India Ltd,NAMAN,2160196,https://trendlyne.com/research-reports/stock/2160196/NAMAN/,0,,,
Ace Men Engg Works Ltd,ACEMEN,4332,https://trendlyne.com/research-reports/stock/4332/ACEMEN/,1238500000,Distributors,Commercial Services & Supplies,539661
Vruddhi Engineering Works Ltd,13510381,2161997,https://trendlyne.com/research-reports/stock/2161997/13510381/,0,,,
Blue Pebble Ltd,BLUEPEBBLE,2161998,https://trendlyne.com/research-reports/stock/2161998/BLUEPEBBLE/,0,,,
Aspire Innovative Advertising Ltd,ASPIRE,2161999,https://trendlyne.com/research-reports/stock/2161999/ASPIRE/,0,,,
Yash Optics Lens Ltd,YASHOPTICS,2163918,https://trendlyne.com/research-reports/stock/2163918/YASHOPTICS/,0,,,
Tac Infosec Ltd,TAC,2163919,https://trendlyne.com/research-reports/stock/2163919/TAC/,0,,,
Trust Fintech Ltd,TRUST,2163920,https://trendlyne.com/research-reports/stock/2163920/TRUST/,0,,,
Gconnect Logitech And Supply Chain Ltd,17160448,2163921,https://trendlyne.com/research-reports/stock/2163921/17160448/,0,,,
Jay Kailash Namkeen Ltd,11290652,2165247,https://trendlyne.com/research-reports/stock/2165247/11290652/,0,,,
Radiowalla Network Ltd,RADIOWALLA,2165249,https://trendlyne.com/research-reports/stock/2165249/RADIOWALLA/,0,,,
Aluwind Infra Tech Ltd,ALUWIND,2166012,https://trendlyne.com/research-reports/stock/2166012/ALUWIND/,0,,,
K2 Infragen Ltd,K2INFRA,2166801,https://trendlyne.com/research-reports/stock/2166801/K2INFRA/,0,,,
Creative Graphics Solutions India Ltd,CGRAPHICS,2168882,https://trendlyne.com/research-reports/stock/2168882/CGRAPHICS/,0,,,
Maximus International Ltd,MAXIMUS,83059,https://trendlyne.com/research-reports/stock/83059/MAXIMUS/,1235200000,Commodity Trading  & Distribution,Commercial Services & Supplies,540401
Dcg Cables Wires Ltd,DCG,2185064,https://trendlyne.com/research-reports/stock/2185064/DCG/,0,,,
Narmada Agrobase Ltd,NARMADA,97161,https://trendlyne.com/research-reports/stock/97161/NARMADA/,1234100000,Other Agricultural Products,"Food, Beverages & Tobacco",543643
Aartech Solonics Ltd,AARTECH,133756,https://trendlyne.com/research-reports/stock/133756/AARTECH/,1231100000,Heavy Electrical Equipment,General Industrials,542580
Greenhitech Ventures Ltd,11251265,2193373,https://trendlyne.com/research-reports/stock/2193373/11251265/,0,,,
Chemtech Industrial Valves Ltd,CHEMTECH,4008,https://trendlyne.com/research-reports/stock/4008/CHEMTECH/,1222600000,Other Industrial Products,General Industrials,537326
Drs Cargo Movers Ltd,DRSCARGO,2198784,https://trendlyne.com/research-reports/stock/2198784/DRSCARGO/,0,,,
Emmforce Autotech Ltd,544166,2206008,https://trendlyne.com/research-reports/stock/2206008/544166/,0,,,
Faalcon Concepts Ltd,13521208,2213859,https://trendlyne.com/research-reports/stock/2213859/13521208/,0,,,
Escorp Asset Management Ltd,ESCORP,82596,https://trendlyne.com/research-reports/stock/82596/ESCORP/,1222300000,Other Financial Services,Banking and Finance,540455
Varyaa Creations Ltd,15070586,2218174,https://trendlyne.com/research-reports/stock/2218174/15070586/,0,,,
Shivam Chemicals Ltd,12120177,2220015,https://trendlyne.com/research-reports/stock/2220015/12120177/,0,,,
Amkay Products Ltd,13160102,2233883,https://trendlyne.com/research-reports/stock/2233883/13160102/,0,,,
Storage Technologies Automation Ltd,13521210,2233884,https://trendlyne.com/research-reports/stock/2233884/13521210/,0,,,
Dolphin Kitchen Utencils And Appliances Ltd,14520058,2237038,https://trendlyne.com/research-reports/stock/2237038/14520058/,0,,,
Arunjyoti Bio Ventures Ltd,CENPORT,3414,https://trendlyne.com/research-reports/stock/3414/CENPORT/,1220800000,Commodity Trading  & Distribution,Commercial Services & Supplies,530881
Kanoria Energy Infrastructure Ltd,AINFRA,4326,https://trendlyne.com/research-reports/stock/4326/AINFRA/,1220500000,Cement & Cement Products,Cement and Construction,539620
Winsol Engineers Ltd,WINSOL,2242834,https://trendlyne.com/research-reports/stock/2242834/WINSOL/,0,,,
Slone Infosystems Ltd,SLONE,2242835,https://trendlyne.com/research-reports/stock/2242835/SLONE/,0,,,
Finelistings Technologies Ltd,13193122,2245413,https://trendlyne.com/research-reports/stock/2245413/13193122/,0,,,
Mitsu Chem Plast Ltd,MITSU,61515,https://trendlyne.com/research-reports/stock/61515/MITSU/,1211800000,Containers & Packaging,Commercial Services & Supplies,540078
Cubex Tubings Ltd,CUBEXTUB,296,https://trendlyne.com/research-reports/stock/296/CUBEXTUB/,1208000000,Copper,Metals & Mining,526027
Tgif Agribusiness Ltd,11330352,2250297,https://trendlyne.com/research-reports/stock/2250297/11330352/,0,,,
Energy Mission Machineries India Ltd,EMMIL,2250298,https://trendlyne.com/research-reports/stock/2250298/EMMIL/,0,,,
Silkflex Polymers India Ltd,SILKFLEX,2251277,https://trendlyne.com/research-reports/stock/2251277/SILKFLEX/,0,,,
Indian Emulsifiers Ltd,IEML,2258957,https://trendlyne.com/research-reports/stock/2258957/IEML/,0,,,
Aztec Fluids Machinery Ltd,13010131,2258958,https://trendlyne.com/research-reports/stock/2258958/13010131/,0,,,
Abs Marine Services Ltd,ABSMARINE,2258959,https://trendlyne.com/research-reports/stock/2258959/ABSMARINE/,0,,,
Premier Roadlines Ltd,PRLIND,2258960,https://trendlyne.com/research-reports/stock/2258960/PRLIND/,0,,,
Mandeep Auto Industries Ltd,MANDEEP,2261477,https://trendlyne.com/research-reports/stock/2261477/MANDEEP/,0,,,
Veritaas Advertising Ltd,VERITAAS,2261479,https://trendlyne.com/research-reports/stock/2261479/VERITAAS/,0,,,
Piotex Industries Ltd,16030604,2263135,https://trendlyne.com/research-reports/stock/2263135/16030604/,0,,,
Quest Laboratories Ltd,QUESTLAB,2265440,https://trendlyne.com/research-reports/stock/2265440/QUESTLAB/,0,,,
Reliable Data Services Ltd,RELIABLE,87786,https://trendlyne.com/research-reports/stock/87786/RELIABLE/,1206700000,Data Processing Services,Software & Services,544207
Rulka Electricals Ltd,RULKA,2270738,https://trendlyne.com/research-reports/stock/2270738/RULKA/,0,,,
Hoac Foods India Ltd,HOACFOODS,2273364,https://trendlyne.com/research-reports/stock/2273364/HOACFOODS/,0,,,
Lahoti Overseas Ltd,LAHOTIOV,3713,https://trendlyne.com/research-reports/stock/3713/LAHOTIOV/,1195200000,Commodity Trading  & Distribution,Commercial Services & Supplies,531842
Vilas Transcore Ltd,VILAS,2283575,https://trendlyne.com/research-reports/stock/2283575/VILAS/,0,,,
Gsm Foils Ltd,GSMFOILS,2285049,https://trendlyne.com/research-reports/stock/2285049/GSMFOILS/,0,,,
Beacon Trusteeship Ltd,BEACON,2295398,https://trendlyne.com/research-reports/stock/2295398/BEACON/,0,,,
Aimtron Electronics Ltd,AIMTRON,2300266,https://trendlyne.com/research-reports/stock/2300266/AIMTRON/,0,,,
Z Tech India Ltd,ZTECH,2301577,https://trendlyne.com/research-reports/stock/2301577/ZTECH/,0,,,
Tbi Corn Ltd,TBI,2306832,https://trendlyne.com/research-reports/stock/2306832/TBI/,0,,,
Associated Coaters Ltd,15010017,2306833,https://trendlyne.com/research-reports/stock/2306833/15010017/,0,,,
Prima Plastics Ltd,PRIMAPLA,3355,https://trendlyne.com/research-reports/stock/3355/PRIMAPLA/,1194000000,Plastic Products,General Industrials,530589
Sattrix Information Security Ltd,13193123,2315238,https://trendlyne.com/research-reports/stock/2315238/13193123/,0,,,
3C It Solutions Telecom India Ltd,13193124,2324987,https://trendlyne.com/research-reports/stock/2324987/13193124/,0,,,
Magenta Lifecare Ltd,17440003,2324989,https://trendlyne.com/research-reports/stock/2324989/17440003/,0,,,
Somi Conveyor Beltings Ltd,SOMICONVEY,3889,https://trendlyne.com/research-reports/stock/3889/SOMICONVEY/,1192600000,Industrial Machinery,General Industrials,533001
Reliance Home Finance Ltd,RHFL,71312,https://trendlyne.com/research-reports/stock/71312/RHFL/,1188400000,Housing Finance,Banking and Finance,540709
Gp Eco Solutions India Ltd,GPECO,2339641,https://trendlyne.com/research-reports/stock/2339641/GPECO/,0,,,
United Cotfab Ltd,16030605,2339642,https://trendlyne.com/research-reports/stock/2339642/16030605/,0,,,
Gem Enviro Management Ltd,17230002,2340944,https://trendlyne.com/research-reports/stock/2340944/17230002/,0,,,
Purple Finance Ltd,544191,2346351,https://trendlyne.com/research-reports/stock/2346351/544191/,0,,,
Durlax Top Surface Ltd,DURLAX,2347589,https://trendlyne.com/research-reports/stock/2347589/DURLAX/,0,,,
Falcon Technoprojects India Ltd,FALCONTECH,2347590,https://trendlyne.com/research-reports/stock/2347590/FALCONTECH/,0,,,
Adtech Systems Ltd,544185,2349223,https://trendlyne.com/research-reports/stock/2349223/544185/,0,,,
Medicamen Organics Ltd,MEDIORG,2350516,https://trendlyne.com/research-reports/stock/2350516/MEDIORG/,0,,,
Bharat Agri Fert Realty Ltd,BHARATAGRI,3719,https://trendlyne.com/research-reports/stock/3719/BHARATAGRI/,1184500000,Fertilizers,Fertilizers,531862
Orissa Bengal Carrier Ltd,OBCL,87860,https://trendlyne.com/research-reports/stock/87860/OBCL/,1183600000,Warehousing & Logistics,Transportation,541206
Dindigul Farm Products Ltd,17350002,2350519,https://trendlyne.com/research-reports/stock/2350519/17350002/,0,,,
Akiko Global Services Ltd,AKIKO,2355696,https://trendlyne.com/research-reports/stock/2355696/AKIKO/,0,,,
Winny Immigration Education Services Ltd,WINNY,2355697,https://trendlyne.com/research-reports/stock/2355697/WINNY/,0,,,
Sylvan Plyboard India Ltd,SYLVANPLY,2361948,https://trendlyne.com/research-reports/stock/2361948/SYLVANPLY/,0,,,
Shivalic Power Control Ltd,SPCL,2361949,https://trendlyne.com/research-reports/stock/2361949/SPCL/,0,,,
Aaa Technologies Ltd,AAATECH,307949,https://trendlyne.com/research-reports/stock/307949/AAATECH/,1182800000,Consulting Services,Commercial Services & Supplies,543671
Mason Infratech Ltd,MASON,2365669,https://trendlyne.com/research-reports/stock/2365669/MASON/,0,,,
Petro Carbon And Chemicals Ltd,PCCL,2365670,https://trendlyne.com/research-reports/stock/2365670/PCCL/,0,,,
Hb Estate Developers Ltd,HBESD,3818,https://trendlyne.com/research-reports/stock/3818/HBESD/,1182400000,Realty,Realty,532334
Visaman Global Sales Ltd,VISAMAN,2369959,https://trendlyne.com/research-reports/stock/2369959/VISAMAN/,0,,,
Diensten Tech Ltd,DTL,2373509,https://trendlyne.com/research-reports/stock/2373509/DTL/,0,,,
Jhs Svendgaard Retail Ventures Ltd,RETAIL,2384768,https://trendlyne.com/research-reports/stock/2384768/RETAIL/,0,,,
Nephro Care India Ltd,NEPHROCARE,2385298,https://trendlyne.com/research-reports/stock/2385298/NEPHROCARE/,0,,,
Ambey Laboratories Ltd,AMBEY,2389160,https://trendlyne.com/research-reports/stock/2389160/AMBEY/,0,,,
Solara Active Pharma Sciences Ltd Partly Paidup,SOLARAPP1,2391282,https://trendlyne.com/research-reports/stock/2391282/SOLARAPP1/,0,,,
Alphageo India Ltd,ALPHAGEO,64,https://trendlyne.com/research-reports/stock/64/ALPHAGEO/,1175200000,Oil Equipment & Services,Oil & Gas,526397
Kifs Financial Services Ltd,KIFS,3963,https://trendlyne.com/research-reports/stock/3963/KIFS/,1174300000,Finance (including NBFCs),Banking and Finance,535566
Ganesh Green Bharat Ltd,GGBL,2401651,https://trendlyne.com/research-reports/stock/2401651/GGBL/,0,,,
Effwa Infra Research Ltd,EFFWA,2401653,https://trendlyne.com/research-reports/stock/2401653/EFFWA/,0,,,
National Peroxide Ltd,544205,2406262,https://trendlyne.com/research-reports/stock/2406262/544205/,0,,,
Sahaj Solar Ltd,SAHAJSOLAR,2414040,https://trendlyne.com/research-reports/stock/2414040/SAHAJSOLAR/,0,,,
Sati Poly Plast Ltd,SATIPOLY,2422532,https://trendlyne.com/research-reports/stock/2422532/SATIPOLY/,0,,,
Prizor Viztech Ltd,PRIZOR,2424197,https://trendlyne.com/research-reports/stock/2424197/PRIZOR/,0,,,
Aelea Commodities Ltd,11290656,2425737,https://trendlyne.com/research-reports/stock/2425737/11290656/,0,,,
Three M Paper Boards Ltd,17151984,2425738,https://trendlyne.com/research-reports/stock/2425738/17151984/,0,,,
Tunwal E Motors Ltd,TUNWAL,2429154,https://trendlyne.com/research-reports/stock/2429154/TUNWAL/,0,,,
Kataria Industries Ltd,KATARIA,2429155,https://trendlyne.com/research-reports/stock/2429155/KATARIA/,0,,,
Macobs Technologies Ltd,MACOBSTECH,2429156,https://trendlyne.com/research-reports/stock/2429156/MACOBSTECH/,0,,,
Bsl Ltd,BSL,224,https://trendlyne.com/research-reports/stock/224/BSL/,1170837054,,,
Vvip Infratech Ltd,11625740,2446670,https://trendlyne.com/research-reports/stock/2446670/11625740/,0,,,
V L Infraprojects Ltd,VLINFRA,2446671,https://trendlyne.com/research-reports/stock/2446671/VLINFRA/,0,,,
Clinitech Laboratory Ltd,16550737,2446672,https://trendlyne.com/research-reports/stock/2446672/16550737/,0,,,
Rnfi Services Ltd,RNFI,2446673,https://trendlyne.com/research-reports/stock/2446673/RNFI/,0,,,
2 50 Goldbonds2028Sr I,SGBAPR28I,2450127,https://trendlyne.com/research-reports/stock/2450127/SGBAPR28I/,0,,,
2 50 Goldbonds2027Sr Iii,SGBAUG27,2450129,https://trendlyne.com/research-reports/stock/2450129/SGBAUG27/,0,,,
2 50 Goldbonds2028Sr V,SGBAUG28V,2450130,https://trendlyne.com/research-reports/stock/2450130/SGBAUG28V/,0,,,
2 50 Goldbonds2029Sr V,SGBAUG29V,2450131,https://trendlyne.com/research-reports/stock/2450131/SGBAUG29V/,0,,,
2 50 Goldbonds2030Sr Ii,SGBAUG30,2450132,https://trendlyne.com/research-reports/stock/2450132/SGBAUG30/,0,,,
2 50 Goldbonds2029Sr Viii,SGBD29VIII,2450133,https://trendlyne.com/research-reports/stock/2450133/SGBD29VIII/,0,,,
2 50 Goldbonds2027Sr Vii,SGBDC27VII,2450134,https://trendlyne.com/research-reports/stock/2450134/SGBDC27VII/,0,,,
2 50 Goldbonds2030Sr Iii,SGBDE30III,2450135,https://trendlyne.com/research-reports/stock/2450135/SGBDE30III/,0,,,
2 50 Goldbonds2031Sr Iii,SGBDE31III,2450136,https://trendlyne.com/research-reports/stock/2450136/SGBDE31III/,0,,,
2 50 Goldbonds2025 Sr Xii,SGBDEC2512,2450138,https://trendlyne.com/research-reports/stock/2450138/SGBDEC2512/,0,,,
2 50 Goldbonds2025Sr Xiii,SGBDEC2513,2450139,https://trendlyne.com/research-reports/stock/2450139/SGBDEC2513/,0,,,
2 50 Goldbonds 2025 Sr Xi,SGBDEC25XI,2450140,https://trendlyne.com/research-reports/stock/2450140/SGBDEC25XI/,0,,,
2 50 Goldbonds2026Sr Iv,SGBDEC26,2450141,https://trendlyne.com/research-reports/stock/2450141/SGBDEC26/,0,,,
2 50 Goldbonds2027Sr Vi,SGBFEB27,2450143,https://trendlyne.com/research-reports/stock/2450143/SGBFEB27/,0,,,
2 50 Goldbonds2028Sr Ix,SGBFEB28IX,2450144,https://trendlyne.com/research-reports/stock/2450144/SGBFEB28IX/,0,,,
2 50 Goldbonds2029Sr Xi,SGBFEB29XI,2450145,https://trendlyne.com/research-reports/stock/2450145/SGBFEB29XI/,0,,,
2 50 Goldbonds2032Sr Iv,SGBFEB32IV,2450146,https://trendlyne.com/research-reports/stock/2450146/SGBFEB32IV/,0,,,
2 50 Goldbonds2028Sr Viii,SGBJ28VIII,2450147,https://trendlyne.com/research-reports/stock/2450147/SGBJ28VIII/,0,,,
2 50 Goldbonds2026Sr Xiv,SGBJAN26,2450148,https://trendlyne.com/research-reports/stock/2450148/SGBJAN26/,0,,,
2 50 Goldbonds2027Sr V,SGBJAN27,2450149,https://trendlyne.com/research-reports/stock/2450149/SGBJAN27/,0,,,
2 50 Goldbonds2029Sr Ix,SGBJAN29IX,2450150,https://trendlyne.com/research-reports/stock/2450150/SGBJAN29IX/,0,,,
2 50 Goldbonds2029Sr X,SGBJAN29X,2450151,https://trendlyne.com/research-reports/stock/2450151/SGBJAN29X/,0,,,
2 50 Goldbonds2030Sr Ix,SGBJAN30IX,2450152,https://trendlyne.com/research-reports/stock/2450152/SGBJAN30IX/,0,,,
2 5 Goldbonds2029Sr Iii,SGBJU29III,2450153,https://trendlyne.com/research-reports/stock/2450153/SGBJU29III/,0,,,
2 50 Goldbonds2027Sr Ii,SGBJUL27,2450155,https://trendlyne.com/research-reports/stock/2450155/SGBJUL27/,0,,,
2 50 Goldbonds2028Sr Iv,SGBJUL28IV,2450156,https://trendlyne.com/research-reports/stock/2450156/SGBJUL28IV/,0,,,
2 50 Goldbonds2029Sr Iv,SGBJUL29IV,2450157,https://trendlyne.com/research-reports/stock/2450157/SGBJUL29IV/,0,,,
2 50 Goldbonds2027Sr I,SGBJUN27,2450158,https://trendlyne.com/research-reports/stock/2450158/SGBJUN27/,0,,,
2 5 Goldbonds2028Sr Iii,SGBJUN28,2450159,https://trendlyne.com/research-reports/stock/2450159/SGBJUN28/,0,,,
2 5 Goldbonds2029Sr Ii,SGBJUN29II,2450160,https://trendlyne.com/research-reports/stock/2450160/SGBJUN29II/,0,,,
2 50 Goldbonds2030Sr I,SGBJUN30,2450161,https://trendlyne.com/research-reports/stock/2450161/SGBJUN30/,0,,,
2 50 Goldbonds2031Sr I,SGBJUN31I,2450162,https://trendlyne.com/research-reports/stock/2450162/SGBJUN31I/,0,,,
2 50 Goldbonds2028Sr X,SGBMAR28X,2450165,https://trendlyne.com/research-reports/stock/2450165/SGBMAR28X/,0,,,
2 50 Goldbonds2030Sr X,SGBMAR30X,2450166,https://trendlyne.com/research-reports/stock/2450166/SGBMAR30X/,0,,,
2 50 Goldbonds2031Sr Iv,SGBMAR31IV,2450167,https://trendlyne.com/research-reports/stock/2450167/SGBMAR31IV/,0,,,
2 50 Goldbonds2026Sr I,SGBMAY26,2450169,https://trendlyne.com/research-reports/stock/2450169/SGBMAY26/,0,,,
2 50 Goldbonds2028Sr Ii,SGBMAY28,2450170,https://trendlyne.com/research-reports/stock/2450170/SGBMAY28/,0,,,
2 5 Goldbonds2029Sr I,SGBMAY29I,2450171,https://trendlyne.com/research-reports/stock/2450171/SGBMAY29I/,0,,,
2 50 Goldbonds2029Sr Xii,SGBMR29XII,2450172,https://trendlyne.com/research-reports/stock/2450172/SGBMR29XII/,0,,,
2 50 Goldbonds2026Sr Iii,SGBNOV26,2450179,https://trendlyne.com/research-reports/stock/2450179/SGBNOV26/,0,,,
2 5 Goldbonds2029Sr Vii,SGBNV29VII,2450180,https://trendlyne.com/research-reports/stock/2450180/SGBNV29VII/,0,,,
2 50 Goldbonds2028Sr Vii,SGBOC28VII,2450181,https://trendlyne.com/research-reports/stock/2450181/SGBOC28VII/,0,,,
2 50 Goldbonds2026Sr Ii,SGBOCT26,2450185,https://trendlyne.com/research-reports/stock/2450185/SGBOCT26/,0,,,
2 50 Goldbonds2027Sr V,SGBOCT27,2450186,https://trendlyne.com/research-reports/stock/2450186/SGBOCT27/,0,,,
2 50 Goldbonds2027Sr Vi,SGBOCT27VI,2450187,https://trendlyne.com/research-reports/stock/2450187/SGBOCT27VI/,0,,,
2 50 Goldbonds2027Sr Iv,SGBSEP27,2450189,https://trendlyne.com/research-reports/stock/2450189/SGBSEP27/,0,,,
2 50 Goldbonds2028Sr Vi,SGBSEP28VI,2450190,https://trendlyne.com/research-reports/stock/2450190/SGBSEP28VI/,0,,,
2 5 Goldbonds2029Sr Vi,SGBSEP29VI,2450191,https://trendlyne.com/research-reports/stock/2450191/SGBSEP29VI/,0,,,
2 50 Goldbonds2031Sr Ii,SGBSEP31II,2450192,https://trendlyne.com/research-reports/stock/2450192/SGBSEP31II/,0,,,
Manglam Infra Engineering Ltd,MIEL,2452574,https://trendlyne.com/research-reports/stock/2452574/MIEL/,0,,,
Chetana Education Ltd,CHETANA,2452575,https://trendlyne.com/research-reports/stock/2452575/CHETANA/,0,,,
Aprameya Engineering Ltd,APRAMEYA,2455915,https://trendlyne.com/research-reports/stock/2455915/APRAMEYA/,0,,,
Trom Industries Ltd,TROM,2463080,https://trendlyne.com/research-reports/stock/2463080/TROM/,0,,,
S A Tech Software India Ltd,SATECH,2463081,https://trendlyne.com/research-reports/stock/2463081/SATECH/,0,,,
Esprit Stones Ltd,ESPRIT,2463082,https://trendlyne.com/research-reports/stock/2463082/ESPRIT/,0,,,
Sathlokhar Synergys E C Global Ltd,SSEGL,2468466,https://trendlyne.com/research-reports/stock/2468466/SSEGL/,0,,,
Rajputana Industries Ltd,RAJINDLTD,2470253,https://trendlyne.com/research-reports/stock/2470253/RAJINDLTD/,0,,,
Bulkcorp International Ltd,BULKCORP,2470255,https://trendlyne.com/research-reports/stock/2470255/BULKCORP/,0,,,
Ashapura Logistics Ltd,ASHALOG,2470256,https://trendlyne.com/research-reports/stock/2470256/ASHALOG/,0,,,
Sri Adhikari Brothers Television Network Ltd,SABTNL,1161,https://trendlyne.com/research-reports/stock/1161/SABTNL/,1170636874,,,
Kizi Apparels Ltd,16070385,2473629,https://trendlyne.com/research-reports/stock/2473629/16070385/,0,,,
Utssav Cz Gold Jewels Ltd,UTSSAV,2475493,https://trendlyne.com/research-reports/stock/2475493/UTSSAV/,0,,,
Dhariwalcorp Ltd,DHARIWAL,2477453,https://trendlyne.com/research-reports/stock/2477453/DHARIWAL/,0,,,
Smruthi Organics Ltd,SMRUTHI,4382,https://trendlyne.com/research-reports/stock/4382/SMRUTHI/,1167000000,Pharmaceuticals,Pharmaceuticals & Biotechnology,540686
Balaxi Pharmaceuticals Ltd,BALAXI,1795,https://trendlyne.com/research-reports/stock/1795/BALAXI/,1165982446,,,
Picturepost Studios Ltd,PPSL,2484737,https://trendlyne.com/research-reports/stock/2484737/PPSL/,0,,,
Afcom Holdings Ltd,17160453,2486163,https://trendlyne.com/research-reports/stock/2486163/17160453/,0,,,
Dcm Ltd,DCM,312,https://trendlyne.com/research-reports/stock/312/DCM/,1161008875,,,
Gayatri Bioorganics Ltd,GAYATRIBI,3041,https://trendlyne.com/research-reports/stock/3041/GAYATRIBI/,1160500000,Commodity Chemicals,Chemicals & Petrochemicals,524564
Aesthetik Engineers Ltd,AESTHETIK,2497566,https://trendlyne.com/research-reports/stock/2497566/AESTHETIK/,0,,,
Positron Energy Ltd,POSITRON,2508424,https://trendlyne.com/research-reports/stock/2508424/POSITRON/,0,,,
Sunlite Recycling Industries Ltd,SUNLITE,2508425,https://trendlyne.com/research-reports/stock/2508425/SUNLITE/,0,,,
Smartlink Holdings Ltd,SMARTLINK,1256,https://trendlyne.com/research-reports/stock/1256/SMARTLINK/,1153500000,IT Networking Equipment,Hardware Technology & Equipment,532419
Broach Lifecare Hospital Ltd,16550743,2513817,https://trendlyne.com/research-reports/stock/2513817/16550743/,0,,,
Solve Plastic Products Ltd,BALCO,2516562,https://trendlyne.com/research-reports/stock/2516562/BALCO/,0,,,
Shah Alloys Ltd,SHAHALLOYS,1210,https://trendlyne.com/research-reports/stock/1210/SHAHALLOYS/,1150435061,,,
Forcas Studio Ltd,FORCAS,2523811,https://trendlyne.com/research-reports/stock/2523811/FORCAS/,0,,,
Tyche Industries Ltd,TYCHE,3835,https://trendlyne.com/research-reports/stock/3835/TYCHE/,1148900000,Pharmaceuticals,Pharmaceuticals & Biotechnology,532384
Brace Port Logistics Ltd,BRACEPORT,2534279,https://trendlyne.com/research-reports/stock/2534279/BRACEPORT/,0,,,
Qvc Exports Ltd,QVCEL,2560192,https://trendlyne.com/research-reports/stock/2560192/QVCEL/,0,,,
Ideal Technoplast Industries Ltd,IDEALTECHO,2560194,https://trendlyne.com/research-reports/stock/2560194/IDEALTECHO/,0,,,
Indian Phosphate Ltd,IPHL,2560195,https://trendlyne.com/research-reports/stock/2560195/IPHL/,0,,,
Resourceful Automobile Ltd,17270002,2560196,https://trendlyne.com/research-reports/stock/2560196/17270002/,0,,,
Rapid Multimodal Logistics Ltd,17160456,2562901,https://trendlyne.com/research-reports/stock/2562901/17160456/,0,,,
Suraj Industries Ltd Partly Paid Up,890206,2565333,https://trendlyne.com/research-reports/stock/2565333/890206/,0,,,
Jay Bee Laminations Ltd,JAYBEE,2566480,https://trendlyne.com/research-reports/stock/2566480/JAYBEE/,0,,,
Aeron Composite Ltd,AERON,2571008,https://trendlyne.com/research-reports/stock/2571008/AERON/,0,,,
Kavveri Defence Wireless Technologies Ltd,KAVDEFENCE,723,https://trendlyne.com/research-reports/stock/723/KAVDEFENCE/,1140800000,Telecom Equipment,Telecommunications Equipment,590041
Paramatrix Technologies Ltd,PARAMATRIX,2571011,https://trendlyne.com/research-reports/stock/2571011/PARAMATRIX/,0,,,
Bright Brothers Ltd,BRIGHTBROS,3186,https://trendlyne.com/research-reports/stock/3186/BRIGHTBROS/,1139700000,Plastic Products,General Industrials,526731
Vdeal System Ltd,VDEAL,2574617,https://trendlyne.com/research-reports/stock/2574617/VDEAL/,0,,,
Globale Tessile Ltd,GLOBALE,2577724,https://trendlyne.com/research-reports/stock/2577724/GLOBALE/,0,,,
Mahalaxmi Fabric Mills Ltd,MFML,2577725,https://trendlyne.com/research-reports/stock/2577725/MFML/,0,,,
Scoobee Day Garments India Ltd,VICTORYPP,61508,https://trendlyne.com/research-reports/stock/61508/VICTORYPP/,1138700000,Textiles,Textiles Apparels & Accessories,531234
Jeyyam Global Foods Ltd,JEYYAM,2586585,https://trendlyne.com/research-reports/stock/2586585/JEYYAM/,0,,,
Boss Packaging Solutions Ltd,BOSS,2586586,https://trendlyne.com/research-reports/stock/2586586/BOSS/,0,,,
Travels Rentals Ltd,17090193,2586587,https://trendlyne.com/research-reports/stock/2586587/17090193/,0,,,
Tci Industries Ltd,TCIIND,3806,https://trendlyne.com/research-reports/stock/3806/TCIIND/,1130000000,Realty,Realty,532262
Excellent Wires Packaging Ltd,EXCELLENT,2597185,https://trendlyne.com/research-reports/stock/2597185/EXCELLENT/,0,,,
Mach Conferences Events Ltd,16691906,2597186,https://trendlyne.com/research-reports/stock/2597186/16691906/,0,,,
Namo Ewaste Management Ltd,NAMOEWASTE,2597187,https://trendlyne.com/research-reports/stock/2597187/NAMOEWASTE/,0,,,
My Mudra Fincorp Ltd,MYMUDRA,2600526,https://trendlyne.com/research-reports/stock/2600526/MYMUDRA/,0,,,
Vl E Governance It Solutions Ltd,VLEGOV,1618698,https://trendlyne.com/research-reports/stock/1618698/VLEGOV/,1129000000,IT Consulting & Software,Software & Services,543958
Naturewings Holidays Ltd,16620746,2607005,https://trendlyne.com/research-reports/stock/2607005/16620746/,0,,,
Coral India Finance And Housing Ltd,CORALFINAC,3621,https://trendlyne.com/research-reports/stock/3621/CORALFINAC/,1128100000,Housing Finance,Banking and Finance,531556
Vision Infra Equipment Solutions Ltd,VIESL,2609234,https://trendlyne.com/research-reports/stock/2609234/VIESL/,0,,,
Mangalam Industrial Finance Ltd,MANGIND,4021,https://trendlyne.com/research-reports/stock/4021/MANGIND/,1125100000,Finance (including NBFCs),Banking and Finance,537800
Shubhshree Biofuels Energy Ltd,SHUBHSHREE,2612459,https://trendlyne.com/research-reports/stock/2612459/SHUBHSHREE/,0,,,
Aditya Ultra Steel Ltd,AUSL,2612460,https://trendlyne.com/research-reports/stock/2612460/AUSL/,0,,,
Maruti Infrastructure Ltd,MAINFRA,3616,https://trendlyne.com/research-reports/stock/3616/MAINFRA/,1122200000,Construction & Engineering,Cement and Construction,531540
Ganges Securities Ltd,GANGESSECU,61538,https://trendlyne.com/research-reports/stock/61538/GANGESSECU/,1121200000,Tea & Coffee,"Food, Beverages & Tobacco",540647
Spp Polymer Ltd,SPPPOLY,2615303,https://trendlyne.com/research-reports/stock/2615303/SPPPOLY/,0,,,
Share Samadhan Ltd,14095667,2615305,https://trendlyne.com/research-reports/stock/2615305/14095667/,0,,,
Innomet Advanced Materials Ltd,INNOMET,2618331,https://trendlyne.com/research-reports/stock/2618331/INNOMET/,0,,,
Bodhi Tree Multimedia Ltd,BTML,309351,https://trendlyne.com/research-reports/stock/309351/BTML/,1120900000,Movies & Entertainment,Media,543767
Gajanand International Ltd,GAJANAND,2618335,https://trendlyne.com/research-reports/stock/2618335/GAJANAND/,0,,,
Envirotech Systems Ltd,ENVIRO,2621513,https://trendlyne.com/research-reports/stock/2621513/ENVIRO/,0,,,
Secmark Consultancy Ltd,SECMARK,297625,https://trendlyne.com/research-reports/stock/297625/SECMARK/,1114700000,IT Consulting & Software,Software & Services,543234
Deccan Transcon Leasing Ltd,DECCANTRAN,2629535,https://trendlyne.com/research-reports/stock/2629535/DECCANTRAN/,0,,,
Hilton Metal Forging Ltd,HILTON,547,https://trendlyne.com/research-reports/stock/547/HILTON/,1112200000,Castings & Forgings,General Industrials,532847
Advik Capital Ltd,ADVIK,4353,https://trendlyne.com/research-reports/stock/4353/ADVIK/,1107500000,Finance (including NBFCs),Banking and Finance,539773
Popular Foundations Ltd,11625761,2632759,https://trendlyne.com/research-reports/stock/2632759/11625761/,0,,,
Osel Devices Ltd,OSELDEVICE,2632760,https://trendlyne.com/research-reports/stock/2632760/OSELDEVICE/,0,,,
Paramount Speciality Forgings Ltd,PSFL,2632761,https://trendlyne.com/research-reports/stock/2632761/PSFL/,0,,,
Sodhani Academy Of Fintech Enablers Ltd,17180119,2632762,https://trendlyne.com/research-reports/stock/2632762/17180119/,0,,,
Pelatro Ltd,PELATRO,2636899,https://trendlyne.com/research-reports/stock/2636899/PELATRO/,0,,,
Ovobel Foods Ltd,OVOBELE,52890,https://trendlyne.com/research-reports/stock/52890/OVOBELE/,1107300000,Other Food & Beverages,"Food, Beverages & Tobacco",530741
Bikewo Green Tech Ltd,BIKEWO,2640250,https://trendlyne.com/research-reports/stock/2640250/BIKEWO/,0,,,
S D Retail Ltd,SDREAMS,2643520,https://trendlyne.com/research-reports/stock/2643520/SDREAMS/,0,,,
Avax Apparels And Ornaments Ltd,11251274,2653113,https://trendlyne.com/research-reports/stock/2653113/11251274/,0,,,
Rappid Valves India Ltd,RAPPID,2653114,https://trendlyne.com/research-reports/stock/2653114/RAPPID/,0,,,
Avi Ansh Textile Ltd,AVIANSH,2653115,https://trendlyne.com/research-reports/stock/2653115/AVIANSH/,0,,,
Wol 3D India Ltd,WOL3D,2653117,https://trendlyne.com/research-reports/stock/2653117/WOL3D/,0,,,
Phoenix Overseas Ltd,PHOGLOBAL,2656548,https://trendlyne.com/research-reports/stock/2656548/PHOGLOBAL/,0,,,
Udayshivakumar Infra Ltd,USK,1399198,https://trendlyne.com/research-reports/stock/1399198/USK/,1107100000,Roads & Highways,Cement and Construction,543861
Surana Solar Ltd,SURANASOL,1556,https://trendlyne.com/research-reports/stock/1556/SURANASOL/,1105200000,Power - Electric Utilities,Utilities,533298
Kalana Ispat Ltd,KALANA,2656552,https://trendlyne.com/research-reports/stock/2656552/KALANA/,0,,,
Divyadhan Recycling Industries Ltd,DIVYADHAN,2663456,https://trendlyne.com/research-reports/stock/2663456/DIVYADHAN/,0,,,
Techera Engineering India Ltd,TECHERA,2663457,https://trendlyne.com/research-reports/stock/2663457/TECHERA/,0,,,
Unilex Colours Chemicals Ltd,UNILEX,2663458,https://trendlyne.com/research-reports/stock/2663458/UNILEX/,0,,,
Thinking Hats Entertainment Solutions Ltd,THESL,2663459,https://trendlyne.com/research-reports/stock/2663459/THESL/,0,,,
Forge Auto International Ltd,FORGEAUTO,2665740,https://trendlyne.com/research-reports/stock/2665740/FORGEAUTO/,0,,,
Sahasra Electronic Solutions Ltd,SAHASRA,2666758,https://trendlyne.com/research-reports/stock/2666758/SAHASRA/,0,,,
Saj Hotels Ltd,SAJHOTELS,2671525,https://trendlyne.com/research-reports/stock/2671525/SAJHOTELS/,0,,,
Weizmann Ltd,WEIZMANIND,1513,https://trendlyne.com/research-reports/stock/1513/WEIZMANIND/,1104300000,Textiles,Textiles Apparels & Accessories,523011
Nexxus Petro Industries Ltd,12140098,2678744,https://trendlyne.com/research-reports/stock/2678744/12140098/,0,,,
Hvax Technologies Ltd,HVAX,2678745,https://trendlyne.com/research-reports/stock/2678745/HVAX/,0,,,
Paramount Dye Tec Ltd,PARAMOUNT,2684572,https://trendlyne.com/research-reports/stock/2684572/PARAMOUNT/,0,,,
Subam Papers Ltd,16530391,2684573,https://trendlyne.com/research-reports/stock/2684573/16530391/,0,,,
Khyati Global Ventures Ltd,11251277,2693383,https://trendlyne.com/research-reports/stock/2693383/11251277/,0,,,
Texmo Pipes Products Ltd,TEXMOPIPES,1379,https://trendlyne.com/research-reports/stock/1379/TEXMOPIPES/,1101200000,Plastic Products,General Industrials,533164
Shiv Texchem Ltd,12060144,2700682,https://trendlyne.com/research-reports/stock/2700682/12060144/,0,,,
Pranik Logistics Ltd,PRANIK,2707541,https://trendlyne.com/research-reports/stock/2707541/PRANIK/,0,,,
Cura Technologies Ltd,CURAA,298,https://trendlyne.com/research-reports/stock/298/CURAA/,1098533637,,,
Lakshya Powertech Ltd,LAKSHYA,2711839,https://trendlyne.com/research-reports/stock/2711839/LAKSHYA/,0,,,
Freshara Agro Exports Ltd,FRESHARA,2715951,https://trendlyne.com/research-reports/stock/2715951/FRESHARA/,0,,,
Usha Financial Services Ltd,USHAFIN,2723025,https://trendlyne.com/research-reports/stock/2723025/USHAFIN/,0,,,
Anka India Ltd,ANKIN,3662,https://trendlyne.com/research-reports/stock/3662/ANKIN/,1093700000,IT Software Products,Software & Services,531673
Danish Power Ltd,DANISH,2725567,https://trendlyne.com/research-reports/stock/2725567/DANISH/,0,,,
Bcpl Railway Infrastructure Ltd,BCPL,113089,https://trendlyne.com/research-reports/stock/113089/BCPL/,1092700000,Construction & Engineering,Cement and Construction,542057
Premium Plast Ltd,PREMIUM,2725570,https://trendlyne.com/research-reports/stock/2725570/PREMIUM/,0,,,
United Heat Transfer Ltd,UHTL,2728197,https://trendlyne.com/research-reports/stock/2728197/UHTL/,0,,,
Obsc Perfection Ltd,OBSCP,2728198,https://trendlyne.com/research-reports/stock/2728198/OBSCP/,0,,,
Samkrg Pistons Rings Ltd,SAMKRG,2831,https://trendlyne.com/research-reports/stock/2831/SAMKRG/,1092500000,Auto Parts & Equipment,Automobiles & Auto Components,520075
Regency Ceramics Ltd,REGENCERAM,1122,https://trendlyne.com/research-reports/stock/1122/REGENCERAM/,1090886549,,,
Sellwin Traders Ltd,SELLWIN,4126,https://trendlyne.com/research-reports/stock/4126/SELLWIN/,1089700000,Misc. Commercial Services,Commercial Services & Supplies,538875
Pharmaids Pharmaceuticals Ltd,PHARMAID,3043,https://trendlyne.com/research-reports/stock/3043/PHARMAID/,1089400000,Pharmaceuticals,Pharmaceuticals & Biotechnology,524572
Alpa Laboratories Ltd,ALPA,63,https://trendlyne.com/research-reports/stock/63/ALPA/,1088900000,Biotechnology,Pharmaceuticals & Biotechnology,532878
Sharp India Ltd,KALYANISHP,2946,https://trendlyne.com/research-reports/stock/2946/KALYANISHP/,1088900000,Consumer Electronics,Consumer Durables,523449
Neelam Linens And Garments India Ltd,NEELAM,2759891,https://trendlyne.com/research-reports/stock/2759891/NEELAM/,0,,,
Bhudevi Infra Projects Ltd,NYLOFIL,3142,https://trendlyne.com/research-reports/stock/3142/NYLOFIL/,1088100000,Realty,Realty,526488
Mangal Compusolution Ltd,13192458,2776459,https://trendlyne.com/research-reports/stock/2776459/13192458/,0,,,
Onyx Biotec Ltd,ONYX,2779147,https://trendlyne.com/research-reports/stock/2779147/ONYX/,0,,,
Garnet Construction Ltd,GARNET,3185,https://trendlyne.com/research-reports/stock/3185/GARNET/,1087300000,Realty,Realty,526727
Sambhaav Media Ltd,SAMBHAAV,1174,https://trendlyne.com/research-reports/stock/1174/SAMBHAAV/,1085509538,,,
Lamosaic India Ltd,LAMOSAIC,2792137,https://trendlyne.com/research-reports/stock/2792137/LAMOSAIC/,0,,,
C2C Advanced Systems Ltd,C2C,2792139,https://trendlyne.com/research-reports/stock/2792139/C2C/,0,,,
Cdg Petchem Ltd,PANKAJPOLY,3946,https://trendlyne.com/research-reports/stock/3946/PANKAJPOLY/,1083300000,Plastic Products,General Industrials,534796
Rajesh Power Services Ltd,17150090,2799243,https://trendlyne.com/research-reports/stock/2799243/17150090/,0,,,
Rajputana Biodiesel Ltd,RAJPUTANA,2801300,https://trendlyne.com/research-reports/stock/2801300/RAJPUTANA/,0,,,
Apex Ecotech Ltd,APEXECO,2803150,https://trendlyne.com/research-reports/stock/2803150/APEXECO/,0,,,
Ganesh Infraworld Ltd,GANESHIN,2805060,https://trendlyne.com/research-reports/stock/2805060/GANESHIN/,0,,,
Agarwal Toughened Glass India Ltd,AGARWALTUF,2805062,https://trendlyne.com/research-reports/stock/2805062/AGARWALTUF/,0,,,
Abha Power And Steel Ltd,ABHAPOWER,2805063,https://trendlyne.com/research-reports/stock/2805063/ABHAPOWER/,0,,,
Mauria Udyog Ltd,MUL,4218,https://trendlyne.com/research-reports/stock/4218/MUL/,1080300000,Other Industrial Products,General Industrials,539219
Lkp Securities Ltd,LKPSEC,52910,https://trendlyne.com/research-reports/stock/52910/LKPSEC/,1080100000,Capital Markets,Banking and Finance,540192
Nisus Finance Services Co Ltd,14095675,2821931,https://trendlyne.com/research-reports/stock/2821931/14095675/,0,,,
Emerald Tyre Manufacturers Ltd,ETML,2824128,https://trendlyne.com/research-reports/stock/2824128/ETML/,0,,,
Purple United Sales Ltd,PURPLEUTED,2833938,https://trendlyne.com/research-reports/stock/2833938/PURPLEUTED/,0,,,
Jungle Camps India Ltd,16620750,2833939,https://trendlyne.com/research-reports/stock/2833939/16620750/,0,,,
Dhanlaxmi Crop Science Ltd,DHANLAXMI,2836160,https://trendlyne.com/research-reports/stock/2836160/DHANLAXMI/,0,,,
Toss The Coin Ltd,13193186,2838730,https://trendlyne.com/research-reports/stock/2838730/13193186/,0,,,
Compucom Software Ltd,COMPUSOFT,278,https://trendlyne.com/research-reports/stock/278/COMPUSOFT/,1072900000,IT Training Services,Software & Services,532339
Praxis Home Retail Ltd,PRAXIS,82275,https://trendlyne.com/research-reports/stock/82275/PRAXIS/,1072500000,Specialty Retail,Retailing,540901
Last Mile Enterprises Ltd,TRANSFIN,3229,https://trendlyne.com/research-reports/stock/3229/TRANSFIN/,1067100000,Finance (including NBFCs),Banking and Finance,526961
Supreme Facility Management Ltd,SFML,2840734,https://trendlyne.com/research-reports/stock/2840734/SFML/,0,,,
Shri Krishna Devcon Ltd,SHRIKRISH,3459,https://trendlyne.com/research-reports/stock/3459/SHRIKRISH/,1063700000,Realty,Realty,531080
Yash Highvoltage Ltd,13140063,2845096,https://trendlyne.com/research-reports/stock/2845096/13140063/,0,,,
Lactose India Ltd,LACTOSE,3006,https://trendlyne.com/research-reports/stock/3006/LACTOSE/,1056500000,Pharmaceuticals,Pharmaceuticals & Biotechnology,524202
Odigma Consultancy Solutions Ltd,ODIGMA,2852262,https://trendlyne.com/research-reports/stock/2852262/ODIGMA/,0,,,
Hamps Bio Ltd,12310681,2853305,https://trendlyne.com/research-reports/stock/2853305/12310681/,0,,,
Nacdac Infrastructure Ltd,15211073,2853306,https://trendlyne.com/research-reports/stock/2853306/15211073/,0,,,
Rishi Laser Ltd,RISHILASE,3210,https://trendlyne.com/research-reports/stock/3210/RISHILASE/,1052900000,Industrial Machinery,General Industrials,526861
Identical Brains Studios Ltd,IDENTICAL,2855807,https://trendlyne.com/research-reports/stock/2855807/IDENTICAL/,0,,,
Dhruva Capital Services Ltd,DHRUVCA,3514,https://trendlyne.com/research-reports/stock/3514/DHRUVCA/,1050900000,Finance (including NBFCs),Banking and Finance,531237
Mega Nirman Industries Ltd,MNIL,4351,https://trendlyne.com/research-reports/stock/4351/MNIL/,1047400000,Commodity Trading  & Distribution,Commercial Services & Supplies,539767
Bal Pharma Ltd,BALPHARMA,156,https://trendlyne.com/research-reports/stock/156/BALPHARMA/,1041200000,Pharmaceuticals,Pharmaceuticals & Biotechnology,524824
Refex Renewables Infrastructure Ltd,YKMIND,3523,https://trendlyne.com/research-reports/stock/3523/YKMIND/,1034200000,Power - Electric Utilities,Utilities,531260
Ceenik Exports India Ltd,CEENIKEXPO,3467,https://trendlyne.com/research-reports/stock/3467/CEENIKEXPO/,1027500000,Realty,Realty,531119
Newmalayalam Steel Ltd,NMSTEEL,2866113,https://trendlyne.com/research-reports/stock/2866113/NMSTEEL/,0,,,
Krebs Biochemicals Industries Ltd,KREBSBIO,3036,https://trendlyne.com/research-reports/stock/3036/KREBSBIO/,1026900000,Pharmaceuticals,Pharmaceuticals & Biotechnology,524518
Jagsonpal Services Ltd,JAGSONFI,3357,https://trendlyne.com/research-reports/stock/3357/JAGSONFI/,1026800000,Finance (including NBFCs),Banking and Finance,530601
Anik Industries Ltd,ANIKINDS,83,https://trendlyne.com/research-reports/stock/83/ANIKINDS/,1026601494,,,
Anya Polytech Fertilizers Ltd,ANYA,2872600,https://trendlyne.com/research-reports/stock/2872600/ANYA/,0,,,
Silicon Rental Solutions Ltd,SRSL,1057567,https://trendlyne.com/research-reports/stock/1057567/SRSL/,1020000000,Misc. Commercial Services,Commercial Services & Supplies,543615
Citichem India Ltd,12310682,2882793,https://trendlyne.com/research-reports/stock/2882793/12310682/,0,,,
Hilltone Software Gases Ltd,544308,2882794,https://trendlyne.com/research-reports/stock/2882794/544308/,0,,,
Leo Dryfruits Spices Trading Ltd,11251273,2884192,https://trendlyne.com/research-reports/stock/2884192/11251273/,0,,,
Technichem Organics Ltd,12070201,2884193,https://trendlyne.com/research-reports/stock/2884193/12070201/,0,,,
Fabtech Technologies Cleanrooms Ltd,13521230,2896032,https://trendlyne.com/research-reports/stock/2896032/13521230/,0,,,
Davin Sons Retail Ltd,15110516,2896659,https://trendlyne.com/research-reports/stock/2896659/15110516/,0,,,
Vishwaraj Sugar Industries Ltd,VISHWARAJ,166857,https://trendlyne.com/research-reports/stock/166857/VISHWARAJ/,1019400000,Sugar,"Food, Beverages & Tobacco",542852
Parmeshwar Metal Ltd,15100189,2897926,https://trendlyne.com/research-reports/stock/2897926/15100189/,0,,,
Standard Glass Lining Technology Ltd,SGLTL,2898836,https://trendlyne.com/research-reports/stock/2898836/SGLTL/,0,,,
Delta Autocorp Ltd,DELTIC,2900639,https://trendlyne.com/research-reports/stock/2900639/DELTIC/,0,,,
Indobell Insulations Ltd,14580111,2900640,https://trendlyne.com/research-reports/stock/2900640/14580111/,0,,,
Inventure Growth Securities Ltd,INVENTURE,637,https://trendlyne.com/research-reports/stock/637/INVENTURE/,1018500000,Capital Markets,Banking and Finance,533506
B R Goyal Infrastructure Ltd,17154560,2902835,https://trendlyne.com/research-reports/stock/2902835/17154560/,0,,,
Sat Kartar Shopping Ltd,SATKARTAR,2911824,https://trendlyne.com/research-reports/stock/2911824/SATKARTAR/,0,,,
Barflex Polyfilms Ltd,BARFLEX,2911825,https://trendlyne.com/research-reports/stock/2911825/BARFLEX/,0,,,
Intrasoft Technologies Ltd,ISFT,645,https://trendlyne.com/research-reports/stock/645/ISFT/,1017400000,Internet & Catalogue Retail,Retailing,533181
Kabra Jewels Ltd,KKJEWELS,2918582,https://trendlyne.com/research-reports/stock/2918582/KKJEWELS/,0,,,
Ace Software Exports Ltd Partly Paidup,890210,2922113,https://trendlyne.com/research-reports/stock/2922113/890210/,0,,,
Rikhav Securities Ltd,14094099,2923597,https://trendlyne.com/research-reports/stock/2923597/14094099/,0,,,
Landmark Global Learning Ltd,14095676,2923598,https://trendlyne.com/research-reports/stock/2923598/14095676/,0,,,
Ema Partners India Ltd,EMAPARTNER,2923599,https://trendlyne.com/research-reports/stock/2923599/EMAPARTNER/,0,,,
Capitalnumbers Infotech Ltd,13193185,2928217,https://trendlyne.com/research-reports/stock/2928217/13193185/,0,,,
Party Cruisers Ltd,PARTYCRUS,430586,https://trendlyne.com/research-reports/stock/430586/PARTYCRUS/,1013720285,,,
Gb Logistics Commerce Ltd,17160470,2934614,https://trendlyne.com/research-reports/stock/2934614/17160470/,0,,,
Chemcrux Enterprises Ltd,CHEMCRUX,61529,https://trendlyne.com/research-reports/stock/61529/CHEMCRUX/,1013400000,Specialty Chemicals,Chemicals & Petrochemicals,540395
Rexpro Enterprises Ltd,REXPRO,2934616,https://trendlyne.com/research-reports/stock/2934616/REXPRO/,0,,,
Arisinfra Solutions Ltd,ARISINFRA,2938268,https://trendlyne.com/research-reports/stock/2938268/ARISINFRA/,0,,,
Cln Energy Ltd,15131300,2938269,https://trendlyne.com/research-reports/stock/2938269/15131300/,0,,,
H M Electro Mech Ltd,11625768,2943315,https://trendlyne.com/research-reports/stock/2943315/11625768/,0,,,
Malpani Pipes Fittings Ltd,12190084,2947573,https://trendlyne.com/research-reports/stock/2947573/12190084/,0,,,
Zenith Exports Ltd,ZENITHEXPO,1542,https://trendlyne.com/research-reports/stock/1542/ZENITHEXPO/,1011257217,,,
Mukta Arts Ltd,MUKTAARTS,892,https://trendlyne.com/research-reports/stock/892/MUKTAARTS/,1007762136,,,
Saumya Consultants Ltd,SAUMYA,4217,https://trendlyne.com/research-reports/stock/4217/SAUMYA/,1006000000,Finance (including NBFCs),Banking and Finance,539218
Rdb Real Estate Constructions Ltd,544346,2958309,https://trendlyne.com/research-reports/stock/2958309/544346/,0,,,
Chamunda Electricals Ltd,CHAMUNDA,2959544,https://trendlyne.com/research-reports/stock/2959544/CHAMUNDA/,0,,,
Ken Enterprises Ltd,KEN,2963622,https://trendlyne.com/research-reports/stock/2963622/KEN/,0,,,
Amwill Health Care Ltd,12520279,2964699,https://trendlyne.com/research-reports/stock/2964699/12520279/,0,,,
Readymix Construction Machinery Ltd,READYMIX,2964700,https://trendlyne.com/research-reports/stock/2964700/READYMIX/,0,,,
Eleganz Interiors Ltd,ELGNZ,2964701,https://trendlyne.com/research-reports/stock/2964701/ELGNZ/,0,,,
Solarium Green Energy Ltd,15131301,2968483,https://trendlyne.com/research-reports/stock/2968483/15131301/,0,,,
Newtime Infrastructure Ltd,NEWTIME,82545,https://trendlyne.com/research-reports/stock/82545/NEWTIME/,1002400000,Construction & Engineering,Cement and Construction,531959
P S Raj Steels Ltd,PSRAJ,2972770,https://trendlyne.com/research-reports/stock/2972770/PSRAJ/,0,,,
Ducon Infratechnologies Ltd,DUCON,352,https://trendlyne.com/research-reports/stock/352/DUCON/,1000679017,,,
Voler Car Ltd,VOLERCAR,2974676,https://trendlyne.com/research-reports/stock/2974676/VOLERCAR/,0,,,
Maxvolt Energy Industries Ltd,MAXVOLT,2976535,https://trendlyne.com/research-reports/stock/2976535/MAXVOLT/,0,,,
Chandan Healthcare Ltd,CHANDAN,2976536,https://trendlyne.com/research-reports/stock/2976536/CHANDAN/,0,,,
L K Mehta Polymers Ltd,12130129,2978665,https://trendlyne.com/research-reports/stock/2978665/12130129/,0,,,
The Indian Card Clothing Company Ltd,INDIANCARD,610,https://trendlyne.com/research-reports/stock/610/INDIANCARD/,1000571581,,,
Shanmuga Hospital Ltd,16550753,2978667,https://trendlyne.com/research-reports/stock/2978667/16550753/,0,,,
Royal Arc Electrodes Ltd,ROYALARC,2983156,https://trendlyne.com/research-reports/stock/2983156/ROYALARC/,0,,,
Tejas Cargo India Ltd,TEJASCARGO,2983157,https://trendlyne.com/research-reports/stock/2983157/TEJASCARGO/,0,,,
Sel Manufacturing Company Ltd,SELMC,1201,https://trendlyne.com/research-reports/stock/1201/SELMC/,971819853,,,
Beezaasan Explotech Ltd,12310683,2985703,https://trendlyne.com/research-reports/stock/2985703/12310683/,0,,,
Hp Telecom India Ltd,HPTL,2988135,https://trendlyne.com/research-reports/stock/2988135/HPTL/,0,,,
Swasth Foodtech India Ltd,11290671,2991919,https://trendlyne.com/research-reports/stock/2991919/11290671/,0,,,
Covance Softsol Ltd,544361,2994893,https://trendlyne.com/research-reports/stock/2994893/544361/,0,,,
Lambodhara Textiles Ltd,LAMBODHARA,1570,https://trendlyne.com/research-reports/stock/1570/LAMBODHARA/,969947235,,,
Nukleus Office Solutions Ltd,15211070,2997454,https://trendlyne.com/research-reports/stock/2997454/15211070/,0,,,
Shreenath Paper Products Ltd,16530408,2997455,https://trendlyne.com/research-reports/stock/2997455/16530408/,0,,,
Balaji Phosphates Ltd,BALAJIPHOS,3001205,https://trendlyne.com/research-reports/stock/3001205/BALAJIPHOS/,0,,,
Naps Global India Ltd,11251276,3007191,https://trendlyne.com/research-reports/stock/3007191/11251276/,0,,,
California Software Company Ltd Partly Paidup,CALSOFTPP,3016227,https://trendlyne.com/research-reports/stock/3016227/CALSOFTPP/,0,,,
Vikram Aroma Ltd,544371,3017547,https://trendlyne.com/research-reports/stock/3017547/544371/,0,,,
Super Iron Foundry Ltd,13560253,3020639,https://trendlyne.com/research-reports/stock/3020639/13560253/,0,,,
Pdp Shipping Projects Ltd,PSPL,3021296,https://trendlyne.com/research-reports/stock/3021296/PSPL/,0,,,
Paradeep Parivahan Ltd,17152985,3023329,https://trendlyne.com/research-reports/stock/3023329/17152985/,0,,,
Divine Hira Jewellers Ltd,DIVINEHIRA,3025348,https://trendlyne.com/research-reports/stock/3025348/DIVINEHIRA/,0,,,
Grand Continent Hotels Ltd,GCHOTELS,3032085,https://trendlyne.com/research-reports/stock/3032085/GCHOTELS/,0,,,
Rapid Fleet Management Services Ltd,RAPIDFLEET,3032787,https://trendlyne.com/research-reports/stock/3032787/RAPIDFLEET/,0,,,
Suryalakshmi Cotton Mills Ltd,SURYALAXMI,1332,https://trendlyne.com/research-reports/stock/1332/SURYALAXMI/,946450738,,,
Active Infrastructures Ltd,ACTIVEINFR,3034062,https://trendlyne.com/research-reports/stock/3034062/ACTIVEINFR/,0,,,
Desco Infratech Ltd,11625770,3035277,https://trendlyne.com/research-reports/stock/3035277/11625770/,0,,,
Atc Energies System Ltd,ATCENERGY,3036051,https://trendlyne.com/research-reports/stock/3036051/ATCENERGY/,0,,,
Shri Ahimsa Naturals Ltd,SHRIAHIMSA,3036052,https://trendlyne.com/research-reports/stock/3036052/SHRIAHIMSA/,0,,,
Identixweb Ltd,13193187,3038208,https://trendlyne.com/research-reports/stock/3038208/13193187/,0,,,
Infonative Solutions Ltd,13193197,3042108,https://trendlyne.com/research-reports/stock/3042108/13193197/,0,,,
Retaggio Industries Ltd,15070590,3042109,https://trendlyne.com/research-reports/stock/3042109/15070590/,0,,,
Aten Papers Foam Ltd,16530407,3043645,https://trendlyne.com/research-reports/stock/3043645/16530407/,0,,,
Spinaroo Commercial Ltd,16691931,3043646,https://trendlyne.com/research-reports/stock/3043646/16691931/,0,,,
Tankup Engineers Ltd,TANKUP,3074278,https://trendlyne.com/research-reports/stock/3074278/TANKUP/,0,,,
Gtl Ltd,GTL,504,https://trendlyne.com/research-reports/stock/504/GTL/,940634753,,,
Shri Niwas Leasing Finance Ltd Partly Paidup,890213,3081829,https://trendlyne.com/research-reports/stock/3081829/890213/,0,,,
Iware Supplychain Services Ltd,IWARE,3082277,https://trendlyne.com/research-reports/stock/3082277/IWARE/,0,,,
Arunaya Organics Ltd,ARUNAYA,3082955,https://trendlyne.com/research-reports/stock/3082955/ARUNAYA/,0,,,
Kenrik Industries Ltd,17440007,3083640,https://trendlyne.com/research-reports/stock/3083640/17440007/,0,,,
Srigee Dlm Ltd,13110344,3086198,https://trendlyne.com/research-reports/stock/3086198/13110344/,0,,,
Manoj Jewellers Ltd,15070592,3087792,https://trendlyne.com/research-reports/stock/3087792/15070592/,0,,,
Virtual Galaxy Infotech Ltd,VGINFOTECH,3092797,https://trendlyne.com/research-reports/stock/3092797/VGINFOTECH/,0,,,
Accretion Pharmaceuticals Ltd,ACCPL,3095051,https://trendlyne.com/research-reports/stock/3095051/ACCPL/,0,,,
Integrity Infrabuild Developers Ltd,INTEGRITY,3095948,https://trendlyne.com/research-reports/stock/3095948/INTEGRITY/,0,,,
Dar Credit Capital Ltd,DCCL,3101964,https://trendlyne.com/research-reports/stock/3101964/DCCL/,0,,,
Housing Development Infrastructure Ltd,HDIL,534,https://trendlyne.com/research-reports/stock/534/HDIL/,923173910,,,
Unified Data Tech Solutions Ltd,13193245,3104418,https://trendlyne.com/research-reports/stock/3104418/13193245/,0,,,
Beardsell Ltd,BEARDSELL,172,https://trendlyne.com/research-reports/stock/172/BEARDSELL/,917699008,,,
Blue Water Logistics Ltd,BLUEWATER,3107150,https://trendlyne.com/research-reports/stock/3107150/BLUEWATER/,0,,,
Astonea Labs Ltd,12170018,3110328,https://trendlyne.com/research-reports/stock/3110328/12170018/,0,,,
Rajshree Sugars Chemicals Ltd,RAJSREESUG,1098,https://trendlyne.com/research-reports/stock/1098/RAJSREESUG/,915205466,,,
Nikita Greentech Recycling Ltd,NIKITA,3110330,https://trendlyne.com/research-reports/stock/3110330/NIKITA/,0,,,
Db International Stock Brokers Ltd,DBSTOCKBRO,310,https://trendlyne.com/research-reports/stock/310/DBSTOCKBRO/,914611045,,,
Neptune Petrochemicals Ltd,NEPTUNE,3111987,https://trendlyne.com/research-reports/stock/3111987/NEPTUNE/,0,,,
Lovable Lingerie Ltd,LOVABLE,798,https://trendlyne.com/research-reports/stock/798/LOVABLE/,914344424,,,
Jocil Ltd,JOCIL,691,https://trendlyne.com/research-reports/stock/691/JOCIL/,910850825,,,
N R Vandana Tex Industries Ltd,NRVANDANA,3116839,https://trendlyne.com/research-reports/stock/3116839/NRVANDANA/,0,,,
3B Films Ltd,14620261,3117401,https://trendlyne.com/research-reports/stock/3117401/14620261/,0,,,
Ganga Bath Fittings Ltd,GANGABATH,3122483,https://trendlyne.com/research-reports/stock/3122483/GANGABATH/,0,,,
Sacheerome Ltd,SACHEEROME,3127454,https://trendlyne.com/research-reports/stock/3127454/SACHEEROME/,0,,,
Jainik Power Cables Ltd,JAINIK,3128618,https://trendlyne.com/research-reports/stock/3128618/JAINIK/,0,,,
Monolithisch India Ltd,MONOLITH,3131699,https://trendlyne.com/research-reports/stock/3131699/MONOLITH/,0,,,
Samay Project Services Ltd,SAMAY,3134741,https://trendlyne.com/research-reports/stock/3134741/SAMAY/,0,,,
Neueon Corporation Ltd,NEUEON,1305,https://trendlyne.com/research-reports/stock/1305/NEUEON/,908105491,,,
Lcc Infotech Ltd,LCCINFOTEC,786,https://trendlyne.com/research-reports/stock/786/LCCINFOTEC/,905346270,,,
Reliance Chemotex Industries Ltd,RELCHEMQ,2139,https://trendlyne.com/research-reports/stock/2139/RELCHEMQ/,867655254,,,
Patil Automation Ltd,PATILAUTOM,3136275,https://trendlyne.com/research-reports/stock/3136275/PATILAUTOM/,0,,,
Eppeltone Engineers Ltd,EEPL,3137748,https://trendlyne.com/research-reports/stock/3137748/EEPL/,0,,,
Mayasheel Ventures Ltd,MAYASHEEL,3138572,https://trendlyne.com/research-reports/stock/3138572/MAYASHEEL/,0,,,
Influx Healthtech Ltd,INFLUX,3139377,https://trendlyne.com/research-reports/stock/3139377/INFLUX/,0,,,
Lloyds Engineering Works Ltd Partly Paidup,LLOYDSENPP,3140051,https://trendlyne.com/research-reports/stock/3140051/LLOYDSENPP/,0,,,
Shyam Century Ferrous Ltd,SHYAMCENT,1770,https://trendlyne.com/research-reports/stock/1770/SHYAMCENT/,859300654,,,
Ajc Jewel Manufacturers Ltd,15070588,3143498,https://trendlyne.com/research-reports/stock/3143498/15070588/,0,,,
Safe Enterprises Retail Fixtures Ltd,SAFEENTP,3143500,https://trendlyne.com/research-reports/stock/3143500/SAFEENTP/,0,,,
Aakaar Medical Technologies Ltd,AAKAAR,3144972,https://trendlyne.com/research-reports/stock/3144972/AAKAAR/,0,,,
Blb Ltd,BLBLIMITED,203,https://trendlyne.com/research-reports/stock/203/BLBLIMITED/,854855355,,,
Ace Alpha Tech Ltd,13193272,3145561,https://trendlyne.com/research-reports/stock/3145561/13193272/,0,,,
Shri Hare Krishna Sponge Iron Ltd,SHKSIL,3146163,https://trendlyne.com/research-reports/stock/3146163/SHKSIL/,0,,,
Icon Facilitators Ltd,16691920,3146164,https://trendlyne.com/research-reports/stock/3146164/16691920/,0,,,
Suntech Infra Solutions Ltd,SUNTECH,3147462,https://trendlyne.com/research-reports/stock/3147462/SUNTECH/,0,,,
Motor General Finance Ltd,MOTOGENFIN,880,https://trendlyne.com/research-reports/stock/880/MOTOGENFIN/,845124026,,,
Standard Industries Ltd,SIL,1239,https://trendlyne.com/research-reports/stock/1239/SIL/,841422543,,,
Bag Films Media Ltd,BAGFILMS,143,https://trendlyne.com/research-reports/stock/143/BAGFILMS/,832181459,,,
Paras Petrofils Ltd,PARASPETRO,1007,https://trendlyne.com/research-reports/stock/1007/PARASPETRO/,818841466,,,
Abram Food Ltd,11290683,3148897,https://trendlyne.com/research-reports/stock/3148897/11290683/,0,,,
Pro Fx Tech Ltd,PROFX,3148898,https://trendlyne.com/research-reports/stock/3148898/PROFX/,0,,,
Cinevista Ltd,CINEVISTA,267,https://trendlyne.com/research-reports/stock/267/CINEVISTA/,817895391,,,
Supertech Ev Ltd,10540066,3152007,https://trendlyne.com/research-reports/stock/3152007/10540066/,0,,,
Rama Telecom Ltd,RTL,3152008,https://trendlyne.com/research-reports/stock/3152008/RTL/,0,,,
Barak Valley Cements Ltd,BVCL,228,https://trendlyne.com/research-reports/stock/228/BVCL/,805680447,,,
Moving Media Entertainment Ltd,MMEL,3152450,https://trendlyne.com/research-reports/stock/3152450/MMEL/,0,,,
Valencia India Ltd,16691936,3152451,https://trendlyne.com/research-reports/stock/3152451/16691936/,0,,,
Neetu Yoshi Ltd,544434,3152452,https://trendlyne.com/research-reports/stock/3152452/544434/,0,,,
Marc Loire Fashions Ltd,10780045,3153042,https://trendlyne.com/research-reports/stock/3153042/10780045/,0,,,
Pushpa Jewellers Ltd,PUSHPA,3153043,https://trendlyne.com/research-reports/stock/3153043/PUSHPA/,0,,,
Cedaar Textile Ltd,CEDAAR,3153044,https://trendlyne.com/research-reports/stock/3153044/CEDAAR/,0,,,
Adcounty Media India Ltd,544435,3153045,https://trendlyne.com/research-reports/stock/3153045/544435/,0,,,
Vandan Foods Ltd,11290681,3154499,https://trendlyne.com/research-reports/stock/3154499/11290681/,0,,,
Silky Overseas Ltd,SILKY,3154500,https://trendlyne.com/research-reports/stock/3154500/SILKY/,0,,,
Kohinoor Foods Ltd,KOHINOOR,753,https://trendlyne.com/research-reports/stock/753/KOHINOOR/,785388160,,,
Landmark Property Development Company Ltd,LPDC,799,https://trendlyne.com/research-reports/stock/799/LPDC/,780565407,,,
Sadbhav Infrastructure Project Ltd,SADBHIN,1778,https://trendlyne.com/research-reports/stock/1778/SADBHIN/,767850994,,,
Chemkart India Ltd,12070207,3160721,https://trendlyne.com/research-reports/stock/3160721/12070207/,0,,,
Meta Infotech Ltd,13193250,3160722,https://trendlyne.com/research-reports/stock/3160722/13193250/,0,,,
Aksh Optifibre Ltd,AKSHOPTFBR,51,https://trendlyne.com/research-reports/stock/51/AKSHOPTFBR/,748410651,,,
Cryogenic Ogs Ltd,14610173,3161385,https://trendlyne.com/research-reports/stock/3161385/14610173/,0,,,
Happy Square Outsourcing Services Ltd,WHITEFORCE,3161386,https://trendlyne.com/research-reports/stock/3161386/WHITEFORCE/,0,,,
Smarten Power Systems Ltd,SMARTEN,3163478,https://trendlyne.com/research-reports/stock/3163478/SMARTEN/,0,,,
Glen Industries Ltd,16530409,3163479,https://trendlyne.com/research-reports/stock/3163479/16530409/,0,,,
Asston Pharmaceuticals Ltd,12541944,3166792,https://trendlyne.com/research-reports/stock/3166792/12541944/,0,,,
Emkay Tools Ltd,ETL,3167548,https://trendlyne.com/research-reports/stock/3167548/ETL/,0,,,
Amd Industries Ltd,AMDIND,72,https://trendlyne.com/research-reports/stock/72/AMDIND/,745411170,,,
Spunweb Nonwoven Ltd,SPUNWEB,3169773,https://trendlyne.com/research-reports/stock/3169773/SPUNWEB/,0,,,
Tvs Infrastructure Trust,TVSINVIT,3171347,https://trendlyne.com/research-reports/stock/3171347/TVSINVIT/,0,,,
Aplab Ltd Partly Paidup,890217,3172910,https://trendlyne.com/research-reports/stock/3172910/890217/,0,,,
Monika Alcobev Ltd,11090268,3174376,https://trendlyne.com/research-reports/stock/3174376/11090268/,0,,,
Property Share Investment Trust Propshare Titania Reit,17380002,3180564,https://trendlyne.com/research-reports/stock/3180564/17380002/,0,,,
Savy Infra And Logistics Ltd,SAVY,3182200,https://trendlyne.com/research-reports/stock/3182200/SAVY/,0,,,
Swastika Castal Ltd,13560270,3183864,https://trendlyne.com/research-reports/stock/3183864/13560270/,0,,,
Monarch Surveyors And Engineering Consultants Ltd,11625771,3185620,https://trendlyne.com/research-reports/stock/3185620/11625771/,0,,,
Tsc India Ltd,TSC,3185621,https://trendlyne.com/research-reports/stock/3185621/TSC/,0,,,
Kakatiya Cement Sugar Industries Ltd,KAKATCEM,710,https://trendlyne.com/research-reports/stock/710/KAKATCEM/,732042349,,,
Patel Chem Specialities Ltd,12060196,3187135,https://trendlyne.com/research-reports/stock/3187135/12060196/,0,,,
Spl Industries Ltd,SPLIL,1277,https://trendlyne.com/research-reports/stock/1277/SPLIL/,726804527,,,
Semac Construction Ltd,SEMAC,1135,https://trendlyne.com/research-reports/stock/1135/SEMAC/,719474696,,,
Repono Ltd,16691924,3190016,https://trendlyne.com/research-reports/stock/3190016/16691924/,0,,,
California Software Company Ltd,CALSOFT,231,https://trendlyne.com/research-reports/stock/231/CALSOFT/,715973145,,,
Sellowrap Industries Ltd,SELLOWRAP,3190830,https://trendlyne.com/research-reports/stock/3190830/SELLOWRAP/,0,,,
Prakash Steelage Ltd,PRAKASHSTL,1064,https://trendlyne.com/research-reports/stock/1064/PRAKASHSTL/,715967715,,,
Shree Refrigerations Ltd,17160478,3192332,https://trendlyne.com/research-reports/stock/3192332/17160478/,0,,,
Banaras Beads Ltd,BANARBEADS,158,https://trendlyne.com/research-reports/stock/158/BANARBEADS/,704101196,,,
Umiya Mobile Ltd,10740009,3193645,https://trendlyne.com/research-reports/stock/3193645/10740009/,0,,,
B D Industries Pune Ltd,12270273,3193646,https://trendlyne.com/research-reports/stock/3193646/12270273/,0,,,
Kaytex Fabrics Ltd,KAYTEX,3193647,https://trendlyne.com/research-reports/stock/3193647/KAYTEX/,0,,,
Jhs Svendgaard Laboratories Ltd,JHS,672,https://trendlyne.com/research-reports/stock/672/JHS/,695749909,,,
Jyoti Global Plast Ltd,JYOTIGLOBL,3194517,https://trendlyne.com/research-reports/stock/3194517/JYOTIGLOBL/,0,,,
Mehul Colours Ltd,12270276,3195209,https://trendlyne.com/research-reports/stock/3195209/12270276/,0,,,
Takyon Networks Ltd,13240247,3195210,https://trendlyne.com/research-reports/stock/3195210/13240247/,0,,,
Refractory Shapes Ltd,REFRACTORY,2242833,https://trendlyne.com/research-reports/stock/2242833/REFRACTORY/,687789983,,,
Cash Ur Drive Marketing Ltd,CUDML,3195214,https://trendlyne.com/research-reports/stock/3195214/CUDML/,0,,,
Energy Development Company Ltd,ENERGYDEV,379,https://trendlyne.com/research-reports/stock/379/ENERGYDEV/,680105659,,,
Zenith Steel Pipes Industries Ltd,ZENITHSTL,1540,https://trendlyne.com/research-reports/stock/1540/ZENITHSTL/,676973858,,,
Pioneer Embroideries Ltd,PIONEEREMB,1042,https://trendlyne.com/research-reports/stock/1042/PIONEEREMB/,672309254,,,
Renol Polychem Ltd,RNPL,3196802,https://trendlyne.com/research-reports/stock/3196802/RNPL/,0,,,
Parth Electricals Engineering Ltd,PARTH,3197522,https://trendlyne.com/research-reports/stock/3197522/PARTH/,0,,,
Flysbs Aviation Ltd,FLYSBS,3197523,https://trendlyne.com/research-reports/stock/3197523/FLYSBS/,0,,,
Aaradhya Disposal Industries Ltd,AARADHYA,3200491,https://trendlyne.com/research-reports/stock/3200491/AARADHYA/,0,,,
Bhadora Industries Ltd,BHADORA,3203668,https://trendlyne.com/research-reports/stock/3203668/BHADORA/,0,,,
Nrb Industrial Bearings Ltd,NIBL,939,https://trendlyne.com/research-reports/stock/939/NIBL/,665032326,,,
Blt Logistics Ltd,17160468,3203670,https://trendlyne.com/research-reports/stock/3203670/17160468/,0,,,
Essex Marine Ltd,17360004,3203671,https://trendlyne.com/research-reports/stock/3203671/17360004/,0,,,
Sawaliya Food Products Ltd,SAWALIYA,3206475,https://trendlyne.com/research-reports/stock/3206475/SAWALIYA/,0,,,
Transwarranty Finance Ltd,TFL,1382,https://trendlyne.com/research-reports/stock/1382/TFL/,664701323,,,
Anb Metal Cast Ltd,AMCL,3208124,https://trendlyne.com/research-reports/stock/3208124/AMCL/,0,,,
Patel Integrated Logistics Ltd,PATINTLOG,1011,https://trendlyne.com/research-reports/stock/1011/PATINTLOG/,654801859,,,
Connplex Cinemas Ltd,CONNPLEX,3209814,https://trendlyne.com/research-reports/stock/3209814/CONNPLEX/,0,,,
Gvp Infotech Ltd Partly Paidup,GVPTECHPP,3210741,https://trendlyne.com/research-reports/stock/3210741/GVPTECHPP/,0,,,
Medistep Healthcare Ltd,MEDISTEP,3211184,https://trendlyne.com/research-reports/stock/3211184/MEDISTEP/,0,,,
Star Imaging And Path Lab Ltd,16550780,3211185,https://trendlyne.com/research-reports/stock/3211185/16550780/,0,,,
Securekloud Technologies Ltd,SECURKLOUD,11,https://trendlyne.com/research-reports/stock/11/SECURKLOUD/,647497497,,,
Icodex Publishing Solutions Ltd,17080272,3212713,https://trendlyne.com/research-reports/stock/3212713/17080272/,0,,,
Mahendra Realtors Infrastructure Ltd,MRIL,3212714,https://trendlyne.com/research-reports/stock/3212714/MRIL/,0,,,
Kati Patang Life Style Ltd Partly Paidup,890220,3213450,https://trendlyne.com/research-reports/stock/3213450/890220/,0,,,
Handson Global Management Hgm Ltd,HGM,573,https://trendlyne.com/research-reports/stock/573/HGM/,641513585,,,
Agri Tech India Ltd,AGRITECH,40,https://trendlyne.com/research-reports/stock/40/AGRITECH/,634489499,,,
Tokyo Plast International Ltd,TOKYOPLAST,1408,https://trendlyne.com/research-reports/stock/1408/TOKYOPLAST/,631843100,,,
Studio Lsd Ltd,STUDIOLSD,3220073,https://trendlyne.com/research-reports/stock/3220073/STUDIOLSD/,0,,,
Nagreeka Exports Ltd,NAGREEKEXP,902,https://trendlyne.com/research-reports/stock/902/NAGREEKEXP/,631234874,,,
Rs Software India Ltd,RSSOFTWARE,1151,https://trendlyne.com/research-reports/stock/1151/RSSOFTWARE/,624340396,,,
Lgt Business Connextions Ltd,17090206,3220745,https://trendlyne.com/research-reports/stock/3220745/17090206/,0,,,
Future Consumer Ltd,FCONSUMER,408,https://trendlyne.com/research-reports/stock/408/FCONSUMER/,619080744,,,
Spandana Sphoorty Financial Ltd Partly Paidup,SSFLPP,3223814,https://trendlyne.com/research-reports/stock/3223814/SSFLPP/,0,,,
Classic Electrodes India Ltd,CLASSICEIL,3224618,https://trendlyne.com/research-reports/stock/3224618/CLASSICEIL/,0,,,
Shivashrit Foods Ltd,SHIVASHRIT,3225900,https://trendlyne.com/research-reports/stock/3225900/SHIVASHRIT/,0,,,
Arc Insulation Insulators Ltd,ARCIIL,3225901,https://trendlyne.com/research-reports/stock/3225901/ARCIIL/,0,,,
Orient Press Ltd,ORIENTLTD,987,https://trendlyne.com/research-reports/stock/987/ORIENTLTD/,608553667,,,
Current Infraprojects Ltd,CURRENT,3226638,https://trendlyne.com/research-reports/stock/3226638/CURRENT/,0,,,
Anondita Medicare Ltd,ANONDITA,3227182,https://trendlyne.com/research-reports/stock/3227182/ANONDITA/,0,,,
Sattva Engineering Construction Ltd,SATTVAENGG,3227948,https://trendlyne.com/research-reports/stock/3227948/SATTVAENGG/,0,,,
Globtier Infotech Ltd,13193254,3228802,https://trendlyne.com/research-reports/stock/3228802/13193254/,0,,,
Nis Management Ltd,17155763,3228803,https://trendlyne.com/research-reports/stock/3228803/17155763/,0,,,
Abril Paper Tech Ltd,16530413,3229391,https://trendlyne.com/research-reports/stock/3229391/16530413/,0,,,
Raj Oil Mills Ltd,ROML,1095,https://trendlyne.com/research-reports/stock/1095/ROML/,604193873,,,
Snehaa Organics Ltd,SNEHAA,3231592,https://trendlyne.com/research-reports/stock/3231592/SNEHAA/,0,,,
Sugs Lloyd Ltd,16691930,3231593,https://trendlyne.com/research-reports/stock/3231593/16691930/,0,,,
Oval Projects Engineering Ltd,13521255,3232053,https://trendlyne.com/research-reports/stock/3232053/13521255/,0,,,
Delta Manufacturing Ltd,DELTAMAGNT,321,https://trendlyne.com/research-reports/stock/321/DELTAMAGNT/,583626396,,,
Rachit Prints Ltd,17080271,3235085,https://trendlyne.com/research-reports/stock/3235085/17080271/,0,,,
Austere Systems Ltd,13193199,3238431,https://trendlyne.com/research-reports/stock/3238431/13193199/,0,,,
Optivalue Tek Consulting Ltd,OPTIVALUE,3238432,https://trendlyne.com/research-reports/stock/3238432/OPTIVALUE/,0,,,
Sharvaya Metals Ltd,13560268,3238433,https://trendlyne.com/research-reports/stock/3238433/13560268/,0,,,
Goel Construction Company Ltd,15211103,3239027,https://trendlyne.com/research-reports/stock/3239027/15211103/,0,,,
Vigor Plast India Ltd,VIGOR,3239742,https://trendlyne.com/research-reports/stock/3239742/VIGOR/,0,,,
Jmj Fintech Ltd Partly Paidup,890222,3241184,https://trendlyne.com/research-reports/stock/3241184/890222/,0,,,
Karbonsteel Engineering Ltd,13521268,3241495,https://trendlyne.com/research-reports/stock/3241495/13521268/,0,,,
Vashishtha Luxury Fashion Ltd,16491124,3243968,https://trendlyne.com/research-reports/stock/3243968/16491124/,0,,,
Noida Toll Bridge Company Ltd,NOIDATOLL,952,https://trendlyne.com/research-reports/stock/952/NOIDATOLL/,580413104,,,
Sundaram Multi Pap Ltd,SUNDARAM,1310,https://trendlyne.com/research-reports/stock/1310/SUNDARAM/,578130897,,,
Taurian Mps Ltd,TAURIAN,3245880,https://trendlyne.com/research-reports/stock/3245880/TAURIAN/,0,,,
Jay Ambe Supermarkets Ltd,10760039,3246535,https://trendlyne.com/research-reports/stock/3246535/10760039/,0,,,
Krupalu Metals Ltd,15620066,3246537,https://trendlyne.com/research-reports/stock/3246537/15620066/,0,,,
Onelife Capital Advisors Ltd,ONELIFECAP,973,https://trendlyne.com/research-reports/stock/973/ONELIFECAP/,575071327,,,
Grill Splendour Services Ltd,BIRDYS,2197590,https://trendlyne.com/research-reports/stock/2197590/BIRDYS/,552069200,,,
Nilachal Carbo Metalicks Ltd,10700032,3247269,https://trendlyne.com/research-reports/stock/3247269/10700032/,0,,,
Atlas Cycles Haryana Ltd,ATLASCYCLE,127,https://trendlyne.com/research-reports/stock/127/ATLASCYCLE/,547598647,,,
Airfloa Rail Technology Ltd,15211101,3247925,https://trendlyne.com/research-reports/stock/3247925/15211101/,0,,,
L T Elevator Ltd,13521267,3248611,https://trendlyne.com/research-reports/stock/3248611/13521267/,0,,,
Galaxy Medicare Ltd,GML,3252645,https://trendlyne.com/research-reports/stock/3252645/GML/,0,,,
Techd Cybersecurity Ltd,TECHD,3253829,https://trendlyne.com/research-reports/stock/3253829/TECHD/,0,,,
Malu Paper Mills Ltd,MALUPAPER,823,https://trendlyne.com/research-reports/stock/823/MALUPAPER/,538214741,,,
Sampat Aluminium Ltd,15040066,3256742,https://trendlyne.com/research-reports/stock/3256742/15040066/,0,,,
Teamo Productions Hq Ltd,TPHQ,459,https://trendlyne.com/research-reports/stock/459/TPHQ/,526185396,,,
Cyber Media India Ltd Partly Paidup,CYBERPP,3257525,https://trendlyne.com/research-reports/stock/3257525/CYBERPP/,0,,,
Lloyds Enterprises Ltd Partly Paidup,LLOYDPP,3257526,https://trendlyne.com/research-reports/stock/3257526/LLOYDPP/,0,,,
Jd Cables Ltd,15050159,3257959,https://trendlyne.com/research-reports/stock/3257959/15050159/,0,,,
Alkali Metals Ltd,ALKALI,57,https://trendlyne.com/research-reports/stock/57/ALKALI/,523278977,,,
Aptus Pharma Ltd,12541974,3262880,https://trendlyne.com/research-reports/stock/3262880/12541974/,0,,,
Bharatrohan Airborne Innovations Ltd,13510409,3262881,https://trendlyne.com/research-reports/stock/3262881/13510409/,0,,,
Adroit Infotech Ltd,ADROITINFO,1783,https://trendlyne.com/research-reports/stock/1783/ADROITINFO/,514270475,,,
Siddhi Cotspin Ltd,SIDDHICOTS,3262883,https://trendlyne.com/research-reports/stock/3262883/SIDDHICOTS/,0,,,
Cerebra Integrated Technologies Ltd,CEREBRAINT,255,https://trendlyne.com/research-reports/stock/255/CEREBRAINT/,504483762,,,
Khaitan India Ltd,KHAITANLTD,738,https://trendlyne.com/research-reports/stock/738/KHAITANLTD/,497422345,,,
Dsm Fresh Foods Ltd,11290670,3263742,https://trendlyne.com/research-reports/stock/3263742/11290670/,0,,,
True Colors Ltd,11580097,3264359,https://trendlyne.com/research-reports/stock/3264359/11580097/,0,,,
Vivimed Labs Ltd,VIVIMEDLAB,1495,https://trendlyne.com/research-reports/stock/1495/VIVIMEDLAB/,480071565,,,
Cambridge Technology Enterprises Ltd,CTE,294,https://trendlyne.com/research-reports/stock/294/CTE/,475301546,,,
Matrix Geo Solutions Ltd,MGSL,3264362,https://trendlyne.com/research-reports/stock/3264362/MGSL/,0,,,
Ecoline Exim Ltd,ECOLINE,3264363,https://trendlyne.com/research-reports/stock/3264363/ECOLINE/,0,,,
Nsb Bpo Solutions Ltd,16691209,3264365,https://trendlyne.com/research-reports/stock/3264365/16691209/,0,,,
Justo Realfintech Ltd,17310004,3264366,https://trendlyne.com/research-reports/stock/3264366/17310004/,0,,,
Telge Projects Ltd,11625830,3265151,https://trendlyne.com/research-reports/stock/3265151/11625830/,0,,,
Prime Cable Industries Ltd,PRIMECAB,3265152,https://trendlyne.com/research-reports/stock/3265152/PRIMECAB/,0,,,
Solvex Edibles Ltd,11120241,3265322,https://trendlyne.com/research-reports/stock/3265322/11120241/,0,,,
Praruh Technologies Ltd,13193188,3265323,https://trendlyne.com/research-reports/stock/3265323/13193188/,0,,,
Ansal Properties Infrastructure Ltd,ANSALAPI,85,https://trendlyne.com/research-reports/stock/85/ANSALAPI/,473788675,,,
Future Market Networks Ltd,FMNL,423,https://trendlyne.com/research-reports/stock/423/FMNL/,473632612,,,
Systematic Industries Ltd,17156598,3267080,https://trendlyne.com/research-reports/stock/3267080/17156598/,0,,,
Tarapur Transformers Ltd,TARAPUR,1353,https://trendlyne.com/research-reports/stock/1353/TARAPUR/,469879172,,,
Bhavik Enterprises Ltd,11251294,3267503,https://trendlyne.com/research-reports/stock/3267503/11251294/,0,,,
Gurunanak Agriculture India Ltd,GURUNANAK,3267504,https://trendlyne.com/research-reports/stock/3267504/GURUNANAK/,0,,,
Riddhi Display Equipments Ltd,12680082,3267505,https://trendlyne.com/research-reports/stock/3267505/12680082/,0,,,
Mangalam Drugs And Organics Ltd,MANGALAM,829,https://trendlyne.com/research-reports/stock/829/MANGALAM/,469084903,,,
Ravi Kumar Distilleries Ltd,RKDL,1139,https://trendlyne.com/research-reports/stock/1139/RKDL/,466080002,,,
Archies Ltd,ARCHIES,97,https://trendlyne.com/research-reports/stock/97/ARCHIES/,465488391,,,
Chatterbox Technologies Ltd,17041213,3269005,https://trendlyne.com/research-reports/stock/3269005/17041213/,0,,,
Oriental Trimex Ltd,ORIENTALTL,982,https://trendlyne.com/research-reports/stock/982/ORIENTALTL/,455745029,,,
Gujarat Peanut And Agri Products Ltd,11330367,3271023,https://trendlyne.com/research-reports/stock/3271023/11330367/,0,,,
Balkrishna Paper Mills Ltd,BALKRISHNA,1764,https://trendlyne.com/research-reports/stock/1764/BALKRISHNA/,451073448,,,
Viji Finance Ltd,VIJIFIN,4022,https://trendlyne.com/research-reports/stock/4022/VIJIFIN/,440281152,,,
Infinity Infoway Ltd,13193294,3271026,https://trendlyne.com/research-reports/stock/3271026/13193294/,0,,,
Ameenji Rubber Ltd,14610180,3271027,https://trendlyne.com/research-reports/stock/3271027/14610180/,0,,,
Manas Polymers And Energies Ltd,MPEL,3272267,https://trendlyne.com/research-reports/stock/3272267/MPEL/,0,,,
Kvs Castings Ltd,13560267,3272268,https://trendlyne.com/research-reports/stock/3272268/13560267/,0,,,
Earkart Ltd,16691977,3272269,https://trendlyne.com/research-reports/stock/3272269/16691977/,0,,,
Rukmani Devi Garg Agro Impex Ltd,17152940,3272270,https://trendlyne.com/research-reports/stock/3272270/17152940/,0,,,
Karma Energy Ltd,KARMAENG,719,https://trendlyne.com/research-reports/stock/719/KARMAENG/,433148498,,,
Celebrity Fashions Ltd,CELEBRITY,246,https://trendlyne.com/research-reports/stock/246/CELEBRITY/,430537473,,,
Valplast Technologies Ltd,11625772,3272995,https://trendlyne.com/research-reports/stock/3272995/11625772/,0,,,
Sunsky Logistics Ltd,17160495,3272996,https://trendlyne.com/research-reports/stock/3272996/17160495/,0,,,
Vijaypd Ceutical Ltd,VIJAYPD,3273756,https://trendlyne.com/research-reports/stock/3273756/VIJAYPD/,0,,,
Bang Overseas Ltd,BANG,161,https://trendlyne.com/research-reports/stock/161/BANG/,415613995,,,
Sodhani Capital Ltd,14095754,3273758,https://trendlyne.com/research-reports/stock/3273758/14095754/,0,,,
Mpk Steels I Ltd,15510865,3273759,https://trendlyne.com/research-reports/stock/3273759/15510865/,0,,,
Om Metallogic Ltd,15620065,3273760,https://trendlyne.com/research-reports/stock/3273760/15620065/,0,,,
Suba Hotels Ltd,SUBAHOTELS,3273761,https://trendlyne.com/research-reports/stock/3273761/SUBAHOTELS/,0,,,
N K Industries Ltd,NKIND,2005,https://trendlyne.com/research-reports/stock/2005/NKIND/,412542983,,,
Bag Convergence Ltd,BAGDIGITAL,3273763,https://trendlyne.com/research-reports/stock/3273763/BAGDIGITAL/,0,,,
Zelio E Mobility Ltd,17270031,3274326,https://trendlyne.com/research-reports/stock/3274326/17270031/,0,,,
Greenleaf Envirotech Ltd,GREENLEAF,3274327,https://trendlyne.com/research-reports/stock/3274327/GREENLEAF/,0,,,
Sheel Biotech Ltd,SHEEL,3275140,https://trendlyne.com/research-reports/stock/3275140/SHEEL/,0,,,
Chiraharit Ltd,13521281,3275141,https://trendlyne.com/research-reports/stock/3275141/13521281/,0,,,
Shlokka Dyes Ltd,16090125,3275143,https://trendlyne.com/research-reports/stock/3275143/16090125/,0,,,
Dhillon Freight Carrier Ltd,16590179,3275144,https://trendlyne.com/research-reports/stock/3275144/16590179/,0,,,
Munish Forge Ltd,MUNISH,3276385,https://trendlyne.com/research-reports/stock/3276385/MUNISH/,0,,,
Shipwaves Online Ltd,17160510,3276387,https://trendlyne.com/research-reports/stock/3276387/17160510/,0,,,
Tamilnadu Telecommunications Ltd,TNTELE,1406,https://trendlyne.com/research-reports/stock/1406/TNTELE/,410672180,,,
Golden Tobacco Ltd,GOLDENTOBC,482,https://trendlyne.com/research-reports/stock/482/GOLDENTOBC/,383669684,,,
Palred Technologies Ltd,PALREDTEC,1781,https://trendlyne.com/research-reports/stock/1781/PALREDTEC/,367228231,,,
Mittal Sections Ltd,15990146,3283428,https://trendlyne.com/research-reports/stock/3283428/15990146/,0,,,
Teerth Gopicon Ltd,TGL,2186418,https://trendlyne.com/research-reports/stock/2186418/TGL/,365387829,,,
Blue Coast Hotels Ltd,BLUECOAST,207,https://trendlyne.com/research-reports/stock/207/BLUECOAST/,362134984,,,
Eco Hotels And Resorts Ltd Partly Paidup,890225,3283982,https://trendlyne.com/research-reports/stock/3283982/890225/,0,,,
Lakshmi Finance Industrial Corporation Ltd,LFIC,780,https://trendlyne.com/research-reports/stock/780/LFIC/,356459999,,,
Manugraph India Ltd,MANUGRAPH,837,https://trendlyne.com/research-reports/stock/837/MANUGRAPH/,353484736,,,
Sk Minerals Additives Ltd,15110522,3286109,https://trendlyne.com/research-reports/stock/3286109/15110522/,0,,,
Sihora Industries Ltd,16491133,3290129,https://trendlyne.com/research-reports/stock/3290129/16491133/,0,,,
Arshiya Ltd,ARSHIYA,103,https://trendlyne.com/research-reports/stock/103/ARSHIYA/,347788222,,,
Shreeji Global Fmcg Ltd,SHETHJI,3299117,https://trendlyne.com/research-reports/stock/3299117/SHETHJI/,0,,,
Jayesh Logistics Ltd,JAYESH,3299118,https://trendlyne.com/research-reports/stock/3299118/JAYESH/,0,,,
Game Changers Texfab Ltd,16491132,3302592,https://trendlyne.com/research-reports/stock/3302592/16491132/,0,,,
Siti Networks Ltd,SITINET,1248,https://trendlyne.com/research-reports/stock/1248/SITINET/,346464651,,,
Safecure Services Ltd,16691944,3309032,https://trendlyne.com/research-reports/stock/3309032/16691944/,0,,,
Shekhawati Industries Ltd,SHEKHAWATI,1279,https://trendlyne.com/research-reports/stock/1279/SHEKHAWATI/,344700000,,,
Future Enterprises Ltd,FEL,426,https://trendlyne.com/research-reports/stock/426/FEL/,334131229,,,
Finbud Financial Services Ltd,FINBUD,3312200,https://trendlyne.com/research-reports/stock/3312200/FINBUD/,0,,,
Hb Stockholdings Ltd,HBSL,527,https://trendlyne.com/research-reports/stock/527/HBSL/,329303817,,,
Curis Lifesciences Ltd,CURIS,3315036,https://trendlyne.com/research-reports/stock/3315036/CURIS/,0,,,
Tree House Education Accessories Ltd,TREEHOUSE,1411,https://trendlyne.com/research-reports/stock/1411/TREEHOUSE/,329177442,,,
Shining Tools Ltd,13521265,3318396,https://trendlyne.com/research-reports/stock/3318396/13521265/,0,,,
Mahamaya Lifesciences Ltd,12542043,3319703,https://trendlyne.com/research-reports/stock/3319703/12542043/,0,,,
Aro Granite Industries Ltd,AROGRANITE,101,https://trendlyne.com/research-reports/stock/101/AROGRANITE/,325584011,,,
Workmates Core2Cloud Solution Ltd,13193304,3321512,https://trendlyne.com/research-reports/stock/3321512/13193304/,0,,,
Country Condo S Ltd,COUNCODOS,287,https://trendlyne.com/research-reports/stock/287/COUNCODOS/,322028802,,,
Sanwaria Consumer Ltd,SANWARIA,1183,https://trendlyne.com/research-reports/stock/1183/SANWARIA/,319071044,,,
Eastern Silk Industries Ltd,EASTSILK,353,https://trendlyne.com/research-reports/stock/353/EASTSILK/,317999992,,,
Gss Infotech Ltd,GSS,503,https://trendlyne.com/research-reports/stock/503/GSS/,317157843,,,
Madhucon Projects Ltd,MADHUCON,811,https://trendlyne.com/research-reports/stock/811/MADHUCON/,307248970,,,
Simbhaoli Sugars Ltd,SIMBHALS,1985,https://trendlyne.com/research-reports/stock/1985/SIMBHALS/,305282226,,,
Nagreeka Capital Infrastructure Ltd,NAGREEKCAP,901,https://trendlyne.com/research-reports/stock/901/NAGREEKCAP/,301578165,,,
Rollatainers Ltd,ROLLT,2125,https://trendlyne.com/research-reports/stock/2125/ROLLT/,292326722,,,
Gallard Steel Ltd,15990147,3330274,https://trendlyne.com/research-reports/stock/3330274/15990147/,0,,,
Madhav Marbles Granites Ltd,MADHAV,810,https://trendlyne.com/research-reports/stock/810/MADHAV/,289619527,,,
Ssmd Agrotech India Ltd,11330369,3338471,https://trendlyne.com/research-reports/stock/3338471/11330369/,0,,,
Mother Nutri Foods Ltd,11290695,3339455,https://trendlyne.com/research-reports/stock/3339455/11290695/,0,,,
K K Silk Mills Ltd,16050068,3339456,https://trendlyne.com/research-reports/stock/3339456/16050068/,0,,,
Purple Wave Infocom Ltd,13240264,3342103,https://trendlyne.com/research-reports/stock/3342103/13240264/,0,,,
Ravelcare Ltd,16691974,3342104,https://trendlyne.com/research-reports/stock/3342104/16691974/,0,,,
Exato Technologies Ltd,16692005,3342105,https://trendlyne.com/research-reports/stock/3342105/16692005/,0,,,
Neochem Bio Solutions Ltd,NEOCHEM,3342750,https://trendlyne.com/research-reports/stock/3342750/NEOCHEM/,0,,,
Logiciel Solutions Ltd,13193301,3343380,https://trendlyne.com/research-reports/stock/3343380/13193301/,0,,,
Invicta Diagnostic Ltd,INVICTA,3343382,https://trendlyne.com/research-reports/stock/3343382/INVICTA/,0,,,
Clear Secured Services Ltd,CSSL,3343383,https://trendlyne.com/research-reports/stock/3343383/CSSL/,0,,,
Ksr Footwear Ltd,KSR,3344024,https://trendlyne.com/research-reports/stock/3344024/KSR/,0,,,
Astron Multigrain Ltd,11290693,3344369,https://trendlyne.com/research-reports/stock/3344369/11290693/,0,,,
Speb Adhesives Ltd,SPEB,3344370,https://trendlyne.com/research-reports/stock/3344370/SPEB/,0,,,
Helloji Holidays Ltd,17090211,3344371,https://trendlyne.com/research-reports/stock/3344371/17090211/,0,,,
Mohit Industries Ltd,MOHITIND,871,https://trendlyne.com/research-reports/stock/871/MOHITIND/,281169448,,,
Rockingdeals Circular Economy Ltd Partly Paidup,ROCKPP,3346413,https://trendlyne.com/research-reports/stock/3346413/ROCKPP/,0,,,
Kaushalya Infrastructure Development Corpn Ltd,KAUSHALYA,722,https://trendlyne.com/research-reports/stock/722/KAUSHALYA/,280161554,,,
Luxury Time Ltd,16692004,3346815,https://trendlyne.com/research-reports/stock/3346815/16692004/,0,,,
Stl Global Ltd,SGL,1209,https://trendlyne.com/research-reports/stock/1209/SGL/,279241039,,,
Methodhub Software Ltd,13193342,3347434,https://trendlyne.com/research-reports/stock/3347434/13193342/,0,,,
Shri Kanha Stainless Ltd,SHRIKANHA,3347837,https://trendlyne.com/research-reports/stock/3347837/SHRIKANHA/,0,,,
Western Overseas Study Abroad Ltd,17180129,3347838,https://trendlyne.com/research-reports/stock/3347838/17180129/,0,,,
Encompass Design India Ltd,ENCOMPAS,3349613,https://trendlyne.com/research-reports/stock/3349613/ENCOMPAS/,0,,,
Pritish Nandy Communications Ltd,PNC,1050,https://trendlyne.com/research-reports/stock/1050/PNC/,277621738,,,
K V Toys India Ltd,12270281,3350943,https://trendlyne.com/research-reports/stock/3350943/12270281/,0,,,
Flywings Simulator Training Centre Ltd,FWSTC,3350944,https://trendlyne.com/research-reports/stock/3350944/FWSTC/,0,,,
Cyber Media India Ltd,CYBERMEDIA,299,https://trendlyne.com/research-reports/stock/299/CYBERMEDIA/,277035293,,,
Williamson Magor Company Ltd,WILLAMAGOR,1522,https://trendlyne.com/research-reports/stock/1522/WILLAMAGOR/,269745592,,,
Prodocs Solutions Ltd,13193295,3352316,https://trendlyne.com/research-reports/stock/3352316/13193295/,0,,,
Next Mediaworks Ltd,NEXTMEDIA,934,https://trendlyne.com/research-reports/stock/934/NEXTMEDIA/,269024170,,,
Neptune Logitek Ltd,17160496,3353497,https://trendlyne.com/research-reports/stock/3353497/17160496/,0,,,
Pajson Agro India Ltd,11290696,3354106,https://trendlyne.com/research-reports/stock/3354106/11290696/,0,,,
Unisem Agritech Ltd,12120193,3354721,https://trendlyne.com/research-reports/stock/3354721/12120193/,0,,,
Goenka Diamond Jewels Ltd,GOENKA,479,https://trendlyne.com/research-reports/stock/479/GOENKA/,266279998,,,
Infomedia Press Ltd,INFOMEDIA,628,https://trendlyne.com/research-reports/stock/628/INFOMEDIA/,263820559,,,
Ashwini Container Movers Ltd,ASHWINI,3356198,https://trendlyne.com/research-reports/stock/3356198/ASHWINI/,0,,,
Hrs Aluglaze Ltd,15040067,3356800,https://trendlyne.com/research-reports/stock/3356800/15040067/,0,,,
Stanbik Agro Ltd,11330377,3358154,https://trendlyne.com/research-reports/stock/3358154/11330377/,0,,,
Exim Routes Ltd,EXIMROUTES,3358155,https://trendlyne.com/research-reports/stock/3358155/EXIMROUTES/,0,,,
Shyam Dhani Industries Ltd,SHYAMDHANI,3359193,https://trendlyne.com/research-reports/stock/3359193/SHYAMDHANI/,0,,,
Kanani Industries Ltd,KANANIIND,715,https://trendlyne.com/research-reports/stock/715/KANANIIND/,252317458,,,
Marc Technocrats Ltd,MARC,3361252,https://trendlyne.com/research-reports/stock/3361252/MARC/,0,,,
Global Ocean Logistics India Ltd,17160493,3361253,https://trendlyne.com/research-reports/stock/3361253/17160493/,0,,,
Allcargo Terminals Ltd Partly Paidup,ATLPP,3363299,https://trendlyne.com/research-reports/stock/3363299/ATLPP/,0,,,
Future Lifestyle Fashions Ltd,FLFL,421,https://trendlyne.com/research-reports/stock/421/FLFL/,249447556,,,
Dachepalli Publishers Ltd,17080273,3363909,https://trendlyne.com/research-reports/stock/3363909/17080273/,0,,,
Adani Enterprises Ltd Partly Paidup,ADANIENPP,3364665,https://trendlyne.com/research-reports/stock/3364665/ADANIENPP/,0,,,
Epw India Ltd,EPWINDIA,3366460,https://trendlyne.com/research-reports/stock/3366460/EPWINDIA/,0,,,
Admach Systems Ltd,13510410,3366461,https://trendlyne.com/research-reports/stock/3366461/13510410/,0,,,
Bai Kakaji Polymers Ltd,12130133,3367523,https://trendlyne.com/research-reports/stock/3367523/12130133/,0,,,
Nanta Tech Ltd,13193325,3367524,https://trendlyne.com/research-reports/stock/3367524/13193325/,0,,,
Apollo Techno Industries Ltd,13510415,3367525,https://trendlyne.com/research-reports/stock/3367525/13510415/,0,,,
Sundrex Oil Company Ltd,SOCL,3367526,https://trendlyne.com/research-reports/stock/3367526/SOCL/,0,,,
Dhara Rail Projects Ltd,DHARARAIL,3367527,https://trendlyne.com/research-reports/stock/3367527/DHARARAIL/,0,,,
Simandhar Impex Ltd,544662,3368191,https://trendlyne.com/research-reports/stock/3368191/544662/,0,,,
Annvrridhhi Ventures Ltd Partly Paidup,890229,3371006,https://trendlyne.com/research-reports/stock/3371006/890229/,0,,,
Continental Warehousing Corporation Ltd Ipo,CONTINENTAL-WAREHOUSING-IPO,53220,https://trendlyne.com/research-reports/stock/53220/CONTINENTAL-WAREHOUSING-IPO/,0,,,
New India Retailing Investment Ltd,11080038,140456,https://trendlyne.com/research-reports/stock/140456/11080038/,0,,,
Visisth Chay Vyapar Ltd,11250675,140457,https://trendlyne.com/research-reports/stock/140457/11250675/,0,,,
Samvardhana Motherson Finance Ltd,10670125,140459,https://trendlyne.com/research-reports/stock/140459/10670125/,0,,,
Salebhai Internet Ltd,11250730,140460,https://trendlyne.com/research-reports/stock/140460/11250730/,0,,,
Dalmia Bharat Ltd,11510155,140461,https://trendlyne.com/research-reports/stock/140461/11510155/,0,,,
International Constructions Ltd,11600135,140463,https://trendlyne.com/research-reports/stock/140463/11600135/,0,,,
Emrald Commercial Ltd,11623223,140607,https://trendlyne.com/research-reports/stock/140607/11623223/,0,,,
Verum Properties Ltd,11623222,140608,https://trendlyne.com/research-reports/stock/140608/11623222/,0,,,
Naga Ltd,12510010,140610,https://trendlyne.com/research-reports/stock/140610/12510010/,0,,,
K2 Systems Ltd,13190048,140611,https://trendlyne.com/research-reports/stock/140611/13190048/,0,,,
Kumar Food Industries Ltd,12640004,140612,https://trendlyne.com/research-reports/stock/140612/12640004/,0,,,
Greensignal Bio Pharma Ltd,12541500,140613,https://trendlyne.com/research-reports/stock/140613/12541500/,0,,,
Dinesh Engineers Ltd,13520884,140616,https://trendlyne.com/research-reports/stock/140616/13520884/,0,,,
Genesis Finance Company Ltd,14010150,140617,https://trendlyne.com/research-reports/stock/140617/14010150/,0,,,
Progressive Finlease Ltd,14010111,140618,https://trendlyne.com/research-reports/stock/140618/14010111/,0,,,
Capital Finvest Ltd,14010982,140619,https://trendlyne.com/research-reports/stock/140619/14010982/,0,,,
Ashoka Marketing Ltd,14090606,140620,https://trendlyne.com/research-reports/stock/140620/14090606/,0,,,
Encore Business Systems Ltd,14060391,140621,https://trendlyne.com/research-reports/stock/140621/14060391/,0,,,
Hindustan Auto Finance Ltd,14060519,140622,https://trendlyne.com/research-reports/stock/140622/14060519/,0,,,
Surnidhi Investment Ltd,14090532,140623,https://trendlyne.com/research-reports/stock/140623/14090532/,0,,,
Dolphin Finance Investments Ltd,14090623,140625,https://trendlyne.com/research-reports/stock/140625/14090623/,0,,,
Abhimanu Exports Ltd,14094517,140627,https://trendlyne.com/research-reports/stock/140627/14094517/,0,,,
Sorich Foils Ltd,15010016,140628,https://trendlyne.com/research-reports/stock/140628/15010016/,0,,,
Ojswi Trades Investment Finance Ltd,14090520,140629,https://trendlyne.com/research-reports/stock/140629/14090520/,0,,,
Cms Finvest Ltd,14090261,140630,https://trendlyne.com/research-reports/stock/140630/14090261/,0,,,
Shreyans Financial And Capital Services Ltd,14094502,140631,https://trendlyne.com/research-reports/stock/140631/14094502/,0,,,
Sriven Multi Tech Ltd,14510023,140632,https://trendlyne.com/research-reports/stock/140632/14510023/,0,,,
Bihariji Ispat Udyog Ltd,15990013,140634,https://trendlyne.com/research-reports/stock/140634/15990013/,0,,,
Multimetals Ltd,15100048,140635,https://trendlyne.com/research-reports/stock/140635/15100048/,0,,,
Kesoram Textile Mills Ltd,16490172,140636,https://trendlyne.com/research-reports/stock/140636/16490172/,0,,,
Oxemberg Fashions Ltd,16020122,140637,https://trendlyne.com/research-reports/stock/140637/16020122/,0,,,
Sns Diagnostics Ltd,16550021,140639,https://trendlyne.com/research-reports/stock/140639/16550021/,0,,,
Alom Extrusions Ltd,17024033,140640,https://trendlyne.com/research-reports/stock/140640/17024033/,0,,,
Atcom Technologies Ltd,17020081,140641,https://trendlyne.com/research-reports/stock/140641/17020081/,0,,,
Priya International Ltd,17024160,140642,https://trendlyne.com/research-reports/stock/140642/17024160/,0,,,
Seven Hills Beverages Ltd,17153818,140643,https://trendlyne.com/research-reports/stock/140643/17153818/,0,,,
Midland Services Ltd,16690022,140645,https://trendlyne.com/research-reports/stock/140645/16690022/,0,,,
Atlantic Commercial Company Ltd,17023956,140646,https://trendlyne.com/research-reports/stock/140646/17023956/,0,,,
Icl Multitrading India Ltd,17154061,140648,https://trendlyne.com/research-reports/stock/140648/17154061/,0,,,
Phoenix Real Time Services Ltd,17024805,140650,https://trendlyne.com/research-reports/stock/140650/17024805/,0,,,
Winmore Leasing Holdings Ltd,17152995,140652,https://trendlyne.com/research-reports/stock/140652/17152995/,0,,,
Alumilite Architecturals Ltd,11623471,149353,https://trendlyne.com/research-reports/stock/149353/11623471/,0,,,
Rajesh Co,11520095,250114,https://trendlyne.com/research-reports/stock/250114/11520095/,0,,,
Encore Software Ltd,11190002,472959,https://trendlyne.com/research-reports/stock/472959/11190002/,0,,,
Iec Education Ltd,13020070,472960,https://trendlyne.com/research-reports/stock/472960/13020070/,0,,,
Gamma Infoway Exalt Ltd,13100015,472961,https://trendlyne.com/research-reports/stock/472961/13100015/,0,,,
Omega Interactive Technologies Ltd,14090098,472962,https://trendlyne.com/research-reports/stock/472962/14090098/,0,,,
Lnox Wind Energy Ltd,15131060,549643,https://trendlyne.com/research-reports/stock/549643/15131060/,0,,,
Kotak Nifty Aaa Bond Plus Sdl Apr 2026 70 30 Etf,140517471,686927,https://trendlyne.com/research-reports/stock/686927/140517471/,0,,,
Kotak Nifty Aaa Bond Plus Sdl Apr 2031 70 30 Etf,140517472,691389,https://trendlyne.com/research-reports/stock/691389/140517472/,0,,,
Keventer Agro Ltd,11050096,755075,https://trendlyne.com/research-reports/stock/755075/11050096/,0,,,
Chemspec Chemicals Ltd,12310185,755076,https://trendlyne.com/research-reports/stock/755076/12310185/,0,,,
Esds Software Solution Ltd,13192899,758705,https://trendlyne.com/research-reports/stock/758705/13192899/,0,,,
Skanray Technologies Ltd,13160092,758706,https://trendlyne.com/research-reports/stock/758706/13160092/,0,,,
Go Airlines India Ltd,16600047,758707,https://trendlyne.com/research-reports/stock/758707/16600047/,0,,,
Aditya Birla Sun Life Nifty G Sec Jun 2027 Etf,140517732,854397,https://trendlyne.com/research-reports/stock/854397/140517732/,0,,,
Hexagon Nutrition Ltd,12520257,877859,https://trendlyne.com/research-reports/stock/877859/12520257/,0,,,
Aditya Birla Sun Life Nifty Financial Services Etf,140517774,966210,https://trendlyne.com/research-reports/stock/966210/140517774/,0,,,
Aditya Birla Sun Life Nifty Alpha Low Volatility 30 Etf,140517852,1007416,https://trendlyne.com/research-reports/stock/1007416/140517852/,0,,,
Dipan Pharmachem Ltd,12541708,1013723,https://trendlyne.com/research-reports/stock/1013723/12541708/,0,,,
Infurnia Holdings Ltd,13192983,1027099,https://trendlyne.com/research-reports/stock/1027099/13192983/,0,,,
Kajaria Infinity Pvt Ltd,11625606,1038236,https://trendlyne.com/research-reports/stock/1038236/11625606/,0,,,
Icici Prudential S P Bse Smallcap Select Etf,140518352,1448951,https://trendlyne.com/research-reports/stock/1448951/140518352/,0,,,
Rangsutra Crafts India Ltd,12270249,1486748,https://trendlyne.com/research-reports/stock/1486748/12270249/,0,,,
Creditaccess Life Insurance Ltd,14020073,1499473,https://trendlyne.com/research-reports/stock/1499473/14020073/,0,,,
Ebixcash Ltd,13240222,1588640,https://trendlyne.com/research-reports/stock/1588640/13240222/,0,,,
Fecbank Financial Services Ltd,14095584,1785398,https://trendlyne.com/research-reports/stock/1785398/14095584/,0,,,
Accuvant Advisory Services Ltd,14060455,2232735,https://trendlyne.com/research-reports/stock/2232735/14060455/,0,,,
City Gold Credit Capital Ltd,14095624,2236020,https://trendlyne.com/research-reports/stock/2236020/14095624/,0,,,
Archit Nuwood Industries Ltd,11560055,2574616,https://trendlyne.com/research-reports/stock/2574616/11560055/,0,,,
Trafiksol Its Technologies Ltd,13193181,2618333,https://trendlyne.com/research-reports/stock/2618333/13193181/,0,,,
Rosmerta Digital Services Ltd,16691912,2768809,https://trendlyne.com/research-reports/stock/2768809/16691912/,0,,,
Abhinandan Enterprises Ltd,14094357,2854409,https://trendlyne.com/research-reports/stock/2854409/14094357/,0,,,
Aggarsain Spinners Ltd,16030151,2854410,https://trendlyne.com/research-reports/stock/2854410/16030151/,0,,,
Solar91 Cleantech Ltd,15131299,2867596,https://trendlyne.com/research-reports/stock/2867596/15131299/,0,,,
Wagons Learning Ltd,17180120,3085689,https://trendlyne.com/research-reports/stock/3085689/17180120/,0,,,
Pnb Metlife India Insurance Company Ltd,14020025,3237197,https://trendlyne.com/research-reports/stock/3237197/14020025/,0,,,
Phytochem Remedies India Ltd,12541973,3363906,https://trendlyne.com/research-reports/stock/3363906/12541973/,0,,,
E To E Transportation Infrastructure Ltd,E2ERAIL,3368591,https://trendlyne.com/research-reports/stock/3368591/E2ERAIL/,0,,,
Modern Diagnostic Research Centre Ltd,16550809,3373994,https://trendlyne.com/research-reports/stock/3373994/16550809/,0,,,
Gabion Technologies India Ltd,16692011,3380473,https://trendlyne.com/research-reports/stock/3380473/16692011/,0,,,
Nifty 50,NIFTY,1887,https://trendlyne.com/research-reports/stock/1887/NIFTY/,0,,,
Nifty Next 50,NIFTYNXT50,1888,https://trendlyne.com/research-reports/stock/1888/NIFTYNXT50/,0,,,
Nifty100 Liquid 15,LIX15,1889,https://trendlyne.com/research-reports/stock/1889/LIX15/,0,,,
Nifty Midcap Liquid 15,NIFTYMIDCAPLIQUID15,1890,https://trendlyne.com/research-reports/stock/1890/NIFTYMIDCAPLIQUID15/,0,,,
Nifty 100,NIFTY100,1891,https://trendlyne.com/research-reports/stock/1891/NIFTY100/,0,,,
Nifty 200,NIFTY200,1892,https://trendlyne.com/research-reports/stock/1892/NIFTY200/,0,,,
Nifty 500,NIFTY500,1893,https://trendlyne.com/research-reports/stock/1893/NIFTY500/,0,,,
Nifty Midcap 50,NIFTYMIDCAP50,1894,https://trendlyne.com/research-reports/stock/1894/NIFTYMIDCAP50/,0,,,
Nifty Midcap 100,NIFTYMIDCAP100,1895,https://trendlyne.com/research-reports/stock/1895/NIFTYMIDCAP100/,0,,,
Nifty Smallcap 100,NIFTYSMALL100,1896,https://trendlyne.com/research-reports/stock/1896/NIFTYSMALL100/,0,,,
Nifty Auto,NIFTYAUTO,1897,https://trendlyne.com/research-reports/stock/1897/NIFTYAUTO/,0,,,
Bank Nifty,BANKNIFTY,1898,https://trendlyne.com/research-reports/stock/1898/BANKNIFTY/,0,,,
Nifty Energy,NIFTYENERGY,1899,https://trendlyne.com/research-reports/stock/1899/NIFTYENERGY/,0,,,
Nifty Financial Services,FINNIFTY,1900,https://trendlyne.com/research-reports/stock/1900/FINNIFTY/,0,,,
Nifty Fmcg,NIFTYFMCG,1901,https://trendlyne.com/research-reports/stock/1901/NIFTYFMCG/,0,,,
Nifty It,NIFTYIT,1902,https://trendlyne.com/research-reports/stock/1902/NIFTYIT/,0,,,
Nifty Media,NIFTYMEDIA,1903,https://trendlyne.com/research-reports/stock/1903/NIFTYMEDIA/,0,,,
Nifty Metal,NIFTYMETAL,1904,https://trendlyne.com/research-reports/stock/1904/NIFTYMETAL/,0,,,
Nifty Pharma,NIFTYPHARMA,1905,https://trendlyne.com/research-reports/stock/1905/NIFTYPHARMA/,0,,,
Nifty Psu Bank,NIFTYPSUBANK,1906,https://trendlyne.com/research-reports/stock/1906/NIFTYPSUBANK/,0,,,
Nifty Realty,NIFTYREALTY,1907,https://trendlyne.com/research-reports/stock/1907/NIFTYREALTY/,0,,,
Nifty Commodities,NIFTYCOMMODITIES,1908,https://trendlyne.com/research-reports/stock/1908/NIFTYCOMMODITIES/,0,,,
Nifty India Consumption,NIFTYCONSUMPTION,1909,https://trendlyne.com/research-reports/stock/1909/NIFTYCONSUMPTION/,0,,,
Nifty Cpse,NIFTYCPSE,1910,https://trendlyne.com/research-reports/stock/1910/NIFTYCPSE/,0,,,
Nifty Infra,NIFTYINFRA,1911,https://trendlyne.com/research-reports/stock/1911/NIFTYINFRA/,0,,,
Nifty Mnc,NIFTYMNC,1912,https://trendlyne.com/research-reports/stock/1912/NIFTYMNC/,0,,,
Nifty Pse,NIFTYPSE,1913,https://trendlyne.com/research-reports/stock/1913/NIFTYPSE/,0,,,
Nifty Services Sector,NIFTYSERVSECTOR,1914,https://trendlyne.com/research-reports/stock/1914/NIFTYSERVSECTOR/,0,,,
Nifty Shariah 25,NIFTYSHARIAH25,1915,https://trendlyne.com/research-reports/stock/1915/NIFTYSHARIAH25/,0,,,
Nifty50 Shariah,NIFTY50SHARIAH,1916,https://trendlyne.com/research-reports/stock/1916/NIFTY50SHARIAH/,0,,,
Nifty500 Shariah,NIFTY500SHARIAH,1917,https://trendlyne.com/research-reports/stock/1917/NIFTY500SHARIAH/,0,,,
Nifty Aditya Birla Group,NIFTYADITYABIRLAGROUP,1918,https://trendlyne.com/research-reports/stock/1918/NIFTYADITYABIRLAGROUP/,0,,,
Nifty Mahindra Group,NIFTYMAHINDRAGROUP,1919,https://trendlyne.com/research-reports/stock/1919/NIFTYMAHINDRAGROUP/,0,,,
Nifty Tata Group,NIFTYTATAGROUP,1920,https://trendlyne.com/research-reports/stock/1920/NIFTYTATAGROUP/,0,,,
Nifty Tata Group 25 Cap,NIFTYTATAGROUP25CAP,1921,https://trendlyne.com/research-reports/stock/1921/NIFTYTATAGROUP25CAP/,0,,,
Nifty100 Equal Weight,NIFTY100EQUALWEIGHT,1922,https://trendlyne.com/research-reports/stock/1922/NIFTY100EQUALWEIGHT/,0,,,
Nifty50 Usd,NIFTY50USD,1923,https://trendlyne.com/research-reports/stock/1923/NIFTY50USD/,0,,,
Nifty50 Dividend Points,NIFTY50DIVPOINT,1924,https://trendlyne.com/research-reports/stock/1924/NIFTY50DIVPOINT/,0,,,
Nifty Dividend Opportunities 50,NIFTYDIVOPPS50,1925,https://trendlyne.com/research-reports/stock/1925/NIFTYDIVOPPS50/,0,,,
Nifty Alpha 50,NIFTYALPHA50,1926,https://trendlyne.com/research-reports/stock/1926/NIFTYALPHA50/,0,,,
Nifty High Beta 50,NIFTYHIGHBETA50,1927,https://trendlyne.com/research-reports/stock/1927/NIFTYHIGHBETA50/,0,,,
Nifty Low Volatility 50,NIFTYLOWVOLATILITY50,1928,https://trendlyne.com/research-reports/stock/1928/NIFTYLOWVOLATILITY50/,0,,,
Nifty Quality 30,NIFTYQUALITY30,1929,https://trendlyne.com/research-reports/stock/1929/NIFTYQUALITY30/,0,,,
Nifty50 Value 20,NIFTY50VALUE20,1930,https://trendlyne.com/research-reports/stock/1930/NIFTY50VALUE20/,0,,,
Nifty Growth Sectors 15,NIFTYGROWSECT15,1931,https://trendlyne.com/research-reports/stock/1931/NIFTYGROWSECT15/,0,,,
Nifty50 Tr 2X Leverage,NIFTY50TR2XLEV,1932,https://trendlyne.com/research-reports/stock/1932/NIFTY50TR2XLEV/,0,,,
Nifty50 Pr 2X Leverage,NIFTY50PR2XLEV,1933,https://trendlyne.com/research-reports/stock/1933/NIFTY50PR2XLEV/,0,,,
Nifty50 Tr 1X Inverse,NIFTY50TR1XINV,1934,https://trendlyne.com/research-reports/stock/1934/NIFTY50TR1XINV/,0,,,
Nifty50 Pr 1X Invers,NIFTY50PR1XINV,1935,https://trendlyne.com/research-reports/stock/1935/NIFTY50PR1XINV/,0,,,
Bse Sensex,BSESENSEX,4482,https://trendlyne.com/research-reports/stock/4482/BSESENSEX/,0,,,
Bse 100,BSE100,4483,https://trendlyne.com/research-reports/stock/4483/BSE100/,0,,,
Bse 200,BSE200,4484,https://trendlyne.com/research-reports/stock/4484/BSE200/,0,,,
Bse 500,BSE500,4485,https://trendlyne.com/research-reports/stock/4485/BSE500/,0,,,
S P Bse Allcap,BSEALLCAP,4486,https://trendlyne.com/research-reports/stock/4486/BSEALLCAP/,0,,,
S P Bse Largecap,BSELARGECAP,4487,https://trendlyne.com/research-reports/stock/4487/BSELARGECAP/,0,,,
Bse Mid Cap,BSEMIDCAP,4488,https://trendlyne.com/research-reports/stock/4488/BSEMIDCAP/,0,,,
Bse Small Cap,BSESMALLCAP,4489,https://trendlyne.com/research-reports/stock/4489/BSESMALLCAP/,0,,,
Bse Midcap Select,BSEMDSI,4490,https://trendlyne.com/research-reports/stock/4490/BSEMDSI/,0,,,
Bse Smallcap Select,BSESMSI,4491,https://trendlyne.com/research-reports/stock/4491/BSESMSI/,0,,,
S P Bse Basicmat,BSEBASICMATERIALS,4492,https://trendlyne.com/research-reports/stock/4492/BSEBASICMATERIALS/,0,,,
Bse Consumer Discretionary Goods And Services,BSECDGS,4493,https://trendlyne.com/research-reports/stock/4493/BSECDGS/,0,,,
S P Bse Energy,BSEENERGY,4494,https://trendlyne.com/research-reports/stock/4494/BSEENERGY/,0,,,
Bse Fmcg Sector,BSEFMCG,4495,https://trendlyne.com/research-reports/stock/4495/BSEFMCG/,0,,,
S P Bse Finance,BSEFINANCE,4496,https://trendlyne.com/research-reports/stock/4496/BSEFINANCE/,0,,,
Bse Healthcare,BSEHEALTHCARE,4497,https://trendlyne.com/research-reports/stock/4497/BSEHEALTHCARE/,0,,,
S P Bse Industrials,BSEINDUSTRIALS,4498,https://trendlyne.com/research-reports/stock/4498/BSEINDUSTRIALS/,0,,,
Bse It Sector,BSEIT,4499,https://trendlyne.com/research-reports/stock/4499/BSEIT/,0,,,
S P Bse Telecom,BSETELECOM,4500,https://trendlyne.com/research-reports/stock/4500/BSETELECOM/,0,,,
S P Bse Utiliti,BSEUTILITIES,4501,https://trendlyne.com/research-reports/stock/4501/BSEUTILITIES/,0,,,
Bse Auto,BSEAUTO,4502,https://trendlyne.com/research-reports/stock/4502/BSEAUTO/,0,,,
Bse Bankex,BSEBANKEX,4503,https://trendlyne.com/research-reports/stock/4503/BSEBANKEX/,0,,,
Bse Cap Goods,BSECG,4504,https://trendlyne.com/research-reports/stock/4504/BSECG/,0,,,
Bse Consumer Durables,BSECD,4505,https://trendlyne.com/research-reports/stock/4505/BSECD/,0,,,
Bse Metal,BSEMETAL,4506,https://trendlyne.com/research-reports/stock/4506/BSEMETAL/,0,,,
Bse Power,BSEPOWER,4508,https://trendlyne.com/research-reports/stock/4508/BSEPOWER/,0,,,
Bse Realty Index,BSEREALTY,4509,https://trendlyne.com/research-reports/stock/4509/BSEREALTY/,0,,,
Bse Tech,BSETECK,4510,https://trendlyne.com/research-reports/stock/4510/BSETECK/,0,,,
S P Bse Dollex 200,BSEDOLLEX200,4567,https://trendlyne.com/research-reports/stock/4567/BSEDOLLEX200/,0,,,
S P Bse Psu,BSEPSU,4568,https://trendlyne.com/research-reports/stock/4568/BSEPSU/,0,,,
S P Bse Dollex 30,BSEDOLLEX30,4569,https://trendlyne.com/research-reports/stock/4569/BSEDOLLEX30/,0,,,
S P Bse Dollex 100,BSEDOLLEX100,4570,https://trendlyne.com/research-reports/stock/4570/BSEDOLLEX100/,0,,,
S P Bse Ipo,BSEIPO,4571,https://trendlyne.com/research-reports/stock/4571/BSEIPO/,0,,,
S P Bse Greenex,BSEGREENEX,4572,https://trendlyne.com/research-reports/stock/4572/BSEGREENEX/,0,,,
S P Bse Carbonex,BSECARBONEX,4573,https://trendlyne.com/research-reports/stock/4573/BSECARBONEX/,0,,,
S P Bse Sme Ipo,BSESMEIPO,4574,https://trendlyne.com/research-reports/stock/4574/BSESMEIPO/,0,,,
S P Bse India Manufacturing,BSEMFG,4579,https://trendlyne.com/research-reports/stock/4579/BSEMFG/,0,,,
Nifty Total Market,NFTYTOTMKT,170120,https://trendlyne.com/research-reports/stock/170120/NFTYTOTMKT/,0,,,
India Vix,NIFTYVIX,178701,https://trendlyne.com/research-reports/stock/178701/NIFTYVIX/,0,,,
India Vix,INDIAVIXTEMP,861021,https://trendlyne.com/research-reports/stock/861021/INDIAVIXTEMP/,0,,,
Nifty 10 Yr Benchmark G Sec,NIFTYGSEC,910333,https://trendlyne.com/research-reports/stock/910333/NIFTYGSEC/,0,,,
Nifty 8 13 Yr G Sec,NIF812GSEC,910335,https://trendlyne.com/research-reports/stock/910335/NIF812GSEC/,0,,,
Nifty 10 Yr Benchmark G Sec Clean Price,NIFGSECCLN,910337,https://trendlyne.com/research-reports/stock/910337/NIFGSECCLN/,0,,,
Nifty Private Bank,NIFPVTBANK,910338,https://trendlyne.com/research-reports/stock/910338/NIFPVTBANK/,0,,,
Nifty 4 8 Yr G Sec,NIFT48GSEC,910340,https://trendlyne.com/research-reports/stock/910340/NIFT48GSEC/,0,,,
Nifty 11 15 Yr G Sec,NIF1115GSC,910341,https://trendlyne.com/research-reports/stock/910341/NIF1115GSC/,0,,,
Nifty 15 Yr And Above G Sec,NIFT15GSEC,910342,https://trendlyne.com/research-reports/stock/910342/NIFT15GSEC/,0,,,
Nifty Composite G Sec,NIFCOMGSEC,910343,https://trendlyne.com/research-reports/stock/910343/NIFCOMGSEC/,0,,,
S P Bse Sensex 50 Index,BSESENSEX50,910344,https://trendlyne.com/research-reports/stock/910344/BSESENSEX50/,0,,,
S P Bse Sensex Next 50,1014,910346,https://trendlyne.com/research-reports/stock/910346/1014/,0,,,
S P Bse Bharat 22 Index,1016,910347,https://trendlyne.com/research-reports/stock/910347/1016/,0,,,
S P Bse 100 Esg Index,1017,910349,https://trendlyne.com/research-reports/stock/910349/1017/,0,,,
S P Bse 150 Midcap Index,1177,910364,https://trendlyne.com/research-reports/stock/910364/1177/,0,,,
S P Bse 250 Smallcap Index,1180,910365,https://trendlyne.com/research-reports/stock/910365/1180/,0,,,
S P Bse 250 Largemidcap Index,1181,910366,https://trendlyne.com/research-reports/stock/910366/1181/,0,,,
S P Bse 400 Midsmallcap Index,1182,910367,https://trendlyne.com/research-reports/stock/910367/1182/,0,,,
S P Bse Dividend Stability Index,1183,910371,https://trendlyne.com/research-reports/stock/910371/1183/,0,,,
S P Bse Enhanced Value Index,1184,910373,https://trendlyne.com/research-reports/stock/910373/1184/,0,,,
S P Bse Low Volatility Index,1185,910376,https://trendlyne.com/research-reports/stock/910376/1185/,0,,,
S P Bse Momentum Index,1186,910377,https://trendlyne.com/research-reports/stock/910377/1186/,0,,,
S P Bse Quality Index,1187,910378,https://trendlyne.com/research-reports/stock/910378/1187/,0,,,
S P Bse Diversified Financials Revenue Growth,1188,910379,https://trendlyne.com/research-reports/stock/910379/1188/,0,,,
S P Bse 100 Largecap Tmc Index,1130,910380,https://trendlyne.com/research-reports/stock/910380/1130/,0,,,
S P Bse Private Banks Index,1018,910382,https://trendlyne.com/research-reports/stock/910382/1018/,0,,,
Nifty 50 Equal Weight,NFT50EQWT,910383,https://trendlyne.com/research-reports/stock/910383/NFT50EQWT/,0,,,
Nifty 100 Low Volatility 30,NFT100LV30,910384,https://trendlyne.com/research-reports/stock/910384/NFT100LV30/,0,,,
Nifty Quality Low Volatility 30,NQLOWVOL30,910388,https://trendlyne.com/research-reports/stock/910388/NQLOWVOL30/,0,,,
Nifty Sme Emerge,NSMEEMERGE,910390,https://trendlyne.com/research-reports/stock/910390/NSMEEMERGE/,0,,,
Nifty500 Value 50,NIFVALUE50,910391,https://trendlyne.com/research-reports/stock/910391/NIFVALUE50/,0,,,
Nifty Largemidcap 250,LMIDCAP250,910392,https://trendlyne.com/research-reports/stock/910392/LMIDCAP250/,0,,,
Nifty Midcap 150,NMIDCAP150,910393,https://trendlyne.com/research-reports/stock/910393/NMIDCAP150/,0,,,
Nifty Midsmallcap 400,MIDSMAL400,910394,https://trendlyne.com/research-reports/stock/910394/MIDSMAL400/,0,,,
Nifty Smallcap 50,SMALLCAP50,910396,https://trendlyne.com/research-reports/stock/910396/SMALLCAP50/,0,,,
Nifty Smallcap 250,SMALLCA250,910398,https://trendlyne.com/research-reports/stock/910398/SMALLCA250/,0,,,
Nifty100 Enhanced Esg,ENHANCE250,910399,https://trendlyne.com/research-reports/stock/910399/ENHANCE250/,0,,,
Nifty100 Esg,NIFT100ESG,910400,https://trendlyne.com/research-reports/stock/910400/NIFT100ESG/,0,,,
Nifty200 Quality 30,NQUALITY30,910401,https://trendlyne.com/research-reports/stock/910401/NQUALITY30/,0,,,
Nifty Alpha Quality Low Volatility 30,NLOWVOLATI,910402,https://trendlyne.com/research-reports/stock/910402/NLOWVOLATI/,0,,,
Nifty Alpha Quality Value Low Volatility 30,ALPHAQUVAL,910403,https://trendlyne.com/research-reports/stock/910403/ALPHAQUVAL/,0,,,
Nifty Alpha Low Volatility 30,ALPHALOWVO,910404,https://trendlyne.com/research-reports/stock/910404/ALPHALOWVO/,0,,,
Nifty 1D Rate,NIFT1DRATE,910405,https://trendlyne.com/research-reports/stock/910405/NIFT1DRATE/,0,,,
Nifty 50 Futures,NI50FUTURE,910406,https://trendlyne.com/research-reports/stock/910406/NI50FUTURE/,0,,,
Nifty Consumer Durables,NFTCONSDUR,910408,https://trendlyne.com/research-reports/stock/910408/NFTCONSDUR/,0,,,
Nifty Oil Gas,NIFTOILGAS,910411,https://trendlyne.com/research-reports/stock/910411/NIFTOILGAS/,0,,,
Nifty Financial Services 25 50,NFINSERV25,910412,https://trendlyne.com/research-reports/stock/910412/NFINSERV25/,0,,,
Nifty200 Momentum 30,NI200MOM30,910414,https://trendlyne.com/research-reports/stock/910414/NI200MOM30/,0,,,
Nifty100 Esg Sector Leaders,NI100ESGSE,910416,https://trendlyne.com/research-reports/stock/910416/NI100ESGSE/,0,,,
Nifty Healthcare Index,NFTHEALTHC,910417,https://trendlyne.com/research-reports/stock/910417/NFTHEALTHC/,0,,,
Nifty 500 Multicap 50 25 25,NFT500MULT,910418,https://trendlyne.com/research-reports/stock/910418/NFT500MULT/,0,,,
Nifty India Manufacturing,NFINDIAMFG,1312283,https://trendlyne.com/research-reports/stock/1312283/NFINDIAMFG/,0,,,
Nifty Midcap Select,MIDCPNIFTY,1312287,https://trendlyne.com/research-reports/stock/1312287/MIDCPNIFTY/,0,,,
Nifty Microcap 250,NFMICRO250,1312292,https://trendlyne.com/research-reports/stock/1312292/NFMICRO250/,0,,,
Nifty India Digital,NFINDDIGIT,1312303,https://trendlyne.com/research-reports/stock/1312303/NFINDDIGIT/,0,,,
Nifty Midcap150 Quality 50,NFMIDQLT50,1312788,https://trendlyne.com/research-reports/stock/1312788/NFMIDQLT50/,0,,,
Gift Nifty,SGXNIFTY-CFD,1392617,https://trendlyne.com/research-reports/stock/1392617/SGXNIFTY-CFD/,0,,,
S P Bse Services,1167,1499773,https://trendlyne.com/research-reports/stock/1499773/1167/,0,,,
Nifty200 Alpha30,NFTY200A30,2070107,https://trendlyne.com/research-reports/stock/2070107/NFTY200A30/,0,,,
Nifty Midcap150 Momentum 50,NFMC150M50,2070115,https://trendlyne.com/research-reports/stock/2070115/NFMC150M50/,0,,,
Nifty Midsmall Healthcare,NFTYMIDSMH,2206708,https://trendlyne.com/research-reports/stock/2206708/NFTYMIDSMH/,0,,,
Nifty500 Multicap India Manufacturing 50 30 20,NMIM503020,2206711,https://trendlyne.com/research-reports/stock/2206711/NMIM503020/,0,,,
Nifty500 Multicap Infrastructure 50 30 20,NMIF503020,2206713,https://trendlyne.com/research-reports/stock/2206713/NMIF503020/,0,,,
Bse Sensex Next 30,1189,2748837,https://trendlyne.com/research-reports/stock/2748837/1189/,0,,,
Bse Sensex Sixty,1190,2748839,https://trendlyne.com/research-reports/stock/2748839/1190/,0,,,
Bse Sensex Sixty 65 35,1191,2748841,https://trendlyne.com/research-reports/stock/2748841/1191/,0,,,
Bse Power Energy,1192,2748847,https://trendlyne.com/research-reports/stock/2748847/1192/,0,,,
Bse 200 Equal Weight,1193,2748849,https://trendlyne.com/research-reports/stock/2748849/1193/,0,,,
Bse Internet Economy,1194,2748851,https://trendlyne.com/research-reports/stock/2748851/1194/,0,,,
Bse Capital Markets Insurance,1195,2748853,https://trendlyne.com/research-reports/stock/2748853/1195/,0,,,
Bse Select Business Groups,1196,2748855,https://trendlyne.com/research-reports/stock/2748855/1196/,0,,,
Nifty India Defence,NIFTYINDDEFENCE,2779459,https://trendlyne.com/research-reports/stock/2779459/NIFTYINDDEFENCE/,0,,,
Nifty India Tourism,NIFTYINDTOURISM,2779462,https://trendlyne.com/research-reports/stock/2779462/NIFTYINDTOURISM/,0,,,
Nifty Capital Markets,NIFTYCAPITALMKT,2779464,https://trendlyne.com/research-reports/stock/2779464/NIFTYCAPITALMKT/,0,,,
Nifty500 Momentum 50,NIFTY500MOMENTM50,2779476,https://trendlyne.com/research-reports/stock/2779476/NIFTY500MOMENTM50/,0,,,
Nifty Midsmallcap400 Momentum Quality 100,NIFTYMS400MQ100,2779479,https://trendlyne.com/research-reports/stock/2779479/NIFTYMS400MQ100/,0,,,
Nifty Smallcap250 Momentum Quality 100,NIFTYSML250MQ100,2779482,https://trendlyne.com/research-reports/stock/2779482/NIFTYSML250MQ100/,0,,,
Nifty Top 10 Equal Weight,NIFTYTOP10EW,2779485,https://trendlyne.com/research-reports/stock/2779485/NIFTYTOP10EW/,0,,,
Nifty Mobility,NIFTYMOBIL,3007544,https://trendlyne.com/research-reports/stock/3007544/NIFTYMOBIL/,0,,,
Nifty Financial Services Ex Bank,NIFTYFSEXB,3007545,https://trendlyne.com/research-reports/stock/3007545/NIFTYFSEXB/,0,,,
Nifty Housing,NFTYHOUSNG,3007546,https://trendlyne.com/research-reports/stock/3007546/NFTYHOUSNG/,0,,,
Nifty Transportation Logistics,NTYTRANLOG,3007547,https://trendlyne.com/research-reports/stock/3007547/NTYTRANLOG/,0,,,
Nifty Midsmall Financial Services,NIFTYMSFNS,3007548,https://trendlyne.com/research-reports/stock/3007548/NIFTYMSFNS/,0,,,
Nifty Midsmall It Telecom,NIFTYMSITT,3007549,https://trendlyne.com/research-reports/stock/3007549/NIFTYMSITT/,0,,,
Nifty Midsmall India Consumption,NIFTYMSINC,3007550,https://trendlyne.com/research-reports/stock/3007550/NIFTYMSINC/,0,,,
Nifty Core Housing,NFTYCREHSG,3007551,https://trendlyne.com/research-reports/stock/3007551/NFTYCREHSG/,0,,,
Nifty Rural,NIFTYRURAL,3007552,https://trendlyne.com/research-reports/stock/3007552/NIFTYRURAL/,0,,,
Nifty India New Age Consumption,NIFTYINACN,3007553,https://trendlyne.com/research-reports/stock/3007553/NIFTYINACN/,0,,,
Nifty India Select 5 Corporate Groups Maatr,NIFTYIS5CG,3007554,https://trendlyne.com/research-reports/stock/3007554/NIFTYIS5CG/,0,,,
Nifty Non Cyclical Consumer,NIFTYNONCC,3007555,https://trendlyne.com/research-reports/stock/3007555/NIFTYNONCC/,0,,,
Nifty Ev New Age Automotive,NIFTYEVNAA,3007556,https://trendlyne.com/research-reports/stock/3007556/NIFTYEVNAA/,0,,,
Nifty500 Largemidsmall Equal Cap Weighted,NY500LMSEW,3007557,https://trendlyne.com/research-reports/stock/3007557/NY500LMSEW/,0,,,
Nifty Ipo,NIFTYIPO,3007558,https://trendlyne.com/research-reports/stock/3007558/NIFTYIPO/,0,,,
Nifty Smallcap250 Quality 50,NTYS250Q50,3007559,https://trendlyne.com/research-reports/stock/3007559/NTYS250Q50/,0,,,
Nifty200 Value 30,NFTY200V30,3007560,https://trendlyne.com/research-reports/stock/3007560/NFTY200V30/,0,,,
Nifty500 Multicap Momentum Quality 50,NY500MMQ50,3007561,https://trendlyne.com/research-reports/stock/3007561/NY500MMQ50/,0,,,
Nifty Top 15 Equal Weight,NIFTYT15EQ,3007562,https://trendlyne.com/research-reports/stock/3007562/NIFTYT15EQ/,0,,,
Nifty Top 20 Equal Weight,NTYTOP20EW,3007563,https://trendlyne.com/research-reports/stock/3007563/NTYTOP20EW/,0,,,
Nifty100 Alpha 30,NFTY100A30,3007564,https://trendlyne.com/research-reports/stock/3007564/NFTY100A30/,0,,,
Nifty500 Equal Weight,NFTY500EQW,3007565,https://trendlyne.com/research-reports/stock/3007565/NFTY500EQW/,0,,,
Nifty500 Quality 50,NFTY500Q50,3145145,https://trendlyne.com/research-reports/stock/3145145/NFTY500Q50/,0,,,
Nifty500 Multifactor Mqvlv50,N500MQVL50,3145146,https://trendlyne.com/research-reports/stock/3145146/N500MQVL50/,0,,,
Pearl Polymers Ltd,PEARLPOLY,1018,https://trendlyne.com/research-reports/stock/1018/PEARLPOLY/,248192965,,,
Amara Raja Energy Mobility Ltd,ARE&M,68,https://trendlyne.com/research-reports/stock/68/ARE&M/,0,,,
Sudarshan Colorants India Ltd,SUDARCOLOR,270,https://trendlyne.com/research-reports/stock/270/SUDARCOLOR/,0,,,
Super Spinning Mills Ltd,SUPERSPIN,1321,https://trendlyne.com/research-reports/stock/1321/SUPERSPIN/,245394412,,,
Tgb Banquets And Hotels Ltd,TGBHOTELS,1383,https://trendlyne.com/research-reports/stock/1383/TGBHOTELS/,241083999,,,
Il Fs Transportation Networks Ltd,IL&FSTRANS,601,https://trendlyne.com/research-reports/stock/601/IL&FSTRANS/,0,,,
Khandwala Securities Ltd,KHANDSE,739,https://trendlyne.com/research-reports/stock/739/KHANDSE/,213400728,,,
Mahindra Mahindra Ltd,M&M,807,https://trendlyne.com/research-reports/stock/807/M&M/,0,,,
Flexituff Ventures International Ltd,FLEXITUFF,420,https://trendlyne.com/research-reports/stock/420/FLEXITUFF/,209904332,,,
Kridhan Infra Ltd,KRIDHANINF,1882,https://trendlyne.com/research-reports/stock/1882/KRIDHANINF/,209240799,,,
Pae Ltd,PAEL,993,https://trendlyne.com/research-reports/stock/993/PAEL/,0,,,
Morarjee Textiles Ltd,MORARJEE,875,https://trendlyne.com/research-reports/stock/875/MORARJEE/,204047285,,,
Clc Industries Ltd,CLCIND,1274,https://trendlyne.com/research-reports/stock/1274/CLCIND/,0,,,
Surana Telecom And Power Ltd,SURANAT&P,1329,https://trendlyne.com/research-reports/stock/1329/SURANAT&P/,0,,,
Viyash Scientific Ltd,VIYASH,1984,https://trendlyne.com/research-reports/stock/1984/VIYASH/,0,,,
Ankit Metal Power Ltd,ANKITMETAL,84,https://trendlyne.com/research-reports/stock/84/ANKITMETAL/,198965800,,,
Bhagawati Gas Ltd,BHAGGAS,2029,https://trendlyne.com/research-reports/stock/2029/BHAGGAS/,0,,,
Kanel Industries Ltd,KANELOIL,2053,https://trendlyne.com/research-reports/stock/2053/KANELOIL/,0,,,
Idream Film Infrastructure Company Ltd,SOFTBPO,2180,https://trendlyne.com/research-reports/stock/2180/SOFTBPO/,0,,,
Algoquant Fintech Ltd,ALGOQUANT,2244,https://trendlyne.com/research-reports/stock/2244/ALGOQUANT/,0,,,
Singer India Ltd,SINGERIND,2245,https://trendlyne.com/research-reports/stock/2245/SINGERIND/,0,,,
Signature Green Corporation Ltd,SAGRSOY-B,2332,https://trendlyne.com/research-reports/stock/2332/SAGRSOY-B/,0,,,
New Markets Advisory Ltd,NEWMKTADV,2371,https://trendlyne.com/research-reports/stock/2371/NEWMKTADV/,0,,,
Rajvi Logitrade Ltd,SURYAKR,2438,https://trendlyne.com/research-reports/stock/2438/SURYAKR/,0,,,
Tcc Concept Ltd,TCC,2521,https://trendlyne.com/research-reports/stock/2521/TCC/,0,,,
Sanmitra Commercial Ltd,ZSANMCOM,2524,https://trendlyne.com/research-reports/stock/2524/ZSANMCOM/,0,,,
Rekvina Laboratories Ltd,VINRKLB,3095,https://trendlyne.com/research-reports/stock/3095/VINRKLB/,0,,,
Ashram Online Com Ltd,526187,3109,https://trendlyne.com/research-reports/stock/3109/526187/,0,,,
Alka India Ltd,ALKA,3417,https://trendlyne.com/research-reports/stock/3417/ALKA/,0,,,
Rr Securities Ltd,RRSECUR,3422,https://trendlyne.com/research-reports/stock/3422/RRSECUR/,0,,,
Turner Industries Ltd,LADIAMO,3482,https://trendlyne.com/research-reports/stock/3482/LADIAMO/,0,,,
Global Infratech Finance Ltd,GBLINFRA,3593,https://trendlyne.com/research-reports/stock/3593/GBLINFRA/,0,,,
Starcom Information Technology Ltd,STARCOM,3644,https://trendlyne.com/research-reports/stock/3644/STARCOM/,0,,,
Rcc Cements Ltd,RCCEMEN,3708,https://trendlyne.com/research-reports/stock/3708/RCCEMEN/,0,,,
Srg Fingrow Finance Ltd,SRGSFL,3991,https://trendlyne.com/research-reports/stock/3991/SRGSFL/,0,,,
Stellar Capital Services Ltd,STELLAR,3993,https://trendlyne.com/research-reports/stock/3993/STELLAR/,0,,,
Bhanderi Infracon Ltd,BHANDERI,4067,https://trendlyne.com/research-reports/stock/4067/BHANDERI/,0,,,
Zinema Media And Entertainment Ltd,CAREWELL,4068,https://trendlyne.com/research-reports/stock/4068/CAREWELL/,0,,,
Sirohia Sons Ltd,SIROHIA,4081,https://trendlyne.com/research-reports/stock/4081/SIROHIA/,0,,,
Encash Entertainment Ltd,ENCASH,4085,https://trendlyne.com/research-reports/stock/4085/ENCASH/,0,,,
Skil Infrastructure Ltd,SKIL,1252,https://trendlyne.com/research-reports/stock/1252/SKIL/,192748394,,,
Asia Capital Ltd,ASIACAP,4102,https://trendlyne.com/research-reports/stock/4102/ASIACAP/,0,,,
Noble Polymers Ltd,NOBPOL,4212,https://trendlyne.com/research-reports/stock/4212/NOBPOL/,0,,,
Chemiesynth Vapi Ltd,CHEMIESYNT,4229,https://trendlyne.com/research-reports/stock/4229/CHEMIESYNT/,0,,,
Soni Medicare Ltd,SML,4257,https://trendlyne.com/research-reports/stock/4257/SML/,0,,,
Brilliant Portfolios Ltd,BRIPORT,4277,https://trendlyne.com/research-reports/stock/4277/BRIPORT/,0,,,
Aarnav Fashions Ltd,AARNAV,4314,https://trendlyne.com/research-reports/stock/4314/AARNAV/,0,,,
Ghushine Fintrrade Ocean Ltd,GHUSHINE,4372,https://trendlyne.com/research-reports/stock/4372/GHUSHINE/,0,,,
Gaekwar Mills Ltd,ZGAEKWAR,4415,https://trendlyne.com/research-reports/stock/4415/ZGAEKWAR/,0,,,
Kovalam Investment And Trading Co Ltd,ZKOVALIN,4425,https://trendlyne.com/research-reports/stock/4425/ZKOVALIN/,0,,,
Purity Flex Pack Ltd,PURITY,4458,https://trendlyne.com/research-reports/stock/4458/PURITY/,0,,,
Hira Automobiles Ltd,HIRAUTO,4473,https://trendlyne.com/research-reports/stock/4473/HIRAUTO/,0,,,
Usha Martin Education Solutions Ltd,UMESLTD,1444,https://trendlyne.com/research-reports/stock/1444/UMESLTD/,180700964,,,
Rnit Ai Solutions Ltd,517286,82274,https://trendlyne.com/research-reports/stock/82274/517286/,0,,,
Frontline Financial Services Ltd,FRONTLINE,82445,https://trendlyne.com/research-reports/stock/82445/FRONTLINE/,0,,,
S S Power Switchgear Ltd,S&SPOWER,82525,https://trendlyne.com/research-reports/stock/82525/S&SPOWER/,0,,,
Citurgia Biochemicals Ltd,CITURGIBIO,82540,https://trendlyne.com/research-reports/stock/82540/CITURGIBIO/,0,,,
Kms Medisurgi Ltd,KMS,82581,https://trendlyne.com/research-reports/stock/82581/KMS/,0,,,
India Radiators Ltd,505100,83275,https://trendlyne.com/research-reports/stock/83275/505100/,0,,,
Ams Polymers Ltd,540066,83332,https://trendlyne.com/research-reports/stock/83332/540066/,0,,,
Premier Capital Services Ltd,511016,83381,https://trendlyne.com/research-reports/stock/83381/511016/,0,,,
Surbhi Industries Ltd,514260,83494,https://trendlyne.com/research-reports/stock/83494/514260/,0,,,
Jigar Cables Ltd,540651,83509,https://trendlyne.com/research-reports/stock/83509/540651/,0,,,
Dhanuka Infra Realty Ltd,DIRL,87738,https://trendlyne.com/research-reports/stock/87738/DIRL/,0,,,
Shaival Reality Ltd,SHAIVAL,87743,https://trendlyne.com/research-reports/stock/87743/SHAIVAL/,0,,,
Vera Synthetic Ltd,VERA,87845,https://trendlyne.com/research-reports/stock/87845/VERA/,0,,,
Parampara Dairy Delights Ltd,PARAMPARA,87872,https://trendlyne.com/research-reports/stock/87872/PARAMPARA/,0,,,
Vasa Retail And Overseas Ltd,VASA,87879,https://trendlyne.com/research-reports/stock/87879/VASA/,0,,,
Sungold Media And Entertainment Ltd,541799,105111,https://trendlyne.com/research-reports/stock/105111/541799/,0,,,
Blue Chip India Ltd,BLUECHIP,206,https://trendlyne.com/research-reports/stock/206/BLUECHIP/,178649781,,,
Glaam Up Jwel Ltd,542477,130214,https://trendlyne.com/research-reports/stock/130214/542477/,0,,,
Roopshri Resorts Ltd,542599,138938,https://trendlyne.com/research-reports/stock/138938/542599/,0,,,
Bil Vyapar Ltd,BILVYAPAR,195,https://trendlyne.com/research-reports/stock/195/BILVYAPAR/,168939675,,,
Goldkart Jewels Ltd,GOLDKART,167177,https://trendlyne.com/research-reports/stock/167177/GOLDKART/,0,,,
Easun Capital Markets Ltd,14090390,179983,https://trendlyne.com/research-reports/stock/179983/14090390/,0,,,
Nirmitee Robotics India Ltd,13110301,204314,https://trendlyne.com/research-reports/stock/204314/13110301/,0,,,
Bonlon Industries Ltd,BONLON,237140,https://trendlyne.com/research-reports/stock/237140/BONLON/,0,,,
Tci Finance Ltd,TCIFINANCE,1370,https://trendlyne.com/research-reports/stock/1370/TCIFINANCE/,166570054,,,
Quality Ro Industries Ltd,13521120,803415,https://trendlyne.com/research-reports/stock/803415/13521120/,0,,,
Radaan Mediaworks I Ltd,RADAAN,1089,https://trendlyne.com/research-reports/stock/1089/RADAAN/,157756765,,,
Sailani Tours N Travels Ltd,17090178,942098,https://trendlyne.com/research-reports/stock/942098/17090178/,0,,,
Mep Infrastructure Developers Ltd,MEP,1692,https://trendlyne.com/research-reports/stock/1692/MEP/,154094679,,,
Reetech International Ltd,15110483,1055951,https://trendlyne.com/research-reports/stock/1055951/15110483/,0,,,
Cargosol Logistics Ltd,17160392,1057570,https://trendlyne.com/research-reports/stock/1057570/17160392/,0,,,
Kahan Packaging Ltd,14620248,1665480,https://trendlyne.com/research-reports/stock/1665480/14620248/,0,,,
Nxt Infra Trust,NXT-INFRA,2406604,https://trendlyne.com/research-reports/stock/2406604/NXT-INFRA/,0,,,
Eurotex Industries Exports Ltd,EUROTEXIND,397,https://trendlyne.com/research-reports/stock/397/EUROTEXIND/,148130014,,,
Gujarat Lease Financing Ltd,GLFL,465,https://trendlyne.com/research-reports/stock/465/GLFL/,147090424,,,
Victory Electric Vehicles International Ltd,VICTORYEV,3101963,https://trendlyne.com/research-reports/stock/3101963/VICTORYEV/,0,,,
Yajur Fibres Ltd,16140009,3381455,https://trendlyne.com/research-reports/stock/3381455/16140009/,0,,,
Avana Electrosystems Ltd,AVANA,3385842,https://trendlyne.com/research-reports/stock/3385842/AVANA/,0,,,
Defrail Technologies Ltd,13193333,3385843,https://trendlyne.com/research-reports/stock/3385843/13193333/,0,,,
Lypsa Gems Jewellery Ltd,LYPSAGEMS,806,https://trendlyne.com/research-reports/stock/806/LYPSAGEMS/,141150095,,,
Gre Renew Enertech Ltd,15160030,3385845,https://trendlyne.com/research-reports/stock/3385845/15160030/,0,,,
Indo Smc Ltd,13150400,3388488,https://trendlyne.com/research-reports/stock/3388488/13150400/,0,,,
Narmadesh Brass Industries Ltd,15620067,3388489,https://trendlyne.com/research-reports/stock/3388489/15620067/,0,,,
Visagar Polytex Ltd,VIVIDHA,1494,https://trendlyne.com/research-reports/stock/1494/VIVIDHA/,137569251,,,
Alps Industries Ltd,ALPSINDUS,66,https://trendlyne.com/research-reports/stock/66/ALPSINDUS/,134552517,,,
Armour Security India Ltd,ARMOUR,3391065,https://trendlyne.com/research-reports/stock/3391065/ARMOUR/,0,,,
Anirit Ventures Ltd Partly Paidup,890231,3394391,https://trendlyne.com/research-reports/stock/3394391/890231/,0,,,
Krishival Foods Ltd Partly Paidup,KRISHPP,3394392,https://trendlyne.com/research-reports/stock/3394392/KRISHPP/,0,,,
Aritas Vinyl Ltd,17410002,3394800,https://trendlyne.com/research-reports/stock/3394800/17410002/,0,,,
Krm Ayurveda Ltd,KRMAYURVED,3396101,https://trendlyne.com/research-reports/stock/3396101/KRMAYURVED/,0,,,
Univa Foods Ltd,UNIVAFOODS,572,https://trendlyne.com/research-reports/stock/572/UNIVAFOODS/,129334880,,,
Digilogic Systems Ltd,13193382,3397048,https://trendlyne.com/research-reports/stock/3397048/13193382/,0,,,
Shayona Engineering Ltd,13521252,3399009,https://trendlyne.com/research-reports/stock/3399009/13521252/,0,,,
Hannah Joseph Hospital Ltd,16550821,3401731,https://trendlyne.com/research-reports/stock/3401731/16550821/,0,,,
Accretion Nutraveda Ltd,12070208,3403090,https://trendlyne.com/research-reports/stock/3403090/12070208/,0,,,
Kasturi Metal Composite Ltd,15990154,3403091,https://trendlyne.com/research-reports/stock/3403091/15990154/,0,,,
Msafe Equipments Ltd,13521321,3405349,https://trendlyne.com/research-reports/stock/3405349/13521321/,0,,,
Kanishk Aluminium India Ltd,15040065,3405350,https://trendlyne.com/research-reports/stock/3405350/15040065/,0,,,
C K K Retail Mart Ltd,CKKRETAIL,3406015,https://trendlyne.com/research-reports/stock/3406015/CKKRETAIL/,0,,,
Biopol Chemicals Ltd,BIOPOL,3407868,https://trendlyne.com/research-reports/stock/3407868/BIOPOL/,0,,,
Brandman Retail Ltd,BRANDMAN,3416577,https://trendlyne.com/research-reports/stock/3416577/BRANDMAN/,0,,,
Grover Jewells Ltd,GJL,3416578,https://trendlyne.com/research-reports/stock/3416578/GJL/,0,,,
Pan Hr Solution Ltd,16692009,3417697,https://trendlyne.com/research-reports/stock/3417697/16692009/,0,,,
Creative Eye Ltd,CREATIVEYE,289,https://trendlyne.com/research-reports/stock/289/CREATIVEYE/,127940339,,,
Marushika Technology Ltd,MARUSHIKA,3418950,https://trendlyne.com/research-reports/stock/3418950/MARUSHIKA/,0,,,
Impex Ferro Tech Ltd,IMPEXFERRO,604,https://trendlyne.com/research-reports/stock/604/IMPEXFERRO/,121515805,,,
Fractal Industries Ltd,16070398,3425416,https://trendlyne.com/research-reports/stock/3425416/16070398/,0,,,
Antarctica Ltd,ANTGRAPHIC,87,https://trendlyne.com/research-reports/stock/87/ANTGRAPHIC/,117807295,,,
Winsome Yarns Ltd,WINSOME,1524,https://trendlyne.com/research-reports/stock/1524/WINSOME/,117550770,,,
Tijaria Polypipes Ltd,TIJARIA,1394,https://trendlyne.com/research-reports/stock/1394/TIJARIA/,117221310,,,
Ortin Global Ltd,ORTINGLOBE,1765,https://trendlyne.com/research-reports/stock/1765/ORTINGLOBE/,115547081,,,
Educomp Solutions Ltd,EDUCOMP,359,https://trendlyne.com/research-reports/stock/359/EDUCOMP/,113894467,,,
Lakshmi Precision Screws Ltd,LAKPRE,778,https://trendlyne.com/research-reports/stock/778/LAKPRE/,108905113,,,
Yashhtej Industries India Ltd,17156959,3431589,https://trendlyne.com/research-reports/stock/3431589/17156959/,0,,,
Mobilise App Lab Ltd,MOBILISE,3432202,https://trendlyne.com/research-reports/stock/3432202/MOBILISE/,0,,,
Manilam Industries India Ltd,MANILAM,3432675,https://trendlyne.com/research-reports/stock/3432675/MANILAM/,0,,,
Accord Transformer Switchgear Ltd,13140067,3432676,https://trendlyne.com/research-reports/stock/3432676/13140067/,0,,,
Dcm Financial Services Ltd,DCMFINSERV,2476,https://trendlyne.com/research-reports/stock/2476/DCMFINSERV/,103545249,,,
Kiaasa Retail Ltd,10780051,3433888,https://trendlyne.com/research-reports/stock/3433888/10780051/,0,,,
Silgo Retail Ltd Partly Paidup,SILGOPP,3434772,https://trendlyne.com/research-reports/stock/3434772/SILGOPP/,0,,,
Yaap Digital Ltd,YAAP,3435295,https://trendlyne.com/research-reports/stock/3435295/YAAP/,0,,,
Shyam Telecom Ltd,SHYAMTEL,1234,https://trendlyne.com/research-reports/stock/1234/SHYAMTEL/,100614998,,,
Striders Impex Ltd,STRIDERS,3436724,https://trendlyne.com/research-reports/stock/3436724/STRIDERS/,0,,,
Acetech E Commerce Ltd,ACETEC,3441358,https://trendlyne.com/research-reports/stock/3441358/ACETEC/,0,,,
Mt Educare Ltd,MTEDUCARE,887,https://trendlyne.com/research-reports/stock/887/MTEDUCARE/,97171926,,,
Pvv Infra Ltd Partly Paid Up,890233,3443677,https://trendlyne.com/research-reports/stock/3443677/890233/,0,,,
Elfin Agro India Ltd,11290694,3445233,https://trendlyne.com/research-reports/stock/3445233/11290694/,0,,,
Srinibas Pradhan Constructions Ltd,SPCON,3445234,https://trendlyne.com/research-reports/stock/3445234/SPCON/,0,,,
Premier Ltd,PREMIER,1068,https://trendlyne.com/research-reports/stock/1068/PREMIER/,91592924,,,
Compuage Infocom Ltd,COMPINFO,277,https://trendlyne.com/research-reports/stock/277/COMPINFO/,85571730,,,
Omkar Speciality Chemicals Ltd,OMKARCHEM,970,https://trendlyne.com/research-reports/stock/970/OMKARCHEM/,81694676,,,
Apsis Aerocom Ltd,APSISAERO,3449240,https://trendlyne.com/research-reports/stock/3449240/APSISAERO/,0,,,
Novus Loyalty Ltd,13193332,3453567,https://trendlyne.com/research-reports/stock/3453567/13193332/,0,,,
Ortel Communications Ltd,ORTEL,1578,https://trendlyne.com/research-reports/stock/1578/ORTEL/,53422578,,,
Tipco Engineering India Ltd,13521285,3457157,https://trendlyne.com/research-reports/stock/3457157/13521285/,0,,,
Setubandhan Infrastructure Ltd,SETUINFRA,1063,https://trendlyne.com/research-reports/stock/1063/SETUINFRA/,50271302,,,
Quintegra Solutions Ltd,QUINTEGRA,1088,https://trendlyne.com/research-reports/stock/1088/QUINTEGRA/,45546752,,,
Bharatiya Global Infomedia Ltd,BGLOBAL,181,https://trendlyne.com/research-reports/stock/181/BGLOBAL/,45349728,,,
Speciality Medicines Ltd,12541924,3461703,https://trendlyne.com/research-reports/stock/3461703/12541924/,0,,,
Rajvir Industries Ltd,RAJVIR,1100,https://trendlyne.com/research-reports/stock/1100/RAJVIR/,37610262,,,
Highness Microelectronics Ltd,13110362,3463251,https://trendlyne.com/research-reports/stock/3463251/13110362/,0,,,
Nfp Sampoorna Foods Ltd,SAMPOORNA,3403089,https://trendlyne.com/research-reports/stock/3403089/SAMPOORNA/,0,,,
Skyways Air Services Ltd,16691467,3448664,https://trendlyne.com/research-reports/stock/3448664/16691467/,0,,,
Quant Money Managers Ltd,14050068,3459759,https://trendlyne.com/research-reports/stock/3459759/14050068/,0,,,
Franklin Templeton Asset Management India Pvt Ltd,14050593,3459760,https://trendlyne.com/research-reports/stock/3459760/14050593/,0,,,
Baroda Bnp Paribas Asset Management India Pvt Ltd,14050605,3459761,https://trendlyne.com/research-reports/stock/3459761/14050605/,0,,,
Invesco Asset Management India Pvt Ltd,14052349,3459762,https://trendlyne.com/research-reports/stock/3459762/14052349/,0,,,
Motilal Oswal Asset Management Company Ltd,14055552,3459763,https://trendlyne.com/research-reports/stock/3459763/14055552/,0,,,
360 One Asset Management Ltd,14056412,3459764,https://trendlyne.com/research-reports/stock/3459764/14056412/,0,,,
Taurus Asset Management Co Ltd,14050592,3459765,https://trendlyne.com/research-reports/stock/3459765/14050592/,0,,,
Bank Of India Investment Managers Pvt Ltd,14054146,3459766,https://trendlyne.com/research-reports/stock/3459766/14054146/,0,,,
Bandhan Amc Ltd,14054286,3459767,https://trendlyne.com/research-reports/stock/3459767/14054286/,0,,,
Groww Asset Management Ltd,14011040,3459768,https://trendlyne.com/research-reports/stock/3459768/14011040/,0,,,
Axis Asset Management Company Ltd,14055447,3459769,https://trendlyne.com/research-reports/stock/3459769/14055447/,0,,,
Pgim India Asset Management Pvt Ltd,14055706,3459770,https://trendlyne.com/research-reports/stock/3459770/14055706/,0,,,
Union Asset Management Company Pvt Ltd,14056297,3459771,https://trendlyne.com/research-reports/stock/3459771/14056297/,0,,,
Il Fs Infra Asset Management Ltd,14059168,3459772,https://trendlyne.com/research-reports/stock/3459772/14059168/,0,,,
Ppfas Asset Management Pvt Ltd,14057562,3459773,https://trendlyne.com/research-reports/stock/3459773/14057562/,0,,,
Whiteoak Capital Asset Management Ltd,14094918,3459774,https://trendlyne.com/research-reports/stock/3459774/14094918/,0,,,
Nj Asset Management Pvt Ltd,140517377,3459775,https://trendlyne.com/research-reports/stock/3459775/140517377/,0,,,
Zerodha Asset Management Pvt Ltd,140518502,3459776,https://trendlyne.com/research-reports/stock/3459776/140518502/,0,,,
Helios Capital Asset Management India Pvt Ltd,140518504,3459777,https://trendlyne.com/research-reports/stock/3459777/140518504/,0,,,
Old Bridge Asset Management Pvt Ltd,140518532,3459778,https://trendlyne.com/research-reports/stock/3459778/140518532/,0,,,
Trust Asset Management Pvt Ltd,140516996,3459779,https://trendlyne.com/research-reports/stock/3459779/140516996/,0,,,
Mahindra Manulife Investment Management Pvt Ltd,140513771,3459780,https://trendlyne.com/research-reports/stock/3459780/140513771/,0,,,
Bajaj Finserv Asset Management Ltd,140518356,3459781,https://trendlyne.com/research-reports/stock/3459781/140518356/,0,,,
Angel One Asset Management Company Ltd,140519153,3459782,https://trendlyne.com/research-reports/stock/3459782/140519153/,0,,,
Unifi Asset Management Pvt Ltd,140519155,3459783,https://trendlyne.com/research-reports/stock/3459783/140519155/,0,,,
Tata Asset Management Ltd,14050586,3460516,https://trendlyne.com/research-reports/stock/3460516/14050586/,0,,,
Jm Financial Asset Management Ltd,14050597,3460517,https://trendlyne.com/research-reports/stock/3460517/14050597/,0,,,
Dsp Asset Managers Pvt Ltd,14050601,3460518,https://trendlyne.com/research-reports/stock/3460518/14050601/,0,,,
Quantum Asset Management Co Pvt Ltd,14052124,3460519,https://trendlyne.com/research-reports/stock/3460519/14052124/,0,,,
Navi Amc Ltd,14055525,3460520,https://trendlyne.com/research-reports/stock/3460520/14055525/,0,,,
Sundaram Asset Management Company Ltd,14060001.04,3460521,https://trendlyne.com/research-reports/stock/3460521/14060001.04/,0,,,
Edelweiss Asset Management Ltd,14054250,3460522,https://trendlyne.com/research-reports/stock/3460522/14054250/,0,,,
Kotak Mahindra Asset Management Company Ltd,14060005.04,3460523,https://trendlyne.com/research-reports/stock/3460523/14060005.04/,0,,,
Sbi Funds Management Ltd,14050610,3460524,https://trendlyne.com/research-reports/stock/3460524/14050610/,0,,,
Hsbc Asset Management India Pvt Ltd,14051204,3460525,https://trendlyne.com/research-reports/stock/3460525/14051204/,0,,,
Mirae Asset Investment Managers India Pvt Ltd,14053747,3460526,https://trendlyne.com/research-reports/stock/3460526/14053747/,0,,,
Abakkus Investment Managers Pvt Ltd,140519575,3460527,https://trendlyne.com/research-reports/stock/3460527/140519575/,0,,,
Choice Amc Pvt Ltd,140519605,3460528,https://trendlyne.com/research-reports/stock/3460528/140519605/,0,,,
Jio Blackrock Asset Management Pvt Ltd,140519398,3460529,https://trendlyne.com/research-reports/stock/3460529/140519398/,0,,,
Iti Asset Management Ltd,140515848,3460530,https://trendlyne.com/research-reports/stock/3460530/140515848/,0,,,
Samco Asset Management Pvt Ltd,140517453,3460531,https://trendlyne.com/research-reports/stock/3460531/140517453/,0,,,
Capitalmind Asset Management Pvt Ltd,140519380,3460532,https://trendlyne.com/research-reports/stock/3460532/140519380/,0,,,
Wealth Company Asset Management Holdings Pvt Ltd,140519546,3460533,https://trendlyne.com/research-reports/stock/3460533/140519546/,0,,,
Vivid Electromech Ltd,VIVIDEL,3464471,https://trendlyne.com/research-reports/stock/3464471/VIVIDEL/,0,,,
Emiac Technologies Ltd,13193330,3464798,https://trendlyne.com/research-reports/stock/3464798/13193330/,0,,,
Safety Controls Devices Ltd,13150302,3471765,https://trendlyne.com/research-reports/stock/3471765/13150302/,0,,,
Property Share Investment Trust Propshare Celestia Reit,17200029,3471766,https://trendlyne.com/research-reports/stock/3471766/17200029/,0,,,
Bse Oil Gas,BSEOIL&GAS,4507,https://trendlyne.com/research-reports/stock/4507/BSEOIL&GAS/,0,,,
S P Bse India Infrastructure,S&PBSEINFRA.,4575,https://trendlyne.com/research-reports/stock/4575/S&PBSEINFRA./,0,,,
S P Bse Cpse,S&PBSECPSE,4576,https://trendlyne.com/research-reports/stock/4576/S&PBSECPSE/,0,,,
S P Bse Large Midcap,S&PBSELARGE,4577,https://trendlyne.com/research-reports/stock/4577/S&PBSELARGE/,0,,,
S P Bse Midsmallcap,S&PBSEMIDSMALL,4578,https://trendlyne.com/research-reports/stock/4578/S&PBSEMIDSMALL/,0,,,
